timestamp,endpoint,nansen_request_id,http_status,credits,latency_ms,context,ok
2026-09-19T17:28:16.013Z,tgm/flow-intelligence,613ee77de15f37797a2cf86d0b7d440e,200,1,1855,investigation,1
2026-09-19T17:28:16.736Z,tgm/flow-intelligence,04cc672aed870354ac10c92ddba73a51,200,1,718,investigation,1
2026-09-19T17:28:18.072Z,tgm/flow-intelligence,0053366b048d084901a535474222ef5e,200,1,1334,investigation,1
2026-09-19T17:28:18.937Z,tgm/flow-intelligence,47d103542bb8532b3678bb6847243a3f,200,1,861,investigation,1
2026-09-19T17:28:19.687Z,tgm/flow-intelligence,fa2d4b7f7ae7d7758bf57744a60fc54a,200,1,746,investigation,1
2026-09-19T17:28:21.156Z,tgm/flow-intelligence,1086634f6d059507bdb76e136b4d2676,200,1,1464,investigation,1
2026-09-19T17:28:22.702Z,tgm/flows,69cbb157b51a88605fec6f4e8f05624e,200,1,1526,investigation,1
2026-09-19T17:28:23.891Z,tgm/who-bought-sold,42c643468082614aca05541aab91f51d,200,1,1094,investigation,1
2026-09-19T17:28:25.524Z,tgm/token-ohlcv,778b3738c733f3013d3d0371b9517b7e,200,1,1597,investigation,1
2026-09-19T17:29:06.544Z,tgm/flow-intelligence,4d2a951d10289a5531ee291859b9f473,200,1,1259,monitoring,1
2026-09-19T17:29:08.507Z,tgm/token-ohlcv,2157616d6beb097c1e8aa6686f81f60a,200,1,1947,monitoring,1
2026-09-19T17:29:09.246Z,tgm/flow-intelligence,d547301d63068d66b4dcb953b6de106a,200,1,734,monitoring,1
2026-09-19T17:29:10.199Z,tgm/flow-intelligence,eed5f2697403500eeae7d941296d6869,200,1,949,monitoring,1
2026-09-19T17:29:11.123Z,tgm/who-bought-sold,98da43647fbdba36c677fe3c19ad091f,200,1,917,monitoring,1
2026-09-19T17:41:26.761Z,search/general,5778a27a6fda9401bfc88326490dda3d,200,0,7964,search,1
2026-09-19T17:41:26.780Z,search/general,73e9783044ec6957d7e34335d654ae62,200,0,6538,search,1
2026-09-19T17:41:26.962Z,search/general,e82ad766c3b0f9208da64a42c5540223,200,0,7304,search,1
2026-09-19T17:41:27.279Z,search/general,422dcc25018de24bf30edc74e897cc13,200,0,8444,search,1
2026-09-19T17:41:45.008Z,search/general,f7c4d3635c8e28264c8379692bcdfe7c,200,0,1049,search,1
2026-09-19T17:41:45.265Z,search/general,955a5b0da15ec750b0cd74555c87020a,200,0,924,search,1
2026-09-19T17:41:45.924Z,search/general,60b34f1f11435812cd9d1244d9975839,200,0,798,search,1
2026-09-19T18:15:20.525Z,search/general,3eb0511028b295765245b151d7f78933,200,0,8292,search,1
2026-09-19T18:17:35.305Z,tgm/flow-intelligence,1fe1893f7aea0571484174772084d966,200,1,2452,investigation,1
2026-09-19T18:17:37.017Z,tgm/flow-intelligence,00cf765ea406cc2fee197e6ee4fc7c2e,200,1,1697,investigation,1
2026-09-19T18:17:38.763Z,tgm/flow-intelligence,b9345349894262029d45911646692f00,200,1,1723,investigation,1
2026-09-19T18:17:40.773Z,tgm/flow-intelligence,9f31bc6412d95d1de827d455d560af59,200,1,1992,investigation,1
2026-09-19T18:17:43.058Z,tgm/flow-intelligence,cba763621e5db81bc61c395b6ad91f47,200,1,2263,investigation,1
2026-09-19T18:17:45.594Z,tgm/flow-intelligence,e5c7336380a217167eee946869e23907,200,1,2518,investigation,1
2026-09-19T18:17:48.593Z,tgm/flows,5cd9b0235d394f78ba132a420055c93c,200,1,2276,investigation,1
2026-09-19T18:17:49.511Z,tgm/who-bought-sold,f01d56027f7b2a7844a63541d97dc353,200,1,866,investigation,1
2026-09-19T18:17:51.594Z,tgm/token-ohlcv,33b2a46b49f92e255090c760471e7a4d,200,1,1912,investigation,1
2026-09-19T19:00:57.972Z,search/general,ec55e559555144291f918f75ae21af65,200,0,2962,search,1
2026-09-19T19:00:58.020Z,search/general,d9fabf2449b1c84730d2e9317d5c0a09,200,0,3725,search,1
2026-09-19T19:00:58.037Z,search/general,bcd04c1c79a08b66763ceb075fa37702,200,0,3440,search,1
2026-09-19T19:00:58.127Z,search/general,357c8c606c0ced6cec9ad5195aad7c0c,200,0,2585,search,1
2026-09-19T19:00:58.132Z,search/general,003f020e6af00c55baa1f17cd291335f,200,0,2346,search,1
2026-09-19T19:01:18.153Z,search/general,306add6a84845e78527e3c0ea690f72d,200,0,1902,search,1
2026-09-19T19:01:18.164Z,search/general,f66b620c119fb40d5882c87e558b8548,200,0,1557,search,1
2026-09-19T19:01:36.951Z,search/general,3e63e94cf45577063ca6331b2d311463,200,0,1165,search,1
2026-09-19T19:03:20.906Z,search/general,6dd7cb0fbf07f1332d434546957e9d11,200,0,1327,search,1
2026-09-19T19:03:36.856Z,search/general,b4d2f77fe00bc700ee2f59380916452d,200,0,1659,search,1
2026-09-19T19:03:37.800Z,search/general,e43ed817bfb18e3f4c16952f557f451d,200,0,2191,search,1
2026-09-19T19:03:55.354Z,search/general,23ca0d4ad3a11c0bdc82172d87e6e806,200,0,947,search,1
2026-09-19T19:04:06.647Z,search/general,e97f54284fea875d8189d93fd6469567,200,0,938,search,1
2026-09-19T19:04:07.462Z,search/general,68ddb32b6411f969b2ba243c768cca3d,200,0,560,search,1
2026-09-19T19:04:07.761Z,search/general,0a4a7b0aac637125d724e31c1e18b831,200,0,1601,search,1
2026-09-19T19:07:46.428Z,tgm/flow-intelligence,f6b41e5761d1f42887a214581fe9fd67,200,1,5612,investigation,1
2026-09-19T19:07:47.310Z,tgm/flow-intelligence,59d2de231903ed64f24b085066404a48,200,1,869,investigation,1
2026-09-19T19:07:48.566Z,tgm/flow-intelligence,cceb3238292b4e7b26ccb80cb3f87938,200,1,1247,investigation,1
2026-09-19T19:07:49.539Z,tgm/flow-intelligence,c7077e5604e1f6533dfb193c06c58d3c,200,1,959,investigation,1
2026-09-19T19:07:50.450Z,tgm/flow-intelligence,886b9d1f55d5ab7f5e3c425bfa0b602a,200,1,903,investigation,1
2026-09-19T19:07:51.563Z,tgm/flow-intelligence,cd0ecd03286b01658272cb4e205a891c,200,1,1107,investigation,1
2026-09-19T19:07:52.975Z,tgm/flows,c89700540b0c38544e6041185515f944,200,1,1364,investigation,1
2026-09-19T19:07:56.662Z,tgm/who-bought-sold,c7c5af5a6473a319e8012105fa2c3a5d,200,1,3269,investigation,1
2026-09-19T19:07:58.563Z,tgm/token-ohlcv,d206172de5ed5a768d1aba6a68858d09,200,1,1892,investigation,1
2026-09-19T19:13:39.486Z,tgm/flow-intelligence,3ccaa43f7201e5242c98dc439e730b73,200,1,2267,monitoring,1
2026-09-19T19:13:41.317Z,tgm/token-ohlcv,d741cd7869e93439f0a11d7d8c50b653,200,1,1577,monitoring,1
2026-09-19T19:13:42.354Z,tgm/flow-intelligence,b5a4cc0f69e88a7843ce145755fc1624,200,1,1032,monitoring,1
2026-09-19T19:13:43.560Z,tgm/flow-intelligence,fb3428169b2ed9281ae3cf01b12a1b56,200,1,1200,monitoring,1
2026-09-19T19:13:44.234Z,tgm/who-bought-sold,5e55b25cc504a44b6dddb11b496fc026,403,0,668,monitoring,0
2026-09-19T20:52:12.364Z,tgm/flow-intelligence,50067139b6281517a7339a296f0d8361,200,1,3032,investigation,1
2026-09-19T20:52:16.201Z,tgm/flow-intelligence,2f9d257a1eec2d66fe303126468bd115,200,1,3833,investigation,1
2026-09-19T20:52:22.620Z,tgm/flow-intelligence,5de6842c42b5e51e3a98cd51c5c18336,200,1,6415,investigation,1
2026-09-19T20:52:29.171Z,tgm/flow-intelligence,c583212d6198352358b0606cb9247f4b,200,1,6549,investigation,1
2026-09-19T20:52:30.090Z,tgm/flow-intelligence,aa3cd44e21e22e46c77be02461128c57,200,1,917,investigation,1
2026-09-19T20:52:40.164Z,tgm/flow-intelligence,eedeaf0e1d8e7a5dff9a0e41b3e12160,200,1,10071,investigation,1
2026-09-19T20:52:46.741Z,tgm/who-bought-sold,ab6386147c7a9b1aa1c30d37f2c2cb67,200,1,6542,investigation,1
2026-09-19T20:52:48.190Z,tgm/token-ohlcv,76ac0b14dadaf50d7b08af00636b811b,200,1,1154,investigation,1
2026-09-19T20:52:52.637Z,tgm/flow-intelligence,28f21241544bef39259e9e07847d0965,200,1,763,investigation,1
2026-09-19T20:52:53.540Z,tgm/flow-intelligence,e886573b681cf64e45e8bd5c811a6a2b,200,1,900,investigation,1
2026-09-19T20:52:54.339Z,tgm/flow-intelligence,b432541389a88234dd56026182f80d6b,200,1,797,investigation,1
2026-09-19T20:52:55.061Z,tgm/flow-intelligence,b3597522e76324266de31a1df712b572,200,1,719,investigation,1
2026-09-19T20:52:55.965Z,tgm/flow-intelligence,e7205b784feb686f37babe022d77ad4a,200,1,901,investigation,1
2026-09-19T20:52:56.940Z,tgm/flow-intelligence,6828f51eeb12b02b5a4711519182641d,200,1,972,investigation,1
2026-09-19T20:53:01.074Z,tgm/flows,18c0ef478b355e421bef00322006ff48,200,1,3885,investigation,1
2026-09-19T20:53:01.655Z,tgm/who-bought-sold,1d1ef20c88aff30525556a0f3054a335,200,1,552,investigation,1
2026-09-19T20:53:02.929Z,tgm/token-ohlcv,f72d076c7da734528966f64ff22de373,200,1,1266,investigation,1
2026-09-19T20:53:05.938Z,tgm/flow-intelligence,76711b3efb07db4e2bce7a2964e75706,200,1,813,investigation,1
2026-09-19T20:53:06.754Z,tgm/flow-intelligence,b2468133de36035f9e69f929c5cef82b,200,1,815,investigation,1
2026-09-19T20:53:08.035Z,tgm/flow-intelligence,a6c5a500948f8745e4e6a135501e5469,200,1,1277,investigation,1
2026-09-19T20:53:08.708Z,tgm/flow-intelligence,8472a7002f7c86422504b12e51b56b06,200,1,670,investigation,1
2026-09-19T20:53:09.084Z,tgm/flow-intelligence,9756443bc1f9766f77ac8b7d10f0b036,200,1,375,investigation,1
2026-09-19T20:53:09.995Z,tgm/flow-intelligence,6f98950611e54e56d6937026b11f456c,200,1,680,investigation,1
2026-09-19T20:53:10.794Z,tgm/flows,da260f5b47cd5671ff6fbb7cb05dc41e,200,1,726,investigation,1
2026-09-19T20:53:11.650Z,tgm/who-bought-sold,1b27d3693d924963b9643f23a59def69,200,1,835,investigation,1
2026-09-19T20:53:12.980Z,tgm/token-ohlcv,4884be6914cf77146684a665d1a6c363,200,1,1309,investigation,1
2026-09-19T20:53:17.608Z,tgm/flow-intelligence,b614a03d02db7e520acac05d6ef40579,200,1,866,investigation,1
2026-09-19T20:53:18.352Z,tgm/flow-intelligence,17070023c981d12681226a4b120d273c,200,1,742,investigation,1
2026-09-19T20:53:19.312Z,tgm/flow-intelligence,c62c814b1b32786a0219ce44d6a0d95e,200,1,797,investigation,1
2026-09-19T20:53:20.088Z,tgm/flow-intelligence,6db2f1027df0d74992bd730984b9f125,200,1,727,investigation,1
2026-09-19T20:53:20.443Z,tgm/flow-intelligence,5a4d4276a015bf6c3f6c9158207ac341,200,1,352,investigation,1
2026-09-19T20:53:21.360Z,tgm/flow-intelligence,09a7896e483042509687ce5752752a3d,200,1,770,investigation,1
2026-09-19T20:53:22.385Z,tgm/flows,fa7fa835510a4a4e21d0ce323365fb39,200,1,929,investigation,1
2026-09-19T20:53:23.963Z,tgm/who-bought-sold,fb40e715f407be19abb6df5999aafb29,200,1,616,investigation,1
2026-09-19T20:53:24.929Z,tgm/token-ohlcv,08e85c33ed301000802b9d09af6c9b2a,200,1,956,investigation,1
2026-09-19T20:53:26.487Z,tgm/flow-intelligence,c1b7c770453a8b07617093735529cf7f,200,1,653,investigation,1
2026-09-19T20:53:27.457Z,tgm/flow-intelligence,850fa70d82aa8d5ea038c94270c6b62d,200,1,968,investigation,1
2026-09-19T20:53:28.318Z,tgm/flow-intelligence,0702ff6d2bd010632d323053a8657c05,200,1,858,investigation,1
2026-09-19T20:53:29.355Z,tgm/flow-intelligence,39802c027ca38217e6504e5b04c12301,200,1,834,investigation,1
2026-09-19T20:53:29.840Z,tgm/flow-intelligence,b5b7db13e79e596a878efd64ca171062,200,1,340,investigation,1
2026-09-19T20:53:30.675Z,tgm/flow-intelligence,fb8ae45f37b87c4cd9e7f95bb28cc833,200,1,833,investigation,1
2026-09-19T20:53:31.689Z,tgm/flows,5a923b2c9863656a88f39d46d1a34533,200,1,989,investigation,1
2026-09-19T20:53:32.603Z,tgm/who-bought-sold,3a0896331fd911141dd03554a48f2147,200,1,909,investigation,1
2026-09-19T20:53:33.873Z,tgm/token-ohlcv,d556fb5af34cbd22101ae03a5e43ef7e,200,1,981,investigation,1
2026-09-19T20:53:35.760Z,tgm/flow-intelligence,393ff74313cc98267d68ca2f0519ec00,200,1,650,investigation,1
2026-09-19T20:53:36.444Z,tgm/flow-intelligence,d53e4a39858ead6588210e4ac70cf073,200,1,682,investigation,1
2026-09-19T20:53:37.359Z,tgm/flow-intelligence,1876102b925a072d573cf57347b7a518,200,1,741,investigation,1
2026-09-19T20:53:38.361Z,tgm/flow-intelligence,8153a866db5cde0058636d5366bb7274,200,1,999,investigation,1
2026-09-19T20:53:39.024Z,tgm/flow-intelligence,f6097c08472a45565057a876df9ad835,200,1,662,investigation,1
2026-09-19T20:53:39.755Z,tgm/flow-intelligence,0ac8a5572f2bbf740bf4212ce6b63f67,200,1,728,investigation,1
2026-09-19T20:53:40.616Z,tgm/flows,df0b4177cd153b0dbbcc7650719f9328,200,1,857,investigation,1
2026-09-19T20:53:41.250Z,tgm/who-bought-sold,bdf67e247efd1e389260e877ea5c0346,200,1,617,investigation,1
2026-09-19T20:53:42.257Z,tgm/token-ohlcv,acbe787a63fadc3545c10c5e5a7b4b39,200,1,768,investigation,1
2026-09-19T20:53:44.440Z,tgm/flow-intelligence,f98bdd49c0e27a2d4cb2f35133fc4512,200,1,782,investigation,1
2026-09-19T20:53:45.396Z,tgm/flow-intelligence,576b2619df91001fb7a4353e5da2b45a,200,1,955,investigation,1
2026-09-19T20:53:46.314Z,tgm/flow-intelligence,dc70f407c53207348d9dd352b4a68622,200,1,722,investigation,1
2026-09-19T20:53:47.087Z,tgm/flow-intelligence,ff4694164880cf6e1b80174ee165a148,200,1,770,investigation,1
2026-09-19T20:53:47.912Z,tgm/flow-intelligence,645cf42c5b14c263d92e861daff48965,200,1,597,investigation,1
2026-09-19T20:53:48.600Z,tgm/flow-intelligence,5b6fa2277ddf562ac44d364567db153f,200,1,683,investigation,1
2026-09-19T20:53:49.289Z,tgm/flows,2ca5ea73447dce464d97a0430b71bf55,200,1,646,investigation,1
2026-09-19T20:53:50.071Z,tgm/who-bought-sold,c6ecb20d0c4b31279b441c60215c5535,200,1,613,investigation,1
2026-09-19T20:53:50.826Z,tgm/token-ohlcv,cd95b4708d5d116e391fdf5f683e0440,200,1,733,investigation,1
2026-09-19T20:53:55.317Z,tgm/flow-intelligence,2613190ab0557963a862673a3d7ada36,200,1,910,investigation,1
2026-09-19T20:53:56.283Z,tgm/flow-intelligence,171ab1158c3a442650143d36837ce010,200,1,962,investigation,1
2026-09-19T20:53:57.243Z,tgm/flow-intelligence,a2731006b221c67d48a9c50f94353c13,200,1,958,investigation,1
2026-09-19T20:53:58.197Z,tgm/flow-intelligence,614b7d4a7a55ee0a4feeeb31854e835e,200,1,952,investigation,1
2026-09-19T20:53:59.040Z,tgm/flow-intelligence,e0b556584f8faa103b341610c6901d6e,200,1,841,investigation,1
2026-09-19T20:53:59.806Z,tgm/flow-intelligence,43f6235c35bedf72a0714a4fd2546752,200,1,763,investigation,1
2026-09-19T20:54:01.162Z,tgm/flows,a389a05838e91b2e37fe78233e96eb0f,200,1,1297,investigation,1
2026-09-19T20:54:02.044Z,tgm/who-bought-sold,6bbfc177ad106f28f7df74253e99bb5e,200,1,875,investigation,1
2026-09-19T20:54:03.003Z,tgm/token-ohlcv,29c7c64d006ae67ac22dbd0e1600f63b,200,1,952,investigation,1
2026-09-19T20:56:26.180Z,tgm/flow-intelligence,ef9c297cb0a5975d0a05fb144024260c,200,1,1643,monitoring,1
2026-09-19T20:56:26.883Z,tgm/token-ohlcv,80434f78501cf6764b8aa23d6fe07874,200,1,701,monitoring,1
2026-09-19T20:56:28.154Z,tgm/flow-intelligence,508f5e0dd0638f5dd6fcd507dea3ff2a,200,1,1263,monitoring,1
2026-09-19T20:56:29.880Z,tgm/token-ohlcv,36d19e24fa0b0162c4b3512a8070265d,200,1,1721,monitoring,1
2026-09-19T20:56:30.267Z,tgm/flow-intelligence,c98142648b1a977f0933b4714f23de26,200,1,378,monitoring,1
2026-09-19T20:56:31.119Z,tgm/token-ohlcv,6c93d16a0bddbf79eab4fc350214c55c,200,1,843,monitoring,1
2026-09-19T20:56:31.869Z,tgm/flow-intelligence,94cf6f7bed81c855e9fe080476625c1f,200,1,748,monitoring,1
2026-09-19T20:56:43.590Z,tgm/flow-intelligence,c77a394be3cef91688dac117fdf8e118,200,1,11717,monitoring,1
2026-09-19T20:56:44.510Z,tgm/flow-intelligence,04bf8919b411a95912fd421e145a907d,200,1,907,monitoring,1
2026-09-19T20:56:45.582Z,tgm/token-ohlcv,059a5f343eaf1b27d06b36221bd7a30d,200,1,1068,monitoring,1
2026-09-19T20:56:46.649Z,tgm/flow-intelligence,26dbef3c486ac12da63d74212a9a7956,200,1,1064,monitoring,1
2026-09-19T20:56:48.036Z,tgm/flow-intelligence,e696792c0d08e91a17ff1a5814946d55,200,1,1384,monitoring,1
2026-09-19T20:56:48.808Z,tgm/who-bought-sold,734dcc1f8a8a2c780639e73b4f97d131,200,1,769,monitoring,1
2026-09-19T20:56:49.294Z,tgm/flow-intelligence,153b2d01fe2aab33c36d575212b79708,200,1,344,monitoring,1
2026-09-19T20:56:50.127Z,tgm/token-ohlcv,b66562730262612684b9676a9baa6966,200,1,796,monitoring,1
2026-09-19T20:56:50.843Z,tgm/flow-intelligence,31847f403ef9f65803d43f6a164c633a,200,1,511,monitoring,1
2026-09-19T20:56:51.834Z,tgm/flow-intelligence,7397a751bdf2354001aea668e6e47371,200,1,983,monitoring,1
2026-09-19T20:56:52.572Z,tgm/who-bought-sold,d4b7f9778d697c3553492e73eaf22679,200,1,729,monitoring,1
2026-09-19T20:56:53.331Z,tgm/flow-intelligence,86c070167dc8c6402c89d2788e69c97e,200,1,744,monitoring,1
2026-09-19T20:56:54.040Z,tgm/token-ohlcv,a1445d665383ae797da99b13d2c8dc26,200,1,704,monitoring,1
2026-09-19T20:56:55.250Z,tgm/flow-intelligence,aede826e91acf260b054955f3973aa57,200,1,1207,monitoring,1
2026-09-19T20:56:56.036Z,tgm/flow-intelligence,a8637826acfe53617a6d3434c17c5f12,200,1,781,monitoring,1
2026-09-19T20:56:56.727Z,tgm/who-bought-sold,e188883bc41fa17fb68c661637579321,200,1,688,monitoring,1
2026-09-19T20:56:57.711Z,tgm/flow-intelligence,1cbbd62c3e747516d1cb3245ca99591b,200,1,978,monitoring,1
2026-09-19T20:56:58.337Z,tgm/token-ohlcv,d48c601e32b1db240ca48137a8674f56,200,1,602,monitoring,1
2026-09-19T20:56:59.427Z,tgm/flow-intelligence,e6720805c34da05fb896412f022edf31,200,1,1087,monitoring,1
2026-09-19T20:57:02.316Z,tgm/flow-intelligence,4d4f756781689e3b9123ef7221dcd505,200,1,2885,monitoring,1
2026-09-19T20:57:03.113Z,tgm/who-bought-sold,a772e0220a7f762fdade2d5ae64fbb57,200,1,775,monitoring,1
2026-09-19T20:57:04.268Z,tgm/flow-intelligence,823bb526968eb96af867f46f481f596c,200,1,1144,monitoring,1
2026-09-19T20:57:05.338Z,tgm/token-ohlcv,f62673700caac40b2d25666d8b4ce315,200,1,1015,monitoring,1
2026-09-19T20:57:05.692Z,tgm/flow-intelligence,3fbf773581e9cd76029e17404c638006,200,1,352,monitoring,1
2026-09-19T20:57:07.777Z,tgm/flow-intelligence,8f91d832ebacaf26076c3a6bf18c5952,200,1,2080,monitoring,1
2026-09-19T20:57:09.127Z,tgm/who-bought-sold,50aaa1153e2c726c9c92ef4c941cc20b,200,1,1071,monitoring,1
2026-09-19T20:57:10.078Z,tgm/flow-intelligence,394a234dbb9674566d78041d57a28e24,200,1,942,monitoring,1
2026-09-19T20:57:11.400Z,tgm/token-ohlcv,d7b16e3461c8661e68a516362460b472,200,1,1320,monitoring,1
2026-09-19T20:57:15.834Z,tgm/flow-intelligence,ad229546e34f2b1a63b289143e49635d,200,1,4431,monitoring,1
2026-09-19T20:57:17.935Z,tgm/flow-intelligence,fe593971d05e177b2b0e5c4834a0f70d,200,1,2098,monitoring,1
2026-09-19T20:57:33.443Z,tgm/who-bought-sold,8f27a36c49c9531f7c3b740d01265c19,200,1,7360,monitoring,1
2026-09-19T20:57:34.246Z,tgm/flow-intelligence,2761ac21001597647975881ecea4e87a,200,1,779,monitoring,1
2026-09-19T20:57:35.051Z,tgm/token-ohlcv,d139ca4c72215b1de9c5247fa9ff6c2b,200,1,798,monitoring,1
2026-09-19T20:57:37.029Z,tgm/flow-intelligence,4608446bb71e4660d9869b59b70bc018,200,1,1975,monitoring,1
2026-09-19T20:57:37.892Z,tgm/flow-intelligence,38a8873e0ee0565ac70d8f676110e821,200,1,858,monitoring,1
2026-09-19T20:57:38.949Z,tgm/who-bought-sold,7630634140d20e0dd18670397422502d,200,1,1020,monitoring,1
2026-09-19T21:07:47.344Z,tgm/flow-intelligence,398cf66c2f36ee7ffa4fc675c464b046,200,1,7332,monitoring,1
2026-09-19T21:07:48.540Z,tgm/token-ohlcv,6547a0203bb40a5614b40a604293ac27,200,1,1184,monitoring,1
2026-09-19T21:07:49.519Z,tgm/flow-intelligence,c8f936485ce9e1359601d87ce117e03e,200,1,962,monitoring,1
2026-09-19T21:07:50.922Z,tgm/token-ohlcv,6b90ee63d4e8ac13a7cab31e4c4f2f2a,200,1,1392,monitoring,1
2026-09-19T21:07:52.147Z,tgm/flow-intelligence,75c6097dc6a3c025465b876b0266d127,200,1,1213,monitoring,1
2026-09-19T21:07:53.941Z,tgm/token-ohlcv,bd09027d2352e870f8521d5a94743161,200,1,1733,monitoring,1
2026-09-19T21:07:55.016Z,tgm/flow-intelligence,a5584c33241e4743a0332912a80e4454,200,1,1063,monitoring,1
2026-09-19T21:07:55.771Z,tgm/token-ohlcv,0a69015e5a700c25ac30182614a9ca73,200,1,750,monitoring,1
2026-09-19T21:07:56.860Z,tgm/flow-intelligence,f90da40e5c19996f256ac96cc0de3764,200,1,1079,monitoring,1
2026-09-19T21:07:57.977Z,tgm/token-ohlcv,b4e5d7183c19501fbf209f3acdd8bf2d,200,1,1113,monitoring,1
2026-09-19T21:07:59.021Z,tgm/flow-intelligence,55306d23a059de546af11b00bd67ba16,200,1,1036,monitoring,1
2026-09-19T21:08:00.154Z,tgm/token-ohlcv,79fd5a1935ffb370a932b63b75634f5d,200,1,1118,monitoring,1
2026-09-19T21:08:01.562Z,tgm/flow-intelligence,c663be2160287e387b9b59660e441c52,200,1,1400,monitoring,1
2026-09-19T21:08:03.020Z,tgm/token-ohlcv,70bcd35d0c170658f21f6039eca70804,200,1,1450,monitoring,1
2026-09-19T21:08:04.406Z,tgm/flow-intelligence,5d82f41c881f83687b0811511e46d479,200,1,1377,monitoring,1
2026-09-19T21:08:05.028Z,tgm/token-ohlcv,015ee92aebd0711cc2e03860c893560a,200,1,617,monitoring,1
2026-09-19T21:12:07.075Z,tgm/flow-intelligence,4cd1203b9d776222a4d5b6510fbc2149,200,1,1630,monitoring,1
2026-09-19T21:12:08.448Z,tgm/token-ohlcv,3011ae26c263c827529a632926909516,200,1,1363,monitoring,1
2026-09-19T21:12:09.642Z,tgm/flow-intelligence,0b81f16aa974e232d55350282c1e972e,200,1,1180,monitoring,1
2026-09-19T21:12:11.264Z,tgm/token-ohlcv,a823a51043e4fc2cb6cff862ddeea073,200,1,1615,monitoring,1
2026-09-19T21:18:26.009Z,tgm/flow-intelligence,3e11435019dea6673f7b13176b40b93a,200,1,14111,monitoring,1
2026-09-19T21:18:26.884Z,tgm/token-ohlcv,9f76e23e4ad1b64511c271264d6ced38,200,1,864,monitoring,1
2026-09-19T21:18:28.042Z,tgm/flow-intelligence,bb39d060860fd3425a90716d0cf1c154,200,1,1151,monitoring,1
2026-09-19T21:18:28.844Z,tgm/token-ohlcv,5f2a11074faba35bb36ad810282b6349,200,1,793,monitoring,1
2026-09-19T21:18:30.093Z,tgm/flow-intelligence,83ffc15d364f2e3646164406a0a60049,200,1,1240,monitoring,1
2026-09-19T21:18:31.020Z,tgm/token-ohlcv,ee58117e68bce1208d45402d9813b46b,200,1,920,monitoring,1
2026-09-19T21:18:31.934Z,tgm/flow-intelligence,ed116a502c29b8090e119b62cd99a349,200,1,905,monitoring,1
2026-09-19T21:18:32.450Z,tgm/token-ohlcv,1f7c7d7034b99c081ec43e7f546f6b7b,200,1,510,monitoring,1
2026-09-19T21:18:33.378Z,tgm/flow-intelligence,a6cc5e7734b9a977b284374383ffd739,200,1,912,monitoring,1
2026-09-19T21:18:34.122Z,tgm/token-ohlcv,beec234f551f21726c154345c6490256,200,1,736,monitoring,1
2026-09-19T21:18:34.974Z,tgm/flow-intelligence,0065ff4abac6e07d3a86716aa7315e42,200,1,814,monitoring,1
2026-09-19T21:18:35.523Z,tgm/token-ohlcv,0a8f9243186d53268edca7748de45075,200,1,544,monitoring,1
2026-09-19T21:18:36.651Z,tgm/flow-intelligence,c35ea4328a7edb0b538d075acc042602,200,1,1114,monitoring,1
2026-09-19T21:18:37.269Z,tgm/token-ohlcv,c2569560f28cf05613da7c2716bf1b4d,200,1,612,monitoring,1
2026-09-19T21:18:38.693Z,tgm/flow-intelligence,6c5add2828626e0e5f33c46b6f1b2936,200,1,1417,monitoring,1
2026-09-19T21:18:39.965Z,tgm/token-ohlcv,b49948585f327438c711b116e4c3c97e,200,1,1267,monitoring,1
2026-09-19T21:53:43.080Z,tgm/flow-intelligence,a57553040f275d4d3a76954ab5b44d0d,200,1,1848,monitoring,1
2026-09-19T21:53:43.698Z,tgm/token-ohlcv,f6e88b2793cbaa21e6c4d2639c5edf2b,200,1,610,monitoring,1
2026-09-19T21:53:44.530Z,tgm/flow-intelligence,a3f2076f203b682e51132d3917f39038,200,1,826,monitoring,1
2026-09-19T21:53:45.818Z,tgm/token-ohlcv,13df9008fdb3ff2f7effda393edbf129,200,1,1283,monitoring,1
2026-09-19T21:54:29.012Z,tgm/flow-intelligence,247e6803c809da547f9cac79b2c86611,200,1,1326,investigation,1
2026-09-19T21:54:29.829Z,tgm/flow-intelligence,30c6475446c42835b8353f3c506ae602,200,1,815,investigation,1
2026-09-19T21:54:30.897Z,tgm/flow-intelligence,5318033e237d9f62de0b77354cb50373,200,1,1066,investigation,1
2026-09-19T21:54:31.897Z,tgm/flow-intelligence,59c27a04d6135b7ed03e0b39a59c652e,200,1,997,investigation,1
2026-09-19T21:54:32.903Z,tgm/flow-intelligence,fd25ea441f74135ba35796552dec3119,200,1,1002,investigation,1
2026-09-19T21:54:34.135Z,tgm/flow-intelligence,a955e955d8a29d63c914e556c24a6439,200,1,1227,investigation,1
2026-09-19T21:54:35.463Z,tgm/flows,1ff48b4aec263f787257267f9dfe003f,200,1,1323,investigation,1
2026-09-19T21:54:36.272Z,tgm/who-bought-sold,1678e03baebf6f0a15191f2a7be7091a,200,1,784,investigation,1
2026-09-19T21:54:38.036Z,tgm/token-ohlcv,7a13961cd8e6811bc2a6e63e38750035,200,1,1749,investigation,1
2026-09-19T21:54:47.647Z,tgm/flow-intelligence,85714b03ae8f1454952c933f6afe4147,200,1,1663,monitoring,1
2026-09-19T21:54:48.173Z,tgm/token-ohlcv,d48ad8376f5f6d40936f2f23c326ac46,200,1,515,monitoring,1
2026-09-19T21:54:49.009Z,tgm/flow-intelligence,ba196e3f0284d56fc71c596a408bb942,200,1,832,monitoring,1
2026-09-19T21:54:50.027Z,tgm/flow-intelligence,597a63694df4e72188a9ca4162654175,200,1,1015,monitoring,1
2026-09-19T21:54:50.932Z,tgm/who-bought-sold,ba553917f52aae3cf672f66ec80cd45b,200,1,897,monitoring,1
2026-09-19T21:55:00.244Z,tgm/flow-intelligence,8675ec536e2c72235fa4e825eea9117f,200,1,887,investigation,1
2026-09-19T21:55:00.943Z,tgm/flow-intelligence,ad144e3d6d568d3c1764ba6cb7299812,200,1,696,investigation,1
2026-09-19T21:55:01.885Z,tgm/flow-intelligence,3ee8fe75116539428b8ad569cc64c81e,200,1,937,investigation,1
2026-09-19T21:55:02.986Z,tgm/flow-intelligence,186e2e393f9e93023148e92ea00eda1d,200,1,1094,investigation,1
2026-09-19T21:55:04.031Z,tgm/flow-intelligence,1d3a15389eff32431861d05eaf14ad22,200,1,1042,investigation,1
2026-09-19T21:55:04.953Z,tgm/flow-intelligence,ada27514c342e7550c9ae523a55fd773,200,1,919,investigation,1
2026-09-19T21:55:06.207Z,tgm/flows,5bf4a749e322b24405eaa800a0b03925,200,1,1111,investigation,1
2026-09-19T21:55:06.904Z,tgm/who-bought-sold,42360f05b660a0311d71bd0435a77e6f,200,1,689,investigation,1
2026-09-19T21:55:08.510Z,tgm/token-ohlcv,3ad68502bdf1611285d27479118e0e3d,200,1,1324,investigation,1
2026-09-19T21:55:10.792Z,tgm/flow-intelligence,57fc5e466c381d0032e666605e641759,200,1,665,investigation,1
2026-09-19T21:55:11.416Z,tgm/flow-intelligence,373a277f1932af62eda67570695cfe35,200,1,621,investigation,1
2026-09-19T21:55:12.264Z,tgm/flow-intelligence,a2fae052e8e71301b37e7514acb61a1c,200,1,843,investigation,1
2026-09-19T21:55:13.348Z,tgm/flow-intelligence,03c90d256d492529d70314201f271961,200,1,1082,investigation,1
2026-09-19T21:55:14.145Z,tgm/flow-intelligence,ed4ee24530c4027b31c272591fc86025,200,1,766,investigation,1
2026-09-19T21:55:15.398Z,tgm/flow-intelligence,5887064d23b4f12235141c508a581c1f,200,1,1250,investigation,1
2026-09-19T21:55:16.113Z,tgm/flows,b08b7d2ef921515bc0482a57cdb70e33,200,1,666,investigation,1
2026-09-19T21:55:16.834Z,tgm/who-bought-sold,539cb57d98cb9b3dbb52ea087d97ec0b,200,1,718,investigation,1
2026-09-19T21:55:17.862Z,tgm/token-ohlcv,63de9c07e10c5d0421ade301136a1a36,200,1,1014,investigation,1
2026-09-19T21:55:20.013Z,tgm/flow-intelligence,d2c88a4fc5878f14a9f0e72a894e163c,200,1,881,investigation,1
2026-09-19T21:55:20.735Z,tgm/flow-intelligence,58f3af3bb90bb30d28c48319f9b21248,200,1,719,investigation,1
2026-09-19T21:55:22.372Z,tgm/flow-intelligence,f733696e5d023068ae3b7b02c36d7055,200,1,1634,investigation,1
2026-09-19T21:55:23.281Z,tgm/flow-intelligence,58c5e66e2e765d5fc4010d5e94658154,200,1,907,investigation,1
2026-09-19T21:55:24.088Z,tgm/flow-intelligence,2926ce7d8ac450783389ce0a3f059074,200,1,653,investigation,1
2026-09-19T21:55:25.442Z,tgm/flow-intelligence,c5391121d500063b7fb21049e2381e00,200,1,1352,investigation,1
2026-09-19T21:55:26.115Z,tgm/flows,ad242f1b2586aa2ca41b845fe93b0153,200,1,669,investigation,1
2026-09-19T21:55:26.769Z,tgm/who-bought-sold,8d3d627effa3b371c233020f9c034754,200,1,647,investigation,1
2026-09-19T21:55:27.915Z,tgm/token-ohlcv,aeb137518b172017d09a2b3450dffe1e,200,1,1088,investigation,1
2026-09-19T21:55:30.451Z,tgm/flow-intelligence,43df2f15bf5f19603cba0e26c4aaa67d,200,1,791,investigation,1
2026-09-19T21:55:31.105Z,tgm/flow-intelligence,e791384b4ccbbe32a2d1dd11b3a6ca4a,200,1,650,investigation,1
2026-09-19T21:55:31.989Z,tgm/flow-intelligence,7f7a6b1f78335d5e3499963bd101f574,200,1,881,investigation,1
2026-09-19T21:55:32.811Z,tgm/flow-intelligence,b413592e81fd3a5526c95f4788e8c95e,200,1,814,investigation,1
2026-09-19T21:55:33.612Z,tgm/flow-intelligence,ba4cfb101aa7e530a14c7224ba81bf06,200,1,779,investigation,1
2026-09-19T21:55:34.393Z,tgm/flow-intelligence,8575fa1f8a0b362eea9ebf2eae4bd20d,200,1,777,investigation,1
2026-09-19T21:55:35.250Z,tgm/flows,048e1e074e8371280a10c36a69de6d1e,200,1,848,investigation,1
2026-09-19T21:55:35.923Z,tgm/who-bought-sold,c5e82233a371d752af5f78634dbb5417,200,1,666,investigation,1
2026-09-19T21:55:37.398Z,tgm/token-ohlcv,a15f202732a28e478eda810cb9f44e2c,200,1,874,investigation,1
2026-09-19T21:55:40.089Z,tgm/flow-intelligence,ed951362b8744431c993f05005f85126,200,1,1123,investigation,1
2026-09-19T21:55:40.958Z,tgm/flow-intelligence,9e3b350519187e5a4dcb2a3760265b7f,200,1,865,investigation,1
2026-09-19T21:55:41.612Z,tgm/flow-intelligence,cd1c22074ee18606abcda11c69bc5660,200,1,653,investigation,1
2026-09-19T21:55:42.309Z,tgm/flow-intelligence,f1603b5e97efbf25f2caa433f7d0444a,200,1,679,investigation,1
2026-09-19T21:55:43.249Z,tgm/flow-intelligence,b6c07e67bae774446c5fba3683dda06e,200,1,635,investigation,1
2026-09-19T21:55:44.070Z,tgm/flow-intelligence,30d6613c54f23376dfeb5e10b1de1c56,200,1,818,investigation,1
2026-09-19T21:55:44.902Z,tgm/flows,78a2815442f1a058fe626839fc099928,200,1,822,investigation,1
2026-09-19T21:55:45.813Z,tgm/who-bought-sold,bc71ae2989cecb46a747132f93a6ef3b,200,1,907,investigation,1
2026-09-19T21:55:46.839Z,tgm/token-ohlcv,30f26c34d62a3b716b88706f0f784621,200,1,1021,investigation,1
2026-09-19T21:55:48.862Z,tgm/flow-intelligence,200a2e0e4900f505875e79743694e04e,200,1,740,investigation,1
2026-09-19T21:55:49.478Z,tgm/flow-intelligence,54d5c4473b3c9e704444b83e51791c4c,200,1,612,investigation,1
2026-09-19T21:55:50.319Z,tgm/flow-intelligence,bffe0b51f410c46d2493d31a979c135a,200,1,837,investigation,1
2026-09-19T21:55:51.073Z,tgm/flow-intelligence,deccda7494774f7e09a561035c11cd7b,200,1,748,investigation,1
2026-09-19T21:55:51.798Z,tgm/flow-intelligence,6233da59843cc222b98aca5f8aeb980a,200,1,721,investigation,1
2026-09-19T21:55:52.571Z,tgm/flow-intelligence,5cf1eb670d6117250ab8a3473abec65c,200,1,769,investigation,1
2026-09-19T21:55:53.084Z,tgm/flow-intelligence,a1d86623135d054b97cf9358b9122402,200,1,2021,monitoring,1
2026-09-19T21:55:53.311Z,tgm/flows,5475220327f5e63d88fb04286c4d2252,200,1,736,investigation,1
2026-09-19T21:55:53.854Z,tgm/token-ohlcv,17146d4bcf83b97d0079fb6e527bf309,200,1,749,monitoring,1
2026-09-19T21:55:53.863Z,tgm/who-bought-sold,e9e2d77b296b2c40f0155422867eb81c,200,1,546,investigation,1
2026-09-19T21:55:54.631Z,tgm/token-ohlcv,c5d06a0532d15360a21f2d67f48c953d,200,1,761,investigation,1
2026-09-19T21:55:54.794Z,tgm/flow-intelligence,c0717c574d03e5289c0944100f68c562,200,1,773,monitoring,1
2026-09-19T21:55:55.642Z,tgm/flow-intelligence,6ceb32454fc9dc7676f57118e3b39703,200,1,844,monitoring,1
2026-09-19T21:55:56.686Z,tgm/who-bought-sold,dcfd814399b0b540085f065f1c8fb646,200,1,632,monitoring,1
2026-09-19T21:55:58.103Z,tgm/flow-intelligence,89a992380980805cbb4af30965a7147c,200,1,398,monitoring,1
2026-09-19T21:55:58.106Z,tgm/flow-intelligence,98b36c0e61a5bc0adf4dbb089f8e3314,200,1,925,investigation,1
2026-09-19T21:55:58.879Z,tgm/flow-intelligence,5cb1e97637ddee3090999d4bf4645605,200,1,743,investigation,1
2026-09-19T21:55:59.003Z,tgm/token-ohlcv,44b92153dd0c63759a966608d4301f61,200,1,867,monitoring,1
2026-09-19T21:55:59.540Z,tgm/flow-intelligence,b7d1640c7d29ce153e4dd8760c16874b,200,1,656,investigation,1
2026-09-19T21:55:59.742Z,tgm/flow-intelligence,7e37ec14b8955e12d6894c30468d684e,200,1,734,monitoring,1
2026-09-19T21:56:00.152Z,tgm/flow-intelligence,83108a5f0e161e399b64793e1b93351b,200,1,404,monitoring,1
2026-09-19T21:56:00.254Z,tgm/flow-intelligence,2eeebe610088de1eac83e5100b941b77,200,1,711,investigation,1
2026-09-19T21:56:00.558Z,tgm/who-bought-sold,92eea05205ffe5365c977b3c49c0055f,200,1,403,monitoring,1
2026-09-19T21:56:00.981Z,tgm/flow-intelligence,8228b44c9ae4533355d68c2a0160a061,200,1,721,investigation,1
2026-09-19T21:56:01.261Z,tgm/flow-intelligence,dda6220fdd798070dcdbda4b28f55b51,200,1,690,monitoring,1
2026-09-19T21:56:02.304Z,tgm/token-ohlcv,4309275905af947f67296175c631db25,200,1,1036,monitoring,1
2026-09-19T21:56:02.703Z,tgm/flow-intelligence,29ad1b1f5a585b39cef47e0aacbda57e,200,1,658,investigation,1
2026-09-19T21:56:03.126Z,tgm/flow-intelligence,69ebb94c0b2a340191324f64adf4e025,200,1,817,monitoring,1
2026-09-19T21:56:03.932Z,tgm/flows,b55b9e793ab83753a07a4c2c9cbb6574,200,1,986,investigation,1
2026-09-19T21:56:04.245Z,tgm/flow-intelligence,028db4324f07ec7beb0677776b786e7f,200,1,1115,monitoring,1
2026-09-19T21:56:04.644Z,tgm/who-bought-sold,fba07773ef12951b0e1b5a460fea210c,200,1,707,investigation,1
2026-09-19T21:56:05.098Z,tgm/who-bought-sold,f84d2269b85f9066ce69e906c05abe65,200,1,848,monitoring,1
2026-09-19T21:56:05.679Z,tgm/flow-intelligence,c824340b4f780249cc5f5027110a5a42,200,1,394,monitoring,1
2026-09-19T21:56:05.692Z,tgm/token-ohlcv,f026e11f0e3312572312eb1d1955417c,200,1,1031,investigation,1
2026-09-19T21:56:06.501Z,tgm/token-ohlcv,2104002078520a2494789a52c0ee1e2c,200,1,434,monitoring,1
2026-09-19T21:56:07.221Z,tgm/flow-intelligence,262ac131596a770203152951585e4f63,200,1,716,monitoring,1
2026-09-19T21:56:08.033Z,tgm/flow-intelligence,7fe4d7548aff1b4e3718ac429dc5c25a,200,1,808,monitoring,1
2026-09-19T21:56:08.338Z,tgm/flow-intelligence,faab9f5dbbe50630dbbae6701ea00e51,200,1,933,investigation,1
2026-09-19T21:56:08.667Z,tgm/who-bought-sold,1ea0fd64eab0df50bd3421735c2bcf59,200,1,628,monitoring,1
2026-09-19T21:56:09.361Z,tgm/flow-intelligence,8a5a8a07e9245600e8703006a9fa876c,200,1,1020,investigation,1
2026-09-19T21:56:09.623Z,tgm/flow-intelligence,d3582a5ab10ae904fac8954517a95869,200,1,946,monitoring,1
2026-09-19T21:56:09.979Z,tgm/flow-intelligence,f9df137ebfd4a66d56257d467fa4471b,200,1,615,investigation,1
2026-09-19T21:56:10.093Z,tgm/token-ohlcv,51485f460fb9d123fb95f73b3a31824b,200,1,463,monitoring,1
2026-09-19T21:56:10.591Z,tgm/flow-intelligence,0b4094557d6beb477c2e9508c387ac0d,200,1,496,monitoring,1
2026-09-19T21:56:11.001Z,tgm/flow-intelligence,3b58175df435f25eba0b6b3f53f99b76,200,1,1019,investigation,1
2026-09-19T21:56:11.297Z,tgm/flow-intelligence,5d7ca66856d6230ce2cb6a02f0846376,200,1,703,monitoring,1
2026-09-19T21:56:11.619Z,tgm/flow-intelligence,3144ce0761abad1af603d63998285633,200,1,613,investigation,1
2026-09-19T21:56:11.938Z,tgm/who-bought-sold,51d0ee5c39069f2fc874152fc7c29762,200,1,625,monitoring,1
2026-09-19T21:56:12.531Z,tgm/flow-intelligence,987cc503d559505b0bdbef39403eac25,200,1,909,investigation,1
2026-09-19T21:56:13.867Z,tgm/flows,f9d3b64a3884e67eff5c202354b48461,200,1,1028,investigation,1
2026-09-19T21:56:14.591Z,tgm/who-bought-sold,821f8649f51daa2b9ab1961324e87333,200,1,718,investigation,1
2026-09-19T21:56:15.204Z,tgm/token-ohlcv,f8eb0f25f6db620402644d409dc7aa32,200,1,587,investigation,1
2026-09-19T21:56:16.801Z,tgm/flow-intelligence,300c346b103de92b0252c924ea1c5b45,200,1,728,investigation,1
2026-09-19T21:56:17.559Z,tgm/flow-intelligence,88c6da4a17286b413e136c2e92ba3f14,200,1,755,investigation,1
2026-09-19T21:56:18.682Z,tgm/flow-intelligence,a002537ebbee703d0802e158a28c343a,200,1,1119,investigation,1
2026-09-19T21:56:19.610Z,tgm/flow-intelligence,adead20596618c001e1c9903def60671,200,1,919,investigation,1
2026-09-19T21:56:20.218Z,tgm/flow-intelligence,8de21c5863af7929cb2ef9232de56f56,200,1,604,investigation,1
2026-09-19T21:56:20.908Z,tgm/flow-intelligence,53a63a1891e5543a28b20f58459e5f14,200,1,686,investigation,1
2026-09-19T21:56:21.578Z,tgm/flows,395d943326f7077679812e046e0a6809,200,1,640,investigation,1
2026-09-19T21:56:22.323Z,tgm/who-bought-sold,204309609d201f2f86c28b63ad252638,200,1,721,investigation,1
2026-09-19T21:56:23.400Z,tgm/token-ohlcv,3b628f59363d6d0ebd66f93002457f4b,200,1,1067,investigation,1
2026-09-19T21:56:25.442Z,tgm/flow-intelligence,fbe4f957c5f71f0a17c6da34155cd643,200,1,730,investigation,1
2026-09-19T21:56:26.099Z,tgm/flow-intelligence,7cb2bf0059cf0128e35e3c0c333a6948,200,1,654,investigation,1
2026-09-19T21:56:27.000Z,tgm/flow-intelligence,cfa1763060724d2663f04a08af7b3522,200,1,897,investigation,1
2026-09-19T21:56:28.003Z,tgm/flow-intelligence,b91cd7134072b47f83c69c15dde6be39,200,1,1000,investigation,1
2026-09-19T21:56:28.681Z,tgm/flow-intelligence,4c296a0b31013a687b83976f0546411f,200,1,675,investigation,1
2026-09-19T21:56:29.536Z,tgm/flow-intelligence,d4fc707e08dcda48aed4f027639dc312,200,1,853,investigation,1
2026-09-19T21:56:30.266Z,tgm/flows,30940449010fc918985f7b0b488e2341,200,1,713,investigation,1
2026-09-19T21:56:31.175Z,tgm/who-bought-sold,76293d6f5aeb8534374df85033899a7d,200,1,905,investigation,1
2026-09-19T21:56:32.199Z,tgm/token-ohlcv,9ae1d119746161557dc57a11110b0f09,200,1,1009,investigation,1
2026-09-19T21:56:34.651Z,tgm/flow-intelligence,abb5c33bf56e7f351bf5210ea3334b65,200,1,873,investigation,1
2026-09-19T21:56:35.783Z,tgm/flow-intelligence,858e9d6ea0247e180a39de6bada23435,200,1,1129,investigation,1
2026-09-19T21:56:36.605Z,tgm/flow-intelligence,30074c4a6a60f85582fd7341602ddc3c,200,1,817,investigation,1
2026-09-19T21:56:37.385Z,tgm/flow-intelligence,7a7c3227ed3c7827b4748b4a2532f662,200,1,644,investigation,1
2026-09-19T21:56:38.138Z,tgm/flow-intelligence,e3abf75ccf69ad58c8654148e2948923,200,1,749,investigation,1
2026-09-19T21:56:38.854Z,tgm/flow-intelligence,f24c3b0b2afdfe36cb2f767a6cc96d32,200,1,714,investigation,1
2026-09-19T21:56:39.776Z,tgm/flows,b78ea0036a670c77f6e908696939c552,200,1,917,investigation,1
2026-09-19T21:56:40.508Z,tgm/who-bought-sold,214e1865fc1c4357f859ce6cdb24f37e,200,1,728,investigation,1
2026-09-19T21:56:41.726Z,tgm/token-ohlcv,6cecf408b66899755c99f915237b950c,200,1,1212,investigation,1
2026-09-19T21:56:44.288Z,tgm/flow-intelligence,7c97de7ba53c0e459cea2a63039d140d,200,1,822,investigation,1
2026-09-19T21:56:45.164Z,tgm/flow-intelligence,f31acf1de824122c693cb46700f1dd72,200,1,636,investigation,1
2026-09-19T21:56:45.817Z,tgm/flow-intelligence,fe86fc09540f1857af098b4117a1d473,200,1,650,investigation,1
2026-09-19T21:56:46.944Z,tgm/flow-intelligence,91ea740c0cade82165eba67f50d1f83c,200,1,1124,investigation,1
2026-09-19T21:56:47.771Z,tgm/flow-intelligence,1ec50d08fa7c8d6c166cf3056ac60a54,200,1,824,investigation,1
2026-09-19T21:56:48.444Z,tgm/flow-intelligence,f7a505601f8d4e718590f82d093efe35,200,1,670,investigation,1
2026-09-19T21:56:49.208Z,tgm/flows,72ab44763f1dbd69a6c3935db5011d13,200,1,754,investigation,1
2026-09-19T21:56:50.335Z,tgm/who-bought-sold,4ba92f4fc74e8e4d22890568f86afe72,200,1,1124,investigation,1
2026-09-19T21:56:51.135Z,tgm/token-ohlcv,bb79395e7a40063da7ff9378f79a4475,200,1,764,investigation,1
2026-09-19T21:56:53.192Z,tgm/flow-intelligence,e759870c04ad131906ff3a2c8d140d3a,200,1,929,investigation,1
2026-09-19T21:56:54.071Z,tgm/flow-intelligence,853b9f03c0ae0e15b698b7596c952610,200,1,875,investigation,1
2026-09-19T21:56:54.992Z,tgm/flow-intelligence,de6ad8336aeef577be82957763a67737,200,1,918,investigation,1
2026-09-19T21:56:55.646Z,tgm/flow-intelligence,598a87575a335862ab566c418a372f5b,200,1,652,investigation,1
2026-09-19T21:56:56.570Z,tgm/flow-intelligence,7edf356512dbf30971be8175af92753c,200,1,921,investigation,1
2026-09-19T21:56:57.493Z,tgm/flow-intelligence,ca7bef53f4820350073f8c07ca09f52a,200,1,920,investigation,1
2026-09-19T21:56:58.369Z,tgm/flows,fe7c1c02286996628bb67359d93de21d,200,1,835,investigation,1
2026-09-19T21:56:59.131Z,tgm/who-bought-sold,0dbb5b7f05d101542de6cc35d7364b53,200,1,756,investigation,1
2026-09-19T21:57:00.058Z,tgm/token-ohlcv,f95305243425593da140407ed9106929,200,1,918,investigation,1
2026-09-19T21:57:02.426Z,tgm/flow-intelligence,f0eba4415e5a462d1561676e839d973a,200,1,747,investigation,1
2026-09-19T21:57:03.328Z,tgm/flow-intelligence,2b3a885a15a69c68b6874c44500ec125,200,1,899,investigation,1
2026-09-19T21:57:04.297Z,tgm/flow-intelligence,37c06868b2538050a5aad10cbed5c632,200,1,967,investigation,1
2026-09-19T21:57:05.171Z,tgm/flow-intelligence,371f7135c5149c0b285c4a1563b7656c,200,1,872,investigation,1
2026-09-19T21:57:06.181Z,tgm/flow-intelligence,b5d3e20d0f98784d03dd2a2af9a45b77,200,1,1007,investigation,1
2026-09-19T21:57:07.320Z,tgm/flow-intelligence,252f457bdccc9150fc445576aa9ca219,200,1,1138,investigation,1
2026-09-19T21:57:08.043Z,tgm/flows,6280e70731d6f14f16df2d4e233fd938,200,1,715,investigation,1
2026-09-19T21:57:08.746Z,tgm/who-bought-sold,bbd51a217141e37596c5b00e682b4231,200,1,699,investigation,1
2026-09-19T21:57:09.377Z,tgm/token-ohlcv,192448220ca2ca369dd6e97c1dbf1835,200,1,621,investigation,1
2026-09-19T21:57:13.573Z,tgm/flow-intelligence,a92b612134318b34a2d2ab35aa52652e,200,1,1496,monitoring,1
2026-09-19T21:57:14.074Z,tgm/token-ohlcv,2162967ff8e6c6319741bd7375afca4f,200,1,497,monitoring,1
2026-09-19T21:57:14.870Z,tgm/flow-intelligence,27701c4f91f534120ee7cd515da7166b,200,1,780,monitoring,1
2026-09-19T21:57:15.472Z,tgm/flow-intelligence,c9f2644996fcde2abf74d33eddfb6664,200,1,599,monitoring,1
2026-09-19T21:57:16.043Z,tgm/who-bought-sold,1c0e4224f373c20ed3216f62e57e2f4d,200,1,556,monitoring,1
2026-09-19T21:57:16.844Z,tgm/flow-intelligence,7edcdf56d441a3747577d56595987723,200,1,788,monitoring,1
2026-09-19T21:57:17.668Z,tgm/token-ohlcv,a49ef32361f19802a456614df00a1d7e,200,1,818,monitoring,1
2026-09-19T21:57:18.689Z,tgm/flow-intelligence,821070446b72e52985de5568ffc68543,200,1,1018,monitoring,1
2026-09-19T21:57:19.197Z,tgm/flow-intelligence,4f3038445ad69115cf95ce5ea1c8396f,200,1,507,monitoring,1
2026-09-19T21:57:19.924Z,tgm/who-bought-sold,fe1aa660f11d683b2aaf7e10de12c113,200,1,723,monitoring,1
2026-09-19T21:57:20.630Z,tgm/flow-intelligence,301f4c314888ea0252e0d4432b1b0137,200,1,973,investigation,1
2026-09-19T21:57:20.660Z,tgm/flow-intelligence,c025162049382e400065df0d43368664,200,1,726,monitoring,1
2026-09-19T21:57:21.146Z,tgm/token-ohlcv,6545dc5f6ba98e0b81989504e3a3c64d,200,1,482,monitoring,1
2026-09-19T21:57:21.557Z,tgm/flow-intelligence,d6e07313159ac73b622ecc63d4fb1974,200,1,923,investigation,1
2026-09-19T21:57:21.865Z,tgm/flow-intelligence,06b82f778cdd4a74b20edb07cdcb7507,200,1,714,monitoring,1
2026-09-19T21:57:22.483Z,tgm/flow-intelligence,d4d270427d1c306ce7294226a9d18a72,200,1,610,monitoring,1
2026-09-19T21:57:22.487Z,tgm/flow-intelligence,f1ef916b284b06714c5e59709726f079,200,1,922,investigation,1
2026-09-19T21:57:23.217Z,tgm/flow-intelligence,c498c437bd0a844175af561f9a79384b,200,1,727,investigation,1
2026-09-19T21:57:23.277Z,tgm/who-bought-sold,d3a44b7dd7dd22036e75523fd95c7b74,200,1,789,monitoring,1
2026-09-19T21:57:23.930Z,tgm/flow-intelligence,059ded07d754dc79c263f82ad96f5e4a,200,1,711,investigation,1
2026-09-19T21:57:24.001Z,tgm/flow-intelligence,55710c66aa8d3a518341e93ccb45fc11,200,1,719,monitoring,1
2026-09-19T21:57:24.500Z,tgm/token-ohlcv,8aed66548ad8da454571487a5d92b251,200,1,496,monitoring,1
2026-09-19T21:57:25.245Z,tgm/flow-intelligence,5522d368284e7a161c9803282e81a75a,200,1,1307,investigation,1
2026-09-19T21:57:25.249Z,tgm/flow-intelligence,d36ac800de171f4220edca5a515eb80d,200,1,740,monitoring,1
2026-09-19T21:57:25.856Z,tgm/flow-intelligence,e13a885fed5859319c534d3b5c6c2517,200,1,604,monitoring,1
2026-09-19T21:57:26.793Z,tgm/who-bought-sold,63c4b22215b3562ce7473a40c47ab06b,200,1,920,monitoring,1
2026-09-19T21:57:26.817Z,tgm/flows,3eebb20b32e53d07c4c25336254afe02,200,1,1539,investigation,1
2026-09-19T21:57:27.404Z,tgm/who-bought-sold,4b7e0e61be7970258ce6797fc59fc674,200,1,581,investigation,1
2026-09-19T21:57:27.497Z,tgm/flow-intelligence,c9541f54e4d7960a386f90145108e20f,200,1,599,monitoring,1
2026-09-19T21:57:28.149Z,tgm/token-ohlcv,f600bb4e24db6d2a1d3a4874f34f4217,200,1,640,monitoring,1
2026-09-19T21:57:28.425Z,tgm/token-ohlcv,b99b9c27d8c952489cee517e81358e0d,200,1,1006,investigation,1
2026-09-19T21:57:28.765Z,tgm/flow-intelligence,14c3d71f7a5f1c528337356c83345e5a,200,1,615,monitoring,1
2026-09-19T21:57:30.163Z,tgm/flow-intelligence,449bba33e00df15ce2f13f1a3b9c7502,200,1,1392,monitoring,1
2026-09-19T21:57:30.802Z,tgm/who-bought-sold,72fc1f41f38ce05ed3867574b863cb62,200,1,595,monitoring,1
2026-09-19T21:57:31.282Z,tgm/flow-intelligence,f6797229a6befb20ad49c54e539ffc3c,200,1,475,monitoring,1
2026-09-19T21:57:31.997Z,tgm/token-ohlcv,aa87196eb8b27d04a8c0952cb2880625,200,1,713,monitoring,1
2026-09-19T21:57:32.716Z,tgm/flow-intelligence,6d7962027288bc69691a1f5a51738979,200,1,717,monitoring,1
2026-09-19T21:57:33.638Z,tgm/flow-intelligence,7c891669f5d6482f5119eb46c5cc1359,200,1,919,monitoring,1
2026-09-19T21:57:34.421Z,tgm/who-bought-sold,df33e81f2f9cbe0ab6af81030a5cf037,200,1,781,monitoring,1
2026-09-19T21:57:35.464Z,tgm/flow-intelligence,d9f31244d655742773ef7d6decd89365,200,1,1037,monitoring,1
2026-09-19T21:57:36.028Z,tgm/token-ohlcv,d49cf0788e8d5c2e9272d0465999b36c,200,1,560,monitoring,1
2026-09-19T21:57:37.028Z,tgm/flow-intelligence,654311452018ad02d256d603765eb33b,200,1,995,monitoring,1
2026-09-19T21:57:37.462Z,tgm/flow-intelligence,1c12345ada7dda4d2d78c053f0ae2453,200,1,429,monitoring,1
2026-09-19T21:57:38.137Z,tgm/who-bought-sold,7e62615fec7321313fd793116c76f02e,200,1,669,monitoring,1
2026-09-19T21:57:38.579Z,tgm/flow-intelligence,0877753ecaaeb06e5820fc2467980668,200,1,434,monitoring,1
2026-09-19T21:57:39.255Z,tgm/token-ohlcv,ddebe8024c7f8f027d743a3045f71f7f,200,1,672,monitoring,1
2026-09-19T21:57:40.204Z,tgm/flow-intelligence,0c6a201dc7bc1270a94e11368acc817c,200,1,934,monitoring,1
2026-09-19T21:57:41.117Z,tgm/flow-intelligence,2b07d762c239481e822f49506bbded2b,200,1,910,monitoring,1
2026-09-19T21:57:41.947Z,tgm/who-bought-sold,95884f5392b85d4e7dcbf11b72743856,200,1,813,monitoring,1
2026-09-19T21:57:42.652Z,tgm/flow-intelligence,de37ed50fa3f2c4cb76b5855eaa10d6e,200,1,668,monitoring,1
2026-09-19T21:57:43.271Z,tgm/token-ohlcv,49e00e536cb101166bad932456b9da3e,200,1,611,monitoring,1
2026-09-19T21:57:43.981Z,tgm/flow-intelligence,0a64726648595f66cbcaca308bb66c22,200,1,707,monitoring,1
2026-09-19T21:57:44.901Z,tgm/flow-intelligence,f2c7664998dc8003980eb25db3c4a505,200,1,918,monitoring,1
2026-09-19T21:57:45.823Z,tgm/who-bought-sold,664d8c357741b26fba331d109b539257,200,1,919,monitoring,1
2026-09-19T21:58:47.253Z,tgm/flow-intelligence,6a95ef2e9d952a06aa46430d270d2d05,200,1,1318,monitoring,1
2026-09-19T21:58:48.286Z,tgm/token-ohlcv,a2a706177d2f805619cbc409a1148f05,200,1,1030,monitoring,1
2026-09-19T21:58:48.799Z,tgm/flow-intelligence,293d3851e8408c26d0723d394ecf6d5b,200,1,509,monitoring,1
2026-09-19T21:58:49.720Z,tgm/flow-intelligence,30843a703f5ca435d773800b56ef3632,200,1,918,monitoring,1
2026-09-19T21:58:50.336Z,tgm/who-bought-sold,5332d53ec3f1b46a5bfb7c1b7c6f0d10,200,1,611,monitoring,1
2026-09-19T21:58:50.730Z,tgm/flow-intelligence,c0b1df74da480970794ac728c50b4809,200,1,389,monitoring,1
2026-09-19T21:58:51.462Z,tgm/token-ohlcv,7e3f47328be14934f9ca9d1ef0049314,200,1,728,monitoring,1
2026-09-19T21:58:52.176Z,tgm/flow-intelligence,c863fa414fdc8c673b0d8f24f66aa55f,200,1,708,monitoring,1
2026-09-19T21:58:52.692Z,tgm/token-ohlcv,2804376cec4c6f621dd8d325b106a37e,200,1,512,monitoring,1
2026-09-19T21:58:53.404Z,tgm/flow-intelligence,a81016704482a12e483dd104c8c9e633,200,1,705,monitoring,1
2026-09-19T21:58:53.950Z,tgm/token-ohlcv,9d1b5c10d62e1143c99c0e02ef876d38,200,1,539,monitoring,1
2026-09-19T21:58:54.362Z,tgm/flow-intelligence,23cacc324bfd7a50db6b06148b1a782e,200,1,400,monitoring,1
2026-09-19T21:58:55.075Z,tgm/token-ohlcv,6e52205d10d68d1c13f5c668c8aa5418,200,1,704,monitoring,1
2026-09-19T21:58:55.421Z,tgm/flow-intelligence,c7874b506adfde07aeb369411c796603,200,1,339,monitoring,1
2026-09-19T21:58:56.016Z,tgm/token-ohlcv,9aa3d422fd7e3f7576a882223f9a244a,200,1,556,monitoring,1
2026-09-19T21:58:56.376Z,tgm/flow-intelligence,08932e2cddd1697900d5c366c9497c3f,200,1,351,monitoring,1
2026-09-19T21:58:56.855Z,tgm/token-ohlcv,2de1580a8b54596b2286736102f84510,200,1,475,monitoring,1
2026-09-19T21:58:57.299Z,tgm/flow-intelligence,0f50cd7d0d92f74866ceda32e95f9428,200,1,434,monitoring,1
2026-09-19T21:58:58.422Z,tgm/token-ohlcv,0d8ef24f30954f6b91462f6c0bf34578,200,1,897,monitoring,1
2026-09-19T21:58:59.242Z,tgm/flow-intelligence,f6732d1f4a40152111ca0c38fe065c4b,200,1,812,monitoring,1
2026-09-19T21:59:00.107Z,tgm/token-ohlcv,725d213b1ef7ac388247992cf2e12673,200,1,857,monitoring,1
2026-09-19T22:01:41.352Z,tgm/flow-intelligence,58695c2d132d922bd08a41320a311d53,200,1,9593,investigation,1
2026-09-19T22:01:42.072Z,tgm/flow-intelligence,633b857de9ddec644596c11dc53ac673,200,1,713,investigation,1
2026-09-19T22:01:43.086Z,tgm/flow-intelligence,f04a54099abe9d3e6c93271d4cdcbd47,200,1,1011,investigation,1
2026-09-19T22:01:44.211Z,tgm/flow-intelligence,ddee7a3ada3a09440ea59f218b7d2b2b,200,1,1121,investigation,1
2026-09-19T22:01:46.497Z,tgm/flow-intelligence,6b0a1e6f37461765b490082f610b6911,200,1,2278,investigation,1
2026-09-19T22:01:47.789Z,tgm/flow-intelligence,c922802a266676305628ff57365f1240,200,1,1285,investigation,1
2026-09-19T22:01:48.698Z,tgm/flows,23e3ab47bc0f09233c4637574a8f6c0a,422,0,903,investigation,0
2026-09-19T22:01:49.949Z,tgm/who-bought-sold,0bef25227b072d0b844e275a78338835,200,1,1215,investigation,1
2026-09-19T22:01:50.891Z,tgm/token-ohlcv,dfb5911dbb54b23cc173f2293bcfbe2c,200,1,921,investigation,1
2026-09-19T22:01:53.927Z,tgm/flow-intelligence,f078df668ebbc01bda029332ec49c27c,200,1,905,investigation,1
2026-09-19T22:01:54.625Z,tgm/flow-intelligence,6eb33242e00b9c6197a99b134ba2ad7c,200,1,693,investigation,1
2026-09-19T22:01:55.680Z,tgm/flow-intelligence,ba46a525a54e3b35d61fd9272551c314,200,1,1051,investigation,1
2026-09-19T22:01:57.009Z,tgm/flow-intelligence,9ac9ba74399b5943fa4b9476466a4e72,200,1,1326,investigation,1
2026-09-19T22:01:58.440Z,tgm/flow-intelligence,dc94521a8bb0e156865c2c26434af348,200,1,1430,investigation,1
2026-09-19T22:02:00.188Z,tgm/flow-intelligence,94f7fb6ce753d55bfc2d582b467a0f05,200,1,1745,investigation,1
2026-09-19T22:02:00.656Z,tgm/flows,052ea02587ccfa1177f411746a593276,422,0,464,investigation,0
2026-09-19T22:02:01.824Z,tgm/flow-intelligence,9461bd03efb32c450f6fc13deee34646,200,1,1445,monitoring,1
2026-09-19T22:02:02.959Z,tgm/token-ohlcv,1dcc015897253c08d8d21f133d50c43d,200,1,1127,monitoring,1
2026-09-19T22:02:02.969Z,tgm/who-bought-sold,1a70af4931c1c642a34b497fbc114e02,200,1,2260,investigation,1
2026-09-19T22:02:04.003Z,tgm/flow-intelligence,63f3d163d05ac0257cfea1071e3a7709,200,1,1039,monitoring,1
2026-09-19T22:02:04.023Z,tgm/token-ohlcv,76a9fb5a521e7b2f438b3a1e523e4e75,200,1,1021,investigation,1
2026-09-19T22:02:04.351Z,tgm/flow-intelligence,271a217a179e0a00c32f1d7dbb7bde7d,200,1,342,monitoring,1
2026-09-19T22:02:05.272Z,tgm/who-bought-sold,b36b0a7c76558f20d6b35d2a29150657,200,1,914,monitoring,1
2026-09-19T22:02:10.491Z,tgm/flow-intelligence,71b39c1b6255910c53b05c1c263d087a,200,1,5242,investigation,1
2026-09-19T22:02:11.501Z,tgm/flow-intelligence,b8f5dc2797df1671df14133dfcc9883d,200,1,1007,investigation,1
2026-09-19T22:02:12.367Z,tgm/flow-intelligence,5a33f5247974426a3c6fdb70d4242478,200,1,864,investigation,1
2026-09-19T22:02:13.472Z,tgm/flow-intelligence,f4ddca04c801553e19ed07216499d738,200,1,1102,investigation,1
2026-09-19T22:02:14.251Z,tgm/flow-intelligence,6e9f526eb154f2157f795c4587d1ca15,200,1,775,investigation,1
2026-09-19T22:02:15.059Z,tgm/flow-intelligence,8fe52133aa4c386ebf2fe751249ff016,200,1,806,investigation,1
2026-09-19T22:02:15.448Z,tgm/flows,eeff0f2abeb62b72f8036a2d42b8d53a,422,0,386,investigation,0
2026-09-19T22:02:17.096Z,tgm/who-bought-sold,aa54ed15b91d3a080fe9ad4a32bb4e69,200,1,1633,investigation,1
2026-09-19T22:02:18.074Z,tgm/token-ohlcv,ac7b8d61d8eddf0bef198038ccddbc69,200,1,914,investigation,1
2026-09-19T22:02:20.739Z,tgm/flow-intelligence,58a8f9211b9e6d4ee770e22486b93e3c,200,1,935,investigation,1
2026-09-19T22:02:21.481Z,tgm/flow-intelligence,bcf3ed1392661a10b98721768932df09,200,1,740,investigation,1
2026-09-19T22:02:22.274Z,tgm/flow-intelligence,0b4f704c2714725b65c91143ffce3e54,200,1,776,investigation,1
2026-09-19T22:02:23.148Z,tgm/flow-intelligence,aa02d47bb07e7b0cc8218b222a85f24e,200,1,871,investigation,1
2026-09-19T22:02:23.926Z,tgm/flow-intelligence,0f8fd121fe60557f6cb7da441bde416e,200,1,773,investigation,1
2026-09-19T22:02:24.962Z,tgm/flow-intelligence,f5f84236946fde57daf77d2405881458,200,1,1035,investigation,1
2026-09-19T22:02:25.463Z,tgm/flows,0a6ce95036947919257fe00828375108,422,0,498,investigation,0
2026-09-19T22:02:27.121Z,tgm/who-bought-sold,b8dc744dd1eebe3dc9aae137cc30723f,200,1,1650,investigation,1
2026-09-19T22:02:28.286Z,tgm/token-ohlcv,b0ecad211afa637d5225bf738fb00b78,200,1,1100,investigation,1
2026-09-19T22:03:07.356Z,tgm/flow-intelligence,ae5a53001065d1458ed6a56f5b3bb72d,200,1,1107,monitoring,1
2026-09-19T22:03:08.218Z,tgm/token-ohlcv,ce69cc0d4b7c417816c8e74bbbc67650,200,1,857,monitoring,1
2026-09-19T22:03:09.547Z,tgm/flow-intelligence,f7385e0286f04a5749586144e749704b,200,1,1325,monitoring,1
2026-09-19T22:03:09.907Z,tgm/flow-intelligence,64608d50b598d70b0bc68a3dcd0ba561,200,1,357,monitoring,1
2026-09-19T22:03:11.369Z,tgm/who-bought-sold,30d57245edc1ad689a747e557555d307,200,1,1459,monitoring,1
2026-09-19T22:03:11.729Z,tgm/flow-intelligence,e85b3043dfcf9735c88cff6e613fe012,200,1,352,monitoring,1
2026-09-19T22:03:12.249Z,tgm/token-ohlcv,9ae8af3c03bc5f126a549b21b9fc1277,200,1,513,monitoring,1
2026-09-19T22:03:12.683Z,tgm/flow-intelligence,d890652186d3db3ec029df10c181f257,200,1,430,monitoring,1
2026-09-19T22:03:13.476Z,tgm/flow-intelligence,0f665f29ef71821b53b73576c4513709,200,1,789,monitoring,1
2026-09-19T22:03:14.250Z,tgm/who-bought-sold,d88dbd486540ed3ce5fbcf7e4b57711b,200,1,746,monitoring,1
2026-09-19T22:03:14.702Z,tgm/flow-intelligence,bb07a97a47349246f579175d749e537a,200,1,442,monitoring,1
2026-09-19T22:03:15.413Z,tgm/token-ohlcv,fe05472f47116e177c782033c521cf41,200,1,707,monitoring,1
2026-09-19T22:03:16.267Z,tgm/flow-intelligence,f1b7791991afe90c6e703b1a8f36cc43,200,1,849,monitoring,1
2026-09-19T22:03:17.457Z,tgm/flow-intelligence,3d6840540609152e2ec06a7d065ee527,200,1,1087,monitoring,1
2026-09-19T22:03:18.332Z,tgm/who-bought-sold,08684475dd739b14108d697cb2518d3b,200,1,827,monitoring,1
2026-09-19T22:05:19.944Z,tgm/flow-intelligence,26c61b679f6592726b7f2e6e66cd2113,200,1,1340,monitoring,1
2026-09-19T22:05:20.785Z,tgm/token-ohlcv,5ca2f63355c49920c2e94078bc3f3751,200,1,837,monitoring,1
2026-09-19T22:06:22.538Z,tgm/flow-intelligence,1b41e218f7f1986685ea4c7e5c5f7e74,200,1,1608,monitoring,1
2026-09-19T22:06:23.635Z,tgm/token-ohlcv,e0412e3f3a9c036045267f4a4c7cc054,200,1,1074,monitoring,1
2026-09-19T22:06:24.435Z,tgm/flow-intelligence,c374c600ce51f45e604b737b717d5563,200,1,789,monitoring,1
2026-09-19T22:06:25.295Z,tgm/token-ohlcv,a2ed0d3ff5e3353a81801133f214e129,200,1,856,monitoring,1
2026-09-19T22:06:26.363Z,tgm/flow-intelligence,e9770923becc2f7fa00123159f39e80e,200,1,1064,monitoring,1
2026-09-19T22:06:28.170Z,tgm/token-ohlcv,1ea4e942cb32e97b89f1f25ae218b043,200,1,1633,monitoring,1
2026-09-19T22:06:28.946Z,tgm/flow-intelligence,361d3307bcda6f5f68d83617aa606708,200,1,769,monitoring,1
2026-09-19T22:06:30.068Z,tgm/token-ohlcv,6d0efb6fbc23fb5be55a25245262aa3f,200,1,1074,monitoring,1
2026-09-19T22:06:30.821Z,tgm/flow-intelligence,9abb0b6bd7be48476028c85c9bc38540,200,1,748,monitoring,1
2026-09-19T22:06:31.516Z,tgm/token-ohlcv,1b6bc51afe1351241888fd08bab6dc65,200,1,690,monitoring,1
2026-09-19T22:07:35.645Z,tgm/flow-intelligence,c6e763525f245f38462e11543d8d1c40,200,1,3989,monitoring,1
2026-09-19T22:07:36.568Z,tgm/token-ohlcv,cffe9733186ef24343186d414f40c004,200,1,917,monitoring,1
2026-09-19T22:07:37.392Z,tgm/flow-intelligence,dd85a013b218e66fb818744fed9d3b57,200,1,815,monitoring,1
2026-09-19T22:07:38.312Z,tgm/token-ohlcv,6b7d6a451aa54a01f7cc776b363e925b,200,1,912,monitoring,1
2026-09-19T22:07:40.764Z,tgm/flow-intelligence,4f99dc00736a3a675b24c202653ca544,200,1,2442,monitoring,1
2026-09-19T22:07:42.554Z,tgm/token-ohlcv,8d40dd6a9413d24faae8243157f0c271,200,1,1785,monitoring,1
2026-09-19T22:07:43.466Z,tgm/flow-intelligence,cc588a626ecf301205e458371834c45f,200,1,904,monitoring,1
2026-09-19T22:07:44.247Z,tgm/token-ohlcv,1a899c466bc8ac07e4ff2a40d28c2e4e,200,1,776,monitoring,1
2026-09-19T22:07:45.089Z,tgm/flow-intelligence,dd17c242560aff2e42f02d60ea65f773,200,1,831,monitoring,1
2026-09-19T22:07:45.987Z,tgm/token-ohlcv,dc6c88253804f815c382b332ab233540,200,1,894,monitoring,1
2026-09-19T22:08:54.084Z,tgm/flow-intelligence,db99ca15191aba4bd774e0170530446e,200,1,7969,monitoring,1
2026-09-19T22:08:55.114Z,tgm/token-ohlcv,35b5454febeb7a75d23dcd29927c7c1e,200,1,1023,monitoring,1
2026-09-19T22:08:56.019Z,tgm/flow-intelligence,4200f7074a4c742d07420c52ca636d7b,200,1,892,monitoring,1
2026-09-19T22:08:57.152Z,tgm/token-ohlcv,09f9d518a7bd2714a184cc7caaeb0853,200,1,1131,monitoring,1
2026-09-19T22:08:57.977Z,tgm/flow-intelligence,2b84dd2cf071077e909d4e7148157b47,200,1,818,monitoring,1
2026-09-19T22:08:58.755Z,tgm/token-ohlcv,fe13836f6d263b0bd5e5ae3c88e7fa5d,200,1,771,monitoring,1
2026-09-19T22:08:59.686Z,tgm/flow-intelligence,2f1f8f6344184e27d3ec0c6076b6c00a,200,1,922,monitoring,1
2026-09-19T22:09:00.638Z,tgm/token-ohlcv,fd069822c0c2d85deec2997790d8d504,200,1,945,monitoring,1
2026-09-19T22:09:01.986Z,tgm/flow-intelligence,4ebcd97238269540d8864d2e25968704,200,1,1338,monitoring,1
2026-09-19T22:09:02.781Z,tgm/token-ohlcv,7f0fad27c5391b7c3854f12c7be3b135,200,1,791,monitoring,1
2026-09-19T22:09:04.246Z,tgm/flow-intelligence,62fc6744a69073715cd74f04eb2df65b,200,1,1460,monitoring,1
2026-09-19T22:09:05.845Z,tgm/token-ohlcv,c0200f0655c2aa2975e5a51b5b748c01,200,1,1596,monitoring,1
2026-09-19T22:10:09.054Z,tgm/flow-intelligence,a1f89273747f0d4d7d0e197a92288970,200,1,3109,monitoring,1
2026-09-19T22:10:10.345Z,tgm/token-ohlcv,87cdb214ed4a5a1ac6099244150de912,200,1,1288,monitoring,1
2026-09-19T22:10:10.729Z,tgm/flow-intelligence,2fecba25d28cde410d6aec20148a8f22,200,1,376,monitoring,1
2026-09-19T22:10:11.937Z,tgm/token-ohlcv,7aa9a33e3596487125da223bda7df15d,200,1,1204,monitoring,1
2026-09-19T22:10:24.911Z,tgm/flow-intelligence,24c8ae1a87c9273dc25e3565065f5b40,200,1,12969,monitoring,1
2026-09-19T22:10:25.429Z,tgm/flow-intelligence,92c65617933156052076f226c55cb505,200,1,508,monitoring,1
2026-09-19T22:10:41.496Z,tgm/flow-intelligence,43fe7177661b473a63774d29f1709f37,200,1,16056,monitoring,1
2026-09-19T22:10:43.725Z,tgm/token-ohlcv,88f0d9150187ff29ad91e9707f006f68,200,1,2225,monitoring,1
2026-09-19T22:10:49.421Z,tgm/flow-intelligence,4e5c80720cee28258cff6e1c565ada0f,200,1,5692,monitoring,1
2026-09-19T22:10:51.533Z,tgm/flow-intelligence,86b6703e6b01840f45d3593f6d49fe26,200,1,2109,monitoring,1
2026-09-19T22:10:52.665Z,tgm/who-bought-sold,30e01a76bfb41b4eb0424b4fc7771f14,200,1,1124,monitoring,1
2026-09-19T22:10:53.897Z,tgm/flow-intelligence,b5197a412c2df71d89f71d55c9daaf70,200,1,1212,monitoring,1
2026-09-19T22:10:54.916Z,tgm/token-ohlcv,d3c46b2a7999ad34e39a3139be06c02b,200,1,1012,monitoring,1
2026-09-19T22:10:56.142Z,tgm/flow-intelligence,163257775be76411faea5b1364f3eb7c,200,1,1223,monitoring,1
2026-09-19T22:10:57.470Z,tgm/flow-intelligence,098c8f4c5252fd40c2431860e083ec60,200,1,1326,monitoring,1
2026-09-19T22:10:58.180Z,tgm/who-bought-sold,f3a9d84d24843b63d9e41b76577d2a4a,200,1,702,monitoring,1
2026-09-19T22:10:58.705Z,tgm/flow-intelligence,8ec78a529a942b75e41ac11a81d66c25,200,1,514,monitoring,1
2026-09-19T22:10:59.402Z,tgm/token-ohlcv,f789500219973e1630f3a00da5a6fb32,200,1,686,monitoring,1
2026-09-19T22:11:00.738Z,tgm/flow-intelligence,2ee02c0d7a18c35ceaad830d98a01d1e,200,1,1334,monitoring,1
2026-09-19T22:11:01.567Z,tgm/flow-intelligence,e5d0f07d560eb251ab0bff1d8368251c,200,1,826,monitoring,1
2026-09-19T22:11:02.592Z,tgm/who-bought-sold,9a8ecb5e0bcdf546e64e5d0dbc256019,200,1,1022,monitoring,1
2026-09-19T22:11:03.153Z,tgm/flow-intelligence,80178b06e4a58c6af0319813ac77e43a,200,1,549,monitoring,1
2026-09-19T22:11:04.222Z,tgm/token-ohlcv,ea1a5637fdd9292f2915d302fd14522a,200,1,1058,monitoring,1
2026-09-19T22:11:05.563Z,tgm/flow-intelligence,1a721f3a8f9b0c0fbfaac75432f8b974,200,1,1336,monitoring,1
2026-09-19T22:11:06.580Z,tgm/flow-intelligence,cf02fe5a7e87c31d46202270e426ac2a,200,1,1005,monitoring,1
2026-09-19T22:11:07.614Z,tgm/who-bought-sold,d4616f4cd1c0f55bc26d6653d566000c,200,1,1028,monitoring,1
2026-09-19T22:11:08.002Z,tgm/flow-intelligence,e7b70146094458795111dd07f0f23d3a,200,1,375,monitoring,1
2026-09-19T22:11:08.715Z,tgm/token-ohlcv,d8c7a2003dbd357976c84152179bf449,200,1,705,monitoring,1
2026-09-19T22:11:09.945Z,tgm/flow-intelligence,46b6870c489aae3720632a661f7e2a0d,200,1,1224,monitoring,1
2026-09-19T22:11:10.904Z,tgm/flow-intelligence,9ff0e17934e02a232c96c17cbc11c607,200,1,956,monitoring,1
2026-09-19T22:11:11.881Z,tgm/who-bought-sold,e2220066f58958196b81bd7b1534e505,200,1,956,monitoring,1
2026-09-19T22:11:12.319Z,tgm/flow-intelligence,63b6210cb58412601c854f3f4592cb01,200,1,428,monitoring,1
2026-09-19T22:11:13.072Z,tgm/token-ohlcv,6d393f3fbd01e965e991810cb26bf521,200,1,746,monitoring,1
2026-09-19T22:11:15.197Z,tgm/flow-intelligence,18666a19fbfe8231fd34be4b4d9f5f01,200,1,2111,monitoring,1
2026-09-19T22:11:16.007Z,tgm/flow-intelligence,ce14961b7568bc471a72c77e7beebd54,200,1,807,monitoring,1
2026-09-19T22:11:16.709Z,tgm/who-bought-sold,a0a57d0ff683ea7b0962cf393076b756,200,1,665,monitoring,1
2026-09-19T22:11:17.985Z,tgm/flow-intelligence,949b7b1bb894b45f89675d13c2a5b902,200,1,1267,monitoring,1
2026-09-19T22:11:19.049Z,tgm/token-ohlcv,9309735b2a04cf7203c9e5360357e216,200,1,1059,monitoring,1
2026-09-19T22:11:20.118Z,tgm/flow-intelligence,94a91f6d678aef19b8ee80799d963f4e,200,1,1058,monitoring,1
2026-09-19T22:11:21.155Z,tgm/flow-intelligence,4e453561ca7a0c3ea7fe085be2e0b07c,200,1,1034,monitoring,1
2026-09-19T22:11:22.178Z,tgm/who-bought-sold,5e2b874c1ec1c11928bab77b2fb3a139,200,1,1006,monitoring,1
2026-09-19T22:12:23.833Z,tgm/flow-intelligence,16dd0d5397675202f9015537aea00941,200,1,1505,monitoring,1
2026-09-19T22:12:24.616Z,tgm/token-ohlcv,558b0b11a55b387541dd003c8fed6b06,200,1,777,monitoring,1
2026-09-19T22:13:26.367Z,tgm/flow-intelligence,ef21e52022e24350991f1a2e4222c67d,200,1,1601,monitoring,1
2026-09-19T22:13:27.285Z,tgm/token-ohlcv,a76fea29978c1f6acf050c7e70139a3f,200,1,913,monitoring,1
2026-09-19T22:13:28.208Z,tgm/flow-intelligence,b411455e110fc8397f6f3e741b13ec3f,200,1,914,monitoring,1
2026-09-19T22:13:28.830Z,tgm/token-ohlcv,ffefa66debfb9757e6723f72e5b4b62b,200,1,609,monitoring,1
2026-09-19T22:13:29.229Z,tgm/flow-intelligence,5f756c2abe525b20833e7c0b62e40f42,200,1,390,monitoring,1
2026-09-19T22:13:29.743Z,tgm/token-ohlcv,77699f2854669807de9fdf2b2c7be406,200,1,509,monitoring,1
2026-09-19T22:15:31.069Z,tgm/flow-intelligence,11b1582f6e13f956d79bc32f6c7eba01,200,1,1146,monitoring,1
2026-09-19T22:15:31.801Z,tgm/token-ohlcv,5fc6c43512c0850e1902f57e704c2a2c,200,1,727,monitoring,1
2026-09-19T22:16:33.751Z,tgm/flow-intelligence,91b0690f58f0da3ced58107bc45b1534,200,1,1784,monitoring,1
2026-09-19T22:16:34.397Z,tgm/token-ohlcv,be98c36f8869ba40945bcb661d14487c,200,1,640,monitoring,1
2026-09-19T22:16:35.341Z,tgm/flow-intelligence,7840401a6784db32714e1d74deb2450a,200,1,931,monitoring,1
2026-09-19T22:16:36.212Z,tgm/token-ohlcv,02ec5201a1279e067416a8494b214d54,200,1,866,monitoring,1
2026-09-19T22:16:36.963Z,tgm/flow-intelligence,9e9da234da5de86da8784a4121c9be63,200,1,742,monitoring,1
2026-09-19T22:16:37.768Z,tgm/token-ohlcv,6739a36697b838202001c17eb7a9fa31,200,1,794,monitoring,1
2026-09-19T22:16:38.565Z,tgm/flow-intelligence,2849bf6730c32118025cd95dfc5ca81a,200,1,788,monitoring,1
2026-09-19T22:16:39.082Z,tgm/token-ohlcv,6f88be09aa5a895d6e2df74e97d17d71,200,1,509,monitoring,1
2026-09-19T22:16:39.957Z,tgm/flow-intelligence,3e355166e0e4af6ba96ce7476a71fd58,200,1,864,monitoring,1
2026-09-19T22:16:40.718Z,tgm/token-ohlcv,eebb014e4ac481770b57e65e5e00c460,200,1,755,monitoring,1
2026-09-19T22:17:41.634Z,tgm/flow-intelligence,a649ea482e60936a78015f7ecfb4846f,200,1,805,monitoring,1
2026-09-19T22:17:42.101Z,tgm/token-ohlcv,b5c3b213af4ec10844e3bc12f0d03f5a,200,1,462,monitoring,1
2026-09-19T22:17:42.497Z,tgm/flow-intelligence,f953d8536dfee56555da9846b6ce1500,200,1,386,monitoring,1
2026-09-19T22:17:43.078Z,tgm/token-ohlcv,a6dc452d90b2de5efd2306594c263076,200,1,577,monitoring,1
2026-09-19T22:18:44.352Z,tgm/flow-intelligence,2252301ad53a065016b3d1446def7d7a,200,1,1195,monitoring,1
2026-09-19T22:18:45.189Z,tgm/token-ohlcv,f742b80e4749366ede11bd6578ccac3a,200,1,830,monitoring,1
2026-09-19T22:18:47.587Z,tgm/flow-intelligence,37f1394d4993f876c52f935240f90514,200,1,2390,monitoring,1
2026-09-19T22:18:48.588Z,tgm/token-ohlcv,3bfec034e9747a0059400964bdc2a668,200,1,991,monitoring,1
2026-09-19T22:18:49.325Z,tgm/flow-intelligence,a4bbc23a446d4969df76ac18f757fc02,200,1,732,monitoring,1
2026-09-19T22:18:50.254Z,tgm/token-ohlcv,34b72064494d1415b46f862ce05ccd73,200,1,923,monitoring,1
2026-09-19T22:19:51.683Z,tgm/flow-intelligence,3dbce504d062f7447e96ab3d547d705b,200,1,1298,monitoring,1
2026-09-19T22:19:52.305Z,tgm/token-ohlcv,6e504d3d926df321359c4874f5f17b4b,200,1,618,monitoring,1
2026-09-19T22:19:52.714Z,tgm/flow-intelligence,bd4e917bdc8ff527cfca4823951ca821,200,1,401,monitoring,1
2026-09-19T22:19:53.315Z,tgm/token-ohlcv,808ef7417dec004cdb5ab94a704c5e17,200,1,592,monitoring,1
2026-09-19T22:19:54.150Z,tgm/flow-intelligence,c669e13d1d690e029a83164902366334,200,1,826,monitoring,1
2026-09-19T22:19:55.172Z,tgm/token-ohlcv,0bcf6f3f0b04650218971d166e05a97d,200,1,1018,monitoring,1
2026-09-19T22:19:55.888Z,tgm/flow-intelligence,f52c9b7201963963b59c8571e0e39800,200,1,708,monitoring,1
2026-09-19T22:19:56.497Z,tgm/token-ohlcv,4ac5292bbb73cc0e0de5a65c102f0b69,200,1,604,monitoring,1
2026-09-19T22:20:58.134Z,tgm/flow-intelligence,ad4fc918d3d2f677ae46df71fc57ba71,200,1,1499,monitoring,1
2026-09-19T22:20:58.886Z,tgm/token-ohlcv,cbf95e48b3b1df762db0c5438eb4c662,200,1,744,monitoring,1
2026-09-19T22:20:59.306Z,tgm/flow-intelligence,4ac03a7465e9ef59ef60340bf70f040d,200,1,410,monitoring,1
2026-09-19T22:21:00.310Z,tgm/token-ohlcv,a1185436896f310ae1cd8d79ec085d54,200,1,990,monitoring,1
2026-09-19T22:21:01.119Z,tgm/flow-intelligence,234f0106b983aa7526765561459e2c57,200,1,799,monitoring,1
2026-09-19T22:21:01.635Z,tgm/token-ohlcv,7abc3b0d474b1a1645110d322a91e622,200,1,489,monitoring,1
2026-09-19T22:22:03.684Z,tgm/flow-intelligence,f23e194884ebf0280e164259f066571e,200,1,1948,monitoring,1
2026-09-19T22:22:04.781Z,tgm/token-ohlcv,cd97944e6ce92349f08ee7544fb8dd3c,200,1,1094,monitoring,1
2026-09-19T22:22:05.219Z,tgm/flow-intelligence,a49fc701b93dc017e5e47568d60b2e6c,200,1,432,monitoring,1
2026-09-19T22:22:05.806Z,tgm/token-ohlcv,9f55ad629e03b707f2a71b6b5250285a,200,1,578,monitoring,1
2026-09-19T22:22:06.243Z,tgm/flow-intelligence,2f19423ffb141f32be8e7b7d010f4a07,200,1,429,monitoring,1
2026-09-19T22:22:06.859Z,tgm/token-ohlcv,eaee081e334fc54114ca70459934067c,200,1,610,monitoring,1
2026-09-19T22:22:07.233Z,tgm/flow-intelligence,dc5d846fc9099f2e3ad2f9275eb06a6d,200,1,365,monitoring,1
2026-09-19T22:22:07.882Z,tgm/token-ohlcv,c45eef1ca416944ed5da6d496634714b,200,1,644,monitoring,1
2026-09-19T22:22:08.246Z,tgm/flow-intelligence,2f2fac6b0a04f56466047e60db138a75,200,1,356,monitoring,1
2026-09-19T22:22:08.776Z,tgm/token-ohlcv,59596e2ec84d48162477182a0401ed1d,200,1,519,monitoring,1
2026-09-19T22:22:09.130Z,tgm/flow-intelligence,79a2454e71f60a69ba81af0a41d97936,200,1,345,monitoring,1
2026-09-19T22:22:09.836Z,tgm/token-ohlcv,f16b0a1704dd7f380f337e3736cc1f49,200,1,703,monitoring,1
2026-09-19T22:23:10.655Z,tgm/flow-intelligence,d8a181360588662b4217da313afc6e03,200,1,726,monitoring,1
2026-09-19T22:23:11.364Z,tgm/token-ohlcv,70456f2f78033a0708927974a752e173,200,1,689,monitoring,1
2026-09-19T22:24:12.267Z,tgm/flow-intelligence,cb53771b3743d85381080623f9a7ee1f,200,1,785,monitoring,1
2026-09-19T22:24:13.504Z,tgm/token-ohlcv,1f5c1e7592c77130ea92de7029b6e61a,200,1,1227,monitoring,1
2026-09-19T22:24:14.428Z,tgm/flow-intelligence,44d7717fef3d706c8ae3e76ed2174861,200,1,912,monitoring,1
2026-09-19T22:24:14.990Z,tgm/token-ohlcv,0d66244687163d28af8c8f38c0dd1809,200,1,559,monitoring,1
2026-09-19T22:24:15.368Z,tgm/flow-intelligence,4c7bba6570342e684708d72971738427,200,1,372,monitoring,1
2026-09-19T22:24:19.460Z,tgm/token-ohlcv,63ef6522c4380316e1c9936de17bc951,200,1,4089,monitoring,1
2026-09-19T22:24:19.873Z,tgm/flow-intelligence,9a127a6984e4db2582dcce15bfc8776c,200,1,408,monitoring,1
2026-09-19T22:24:20.898Z,tgm/token-ohlcv,88b602544c74f036be593915ef6dc10e,200,1,1019,monitoring,1
2026-09-19T22:24:22.024Z,tgm/flow-intelligence,07ad1556db25370cb6a82542a0a33567,200,1,1123,monitoring,1
2026-09-19T22:24:22.631Z,tgm/flow-intelligence,55b3fa0876ba6745960aec2dc3f1f13a,200,1,572,monitoring,1
2026-09-19T22:24:23.679Z,tgm/who-bought-sold,ba73076b0045df49a085ed3e496dab66,200,1,1027,monitoring,1
2026-09-19T22:24:24.052Z,tgm/flow-intelligence,27814466e23e9e2a5bf18745f5291218,200,1,364,monitoring,1
2026-09-19T22:24:24.858Z,tgm/token-ohlcv,c467ca5df0d791728304da55c104d76c,200,1,800,monitoring,1
2026-09-19T22:24:25.930Z,tgm/flow-intelligence,740edb565a3e077c153d595243bca80b,200,1,1069,monitoring,1
2026-09-19T22:24:26.733Z,tgm/flow-intelligence,2203725f5d51bd0444c1636aa5b30d24,200,1,800,monitoring,1
2026-09-19T22:24:27.553Z,tgm/who-bought-sold,98a3c550ae28ef3a52f48e35c18aa136,200,1,746,monitoring,1
2026-09-19T22:26:28.489Z,tgm/flow-intelligence,a6fb505fbbd89570d8591137eefc6b7f,200,1,803,monitoring,1
2026-09-19T22:26:29.411Z,tgm/token-ohlcv,d39e5942ff9c832a47f44e7ead1a640c,200,1,917,monitoring,1
2026-09-19T22:27:30.253Z,tgm/flow-intelligence,c6e0dd47c529986855daa06be1c4bb45,200,1,718,monitoring,1
2026-09-19T22:27:30.964Z,tgm/token-ohlcv,cc16067cb171a222272b096408ae0369,200,1,695,monitoring,1
2026-09-19T22:27:31.284Z,tgm/flow-intelligence,7c90ad4783893d581e4c9b28ea540452,200,1,313,monitoring,1
2026-09-19T22:27:31.791Z,tgm/token-ohlcv,617401070ced890dbd60066fcd10a806,200,1,503,monitoring,1
2026-09-19T22:27:32.140Z,tgm/flow-intelligence,3ec3aa5399c0fb65a8aaef2149ee782b,200,1,344,monitoring,1
2026-09-19T22:27:32.694Z,tgm/token-ohlcv,37e78d5639622b24d08803466256a846,200,1,551,monitoring,1
2026-09-19T22:27:33.035Z,tgm/flow-intelligence,8f6e07598d71fe1de4c84a02c750377f,200,1,334,monitoring,1
2026-09-19T22:27:33.818Z,tgm/token-ohlcv,948037255ee3b04bef06343e5a61156d,200,1,779,monitoring,1
2026-09-19T22:27:34.229Z,tgm/flow-intelligence,41f9da3dff0ea155b2cce66cd067e216,200,1,401,monitoring,1
2026-09-19T22:27:34.842Z,tgm/token-ohlcv,383c43320847744cc780da4f5e4af501,200,1,609,monitoring,1
2026-09-19T22:28:37.012Z,tgm/flow-intelligence,cbd4d56f27d9535032d22a335f380603,200,1,2031,monitoring,1
2026-09-19T22:28:37.522Z,tgm/token-ohlcv,9343bd39fee6806f2b8c7c38da9fb525,200,1,504,monitoring,1
2026-09-19T22:28:38.141Z,tgm/flow-intelligence,e6d60766f50b5e59b73aee3a49a4692d,200,1,609,monitoring,1
2026-09-19T22:28:38.786Z,tgm/token-ohlcv,b021060fca4af27edcead9188042ab3f,200,1,641,monitoring,1
2026-09-19T22:29:42.840Z,tgm/flow-intelligence,982e2c35f8df2f1d2469a92511417c5b,200,1,3949,monitoring,1
2026-09-19T22:29:43.370Z,tgm/token-ohlcv,38947f1a31605555cdd4123428b9a025,200,1,527,monitoring,1
2026-09-19T22:29:43.773Z,tgm/flow-intelligence,91181d66509df8197cf3fe02413dc93f,200,1,397,monitoring,1
2026-09-19T22:29:44.521Z,tgm/token-ohlcv,9d3a1f0ba7b62c4f40c1f56ab7ccb60b,200,1,745,monitoring,1
2026-09-19T22:29:44.990Z,tgm/flow-intelligence,872208031a891c1facfa7f2d500e0566,200,1,460,monitoring,1
2026-09-19T22:29:45.738Z,tgm/token-ohlcv,d61aae084747bb211deefc48ae69ef33,200,1,713,monitoring,1
2026-09-19T22:30:46.915Z,tgm/flow-intelligence,d3e8ba5b791e4d3760c4df61d26d6f29,200,1,1076,monitoring,1
2026-09-19T22:30:47.551Z,tgm/token-ohlcv,53cb6c244d8d7c611382675dc252634e,200,1,632,monitoring,1
2026-09-19T22:30:48.300Z,tgm/flow-intelligence,f2bdab583253d87bd7f04207864ddf25,200,1,741,monitoring,1
2026-09-19T22:30:49.090Z,tgm/token-ohlcv,2bcbd167dcb99d10e855f63f811c1f16,200,1,787,monitoring,1
2026-09-19T22:30:49.773Z,tgm/flow-intelligence,cad35e2213aabe46c05805642c0a5754,200,1,678,monitoring,1
2026-09-19T22:30:50.364Z,tgm/token-ohlcv,2690e9220e87ba49521da05df0634845,200,1,585,monitoring,1
2026-09-19T22:30:51.151Z,tgm/flow-intelligence,3774b03d7f28185e059d82775d049a60,200,1,779,monitoring,1
2026-09-19T22:30:51.859Z,tgm/token-ohlcv,c8dad0126aab2302a1a39c254daf2727,200,1,703,monitoring,1
2026-09-19T22:31:53.375Z,tgm/flow-intelligence,a1ec5202b960c270d4d7161a77475373,200,1,1349,monitoring,1
2026-09-19T22:31:54.221Z,tgm/token-ohlcv,0d056e3c4905bd607e6f5e3405a7ba33,200,1,841,monitoring,1
2026-09-19T22:31:59.704Z,tgm/flow-intelligence,7f6b1c430f76c6315eaf471b01e28e42,200,1,5469,monitoring,1
2026-09-19T22:32:00.722Z,tgm/token-ohlcv,22a2817152d29017cbd67a2938b0a910,200,1,1003,monitoring,1
2026-09-19T22:32:02.385Z,tgm/flow-intelligence,21403f0981afb14a5de6c00648e04912,200,1,1649,monitoring,1
2026-09-19T22:32:03.391Z,tgm/token-ohlcv,858a174f1c4bba2fa80afc35805f2233,200,1,994,monitoring,1
2026-09-19T22:33:05.889Z,tgm/flow-intelligence,bf37b560c8fe695bebb75b515a03222d,200,1,1787,monitoring,1
2026-09-19T22:33:06.814Z,tgm/token-ohlcv,d71468414bbba124dba2ab6d43196872,200,1,917,monitoring,1
2026-09-19T22:33:07.792Z,tgm/flow-intelligence,6d421721c66366526e4026005e7c0814,200,1,968,monitoring,1
2026-09-19T22:33:08.721Z,tgm/token-ohlcv,5c804e4ce60267150985150cb243292a,200,1,919,monitoring,1
2026-09-19T22:33:09.639Z,tgm/flow-intelligence,05b189189dd7694cf6ba161269162b0c,200,1,912,monitoring,1
2026-09-19T22:33:10.179Z,tgm/token-ohlcv,4bb2537871e06d6543370508e72ca218,200,1,532,monitoring,1
2026-09-19T22:33:11.014Z,tgm/flow-intelligence,cbac7f648f94f93de7c77e58e6c6833a,200,1,828,monitoring,1
2026-09-19T22:33:11.658Z,tgm/token-ohlcv,0717930df382d62b2672306952097b24,200,1,637,monitoring,1
2026-09-19T22:33:12.394Z,tgm/flow-intelligence,ce63b92f7314f17deb421c58348efd5d,200,1,729,monitoring,1
2026-09-19T22:33:13.254Z,tgm/token-ohlcv,70dab31e92f73f64e3e51f319a32fb2f,200,1,848,monitoring,1
2026-09-19T22:34:15.449Z,tgm/flow-intelligence,0bfbfa2f11d7b439e939c64ab380b848,200,1,2028,monitoring,1
2026-09-19T22:34:16.375Z,tgm/token-ohlcv,4c5c9f06ef438403687afd2e07266f3b,200,1,916,monitoring,1
2026-09-19T22:35:20.126Z,tgm/flow-intelligence,b48ad1312b52c459c0ecb46c55be9226,200,1,3582,monitoring,1
2026-09-19T22:35:21.008Z,tgm/token-ohlcv,ef6ee46e13f9ce2de992be66b04eb77e,200,1,866,monitoring,1
2026-09-19T22:35:21.757Z,tgm/flow-intelligence,74ae8e047c1ffa43bd27a5078b0f7b3f,200,1,738,monitoring,1
2026-09-19T22:35:22.236Z,tgm/token-ohlcv,6f8ac557fe85346a9c3bd05b7467ee28,200,1,475,monitoring,1
2026-09-19T22:35:23.350Z,tgm/flow-intelligence,1be9af79546db132c6ab3d6da65e081d,200,1,1094,monitoring,1
2026-09-19T22:35:24.010Z,tgm/token-ohlcv,6c1f171488ce2671d258c53838204402,200,1,656,monitoring,1
2026-09-19T22:37:26.169Z,tgm/flow-intelligence,5fd58a150d1df6370e9af179e2c6c914,200,1,2009,monitoring,1
2026-09-19T22:37:26.829Z,tgm/token-ohlcv,897a807a2af4703331e1b50b2250d547,200,1,655,monitoring,1
2026-09-19T22:38:28.279Z,tgm/flow-intelligence,188c577dc70c4054c6eecc073d63740a,200,1,1289,monitoring,1
2026-09-19T22:38:29.401Z,tgm/token-ohlcv,d939535d6a81246126ebfe73a3019f24,200,1,1053,monitoring,1
2026-09-19T22:38:30.245Z,tgm/flow-intelligence,f3a15d0b472a623dd3fe2e32a2db8a61,200,1,835,monitoring,1
2026-09-19T22:38:31.000Z,tgm/token-ohlcv,30b9ae6cc91d5612eb25ce5ccd01057c,200,1,747,monitoring,1
2026-09-19T22:38:31.945Z,tgm/flow-intelligence,adfd1e7806a0a42af60a7d6915b3b477,200,1,934,monitoring,1
2026-09-19T22:38:33.160Z,tgm/token-ohlcv,9ffd192224ea3b3597b5771e1a5a0566,200,1,1211,monitoring,1
2026-09-19T22:38:34.047Z,tgm/flow-intelligence,0755d7177518a5246e3911268bc70634,200,1,874,monitoring,1
2026-09-19T22:38:34.627Z,tgm/token-ohlcv,5eeb2d39b3e74815f93fa44af7e5f16e,200,1,572,monitoring,1
2026-09-19T22:38:35.363Z,tgm/flow-intelligence,89c70c2532041223c199641128c52647,200,1,724,monitoring,1
2026-09-19T22:38:35.866Z,tgm/token-ohlcv,ce18e849596c273a098900239fd16431,200,1,500,monitoring,1
2026-09-19T22:39:37.472Z,tgm/flow-intelligence,cab4377594bef4578c1ba0755e0cba3e,200,1,1506,monitoring,1
2026-09-19T22:39:38.292Z,tgm/token-ohlcv,ba1e1b6dc323104c9439c4780771dd36,200,1,817,monitoring,1
2026-09-19T22:39:39.007Z,tgm/flow-intelligence,b894b8162f39745e6aeb482b358f924a,200,1,709,monitoring,1
2026-09-19T22:39:40.020Z,tgm/token-ohlcv,55ac9b0ea9c3f20f41b4f7126c486647,200,1,1009,monitoring,1
2026-09-19T22:39:41.465Z,tgm/flow-intelligence,9f813e59d4193c180d0a290744102d24,200,1,1438,monitoring,1
2026-09-19T22:39:43.538Z,tgm/token-ohlcv,59db1c462ae229425b51de7a4d87a21a,200,1,2066,monitoring,1
2026-09-19T22:39:44.451Z,tgm/flow-intelligence,f7c3921c9567dc061519844075a59e79,200,1,904,monitoring,1
2026-09-19T22:39:45.766Z,tgm/token-ohlcv,3b06367b63580c2c69611d22e4883078,200,1,1311,monitoring,1
2026-09-19T22:40:47.822Z,tgm/flow-intelligence,2d9ded221bedc85160927330bd5d3d4f,200,1,1936,monitoring,1
2026-09-19T22:40:48.371Z,tgm/token-ohlcv,9c5567118574bc2183b9666adfb6387c,200,1,539,monitoring,1
2026-09-19T22:40:49.571Z,tgm/flow-intelligence,1ef8ad7f0078324a5c0aa8165ac66713,200,1,1186,monitoring,1
2026-09-19T22:40:50.890Z,tgm/token-ohlcv,b2eb7a0d65fc9550df17200900c42627,200,1,1307,monitoring,1
2026-09-19T22:40:52.126Z,tgm/flow-intelligence,5855fa5248bea74bd3dab42a0a417560,200,1,1224,monitoring,1
2026-09-19T22:40:53.668Z,tgm/token-ohlcv,adba3d1cb2f2d4330a059c0723aa3d05,200,1,1533,monitoring,1
2026-09-19T22:41:55.548Z,tgm/flow-intelligence,489fad66d4ac03699c35026ea176af19,200,1,1699,monitoring,1
2026-09-19T22:41:56.841Z,tgm/token-ohlcv,0eaea94c3e4bc01105c5c907f214b703,200,1,1286,monitoring,1
2026-09-19T22:41:57.769Z,tgm/flow-intelligence,5f8c011d8ad06a349a40657bdc6e9436,200,1,919,monitoring,1
2026-09-19T22:41:59.018Z,tgm/token-ohlcv,d51bf72a9bd1f815dfb9bb325a1f337d,200,1,1241,monitoring,1
2026-09-19T22:41:59.709Z,tgm/flow-intelligence,138e802d721fdf2198284d74c4a38a45,200,1,683,monitoring,1
2026-09-19T22:42:01.727Z,tgm/token-ohlcv,e8c1f67fc3c90a038567ef208fc43103,200,1,2010,monitoring,1
2026-09-19T22:42:02.571Z,tgm/flow-intelligence,c8e0631274345e0b95f8cf6c85932978,200,1,838,monitoring,1
2026-09-19T22:42:06.142Z,tgm/token-ohlcv,6ce89112f43bb83f15bee92115b83109,200,1,3562,monitoring,1
2026-09-19T22:43:07.552Z,tgm/flow-intelligence,134c3b3b8805567df26d833916334d57,200,1,1305,monitoring,1
2026-09-19T22:43:08.526Z,tgm/token-ohlcv,5dde2457de72ee6788434222271d966f,200,1,967,monitoring,1
2026-09-19T22:43:10.771Z,tgm/flow-intelligence,d3abe72e493ed65c7ef51c0b2f3d8537,200,1,2232,monitoring,1
2026-09-19T22:43:11.801Z,tgm/token-ohlcv,f688df78f5c1d1207f5ac2618c990f66,200,1,1023,monitoring,1
2026-09-19T22:43:13.252Z,tgm/flow-intelligence,141c6957d5fde63894ef3d251ae2cc56,200,1,1442,monitoring,1
2026-09-19T22:43:14.067Z,tgm/token-ohlcv,59bb8f1d9119bf30d6a403505ec00628,200,1,805,monitoring,1
2026-09-19T22:43:14.969Z,tgm/flow-intelligence,57c5c46bb1ba9a2c5cef98435d8ad547,200,1,895,monitoring,1
2026-09-19T22:43:16.234Z,tgm/token-ohlcv,f0034c528e8fa52b1196bd7b3035ac46,200,1,1257,monitoring,1
2026-09-19T22:44:20.009Z,tgm/flow-intelligence,ea96de2a9847cd30b791d63602f62c2c,200,1,3666,monitoring,1
2026-09-19T22:44:20.511Z,tgm/token-ohlcv,e8d5a07f3fc5814deda7594c2698632a,200,1,492,monitoring,1
2026-09-19T22:44:21.002Z,tgm/flow-intelligence,2aa5c644706dca0cfd672142a7b6450b,200,1,478,monitoring,1
2026-09-19T22:44:21.541Z,tgm/token-ohlcv,b970756b9661a57f61d6aa60442c5922,200,1,536,monitoring,1
2026-09-19T22:44:22.545Z,tgm/flow-intelligence,8033864710b91a0c56485649b8f9de4e,200,1,997,monitoring,1
2026-09-19T22:44:23.388Z,tgm/token-ohlcv,e5d77736e9889414a4434057087e2600,200,1,837,monitoring,1
2026-09-19T22:44:24.186Z,tgm/flow-intelligence,3aafb57e3d9d5a10be2507522285567e,200,1,792,monitoring,1
2026-09-19T22:44:24.699Z,tgm/token-ohlcv,87d42a461d32946f5ff41162b4dfe417,200,1,498,monitoring,1
2026-09-19T22:44:25.103Z,tgm/flow-intelligence,75fc6524dca33a7ff303707bfdded86c,200,1,395,monitoring,1
2026-09-19T22:44:40.629Z,tgm/token-ohlcv,052bf81f372a7d3bd301637d652ba633,200,1,15520,monitoring,1
2026-09-19T22:45:41.560Z,tgm/flow-intelligence,9e6ec2338e6fd355d651ee3b8962771f,200,1,790,monitoring,1
2026-09-19T22:45:42.244Z,tgm/token-ohlcv,ae7b674e9300e20c5d6300303339690c,200,1,678,monitoring,1
2026-09-19T22:45:43.364Z,tgm/flow-intelligence,eb44e67908c7f026efe90947ab4ce310,200,1,1089,monitoring,1
2026-09-19T22:45:44.324Z,tgm/token-ohlcv,3ff08a4b9d61536462c2c37d2b103a41,200,1,934,monitoring,1
2026-09-19T22:45:45.167Z,tgm/flow-intelligence,c9b06334dab8262228752772751db425,200,1,836,monitoring,1
2026-09-19T22:45:45.699Z,tgm/token-ohlcv,7041cc33a1454e07ba08b65edf23de27,200,1,528,monitoring,1
2026-09-19T22:45:46.504Z,tgm/flow-intelligence,21dc3a32171b185eb23b0013d1e5d818,200,1,798,monitoring,1
2026-09-19T22:45:47.223Z,tgm/token-ohlcv,fe7ffb3db966b1788a754a0167e3324b,200,1,710,monitoring,1
2026-09-19T22:47:48.408Z,tgm/flow-intelligence,dc0eeb7e4da5133915c8ec552b667d1d,200,1,908,monitoring,1
2026-09-19T22:47:49.109Z,tgm/token-ohlcv,e4d5551f09803c42d9e36e25b436a55d,200,1,691,monitoring,1
2026-09-19T22:48:51.969Z,tgm/flow-intelligence,d1bdcc6a033929797ae73b2bf6bd9a11,200,1,2684,monitoring,1
2026-09-19T22:48:52.623Z,tgm/token-ohlcv,f1387d6603eb3c4c708a421768607b00,200,1,633,monitoring,1
2026-09-19T22:48:53.407Z,tgm/flow-intelligence,1ae2ac3543d9646d6372ef460ae14b5f,200,1,766,monitoring,1
2026-09-19T22:48:54.117Z,tgm/token-ohlcv,a048d51fb7c8b83a830193297ab93572,200,1,700,monitoring,1
2026-09-19T22:48:54.570Z,tgm/flow-intelligence,959d8a0ec7d42a7ee783f3143369c21e,200,1,444,monitoring,1
2026-09-19T22:48:55.110Z,tgm/token-ohlcv,ce15450d7bd7ce2b2fcc914b60081955,200,1,529,monitoring,1
2026-09-19T22:48:55.753Z,tgm/flow-intelligence,b139f04827d45443b7ec68450f788a5d,200,1,625,monitoring,1
2026-09-19T22:48:56.319Z,tgm/token-ohlcv,8443c5750a4332398798d127248c9a15,200,1,546,monitoring,1
2026-09-19T22:48:56.986Z,tgm/flow-intelligence,e430ea78d148b410ba20bc17be808441,200,1,655,monitoring,1
2026-09-19T22:48:57.442Z,tgm/token-ohlcv,6d145d4ddb00af28bd4b0c401e4e4d16,200,1,452,monitoring,1
2026-09-19T22:49:58.844Z,tgm/flow-intelligence,21a73f538098380e6ed24a0faf481868,200,1,1237,monitoring,1
2026-09-19T22:49:59.361Z,tgm/token-ohlcv,2af92348cab75c54f606fe7f8b66410f,200,1,511,monitoring,1
2026-09-19T22:50:00.136Z,tgm/flow-intelligence,2d66d2066524e871574c5e52a6694216,200,1,768,monitoring,1
2026-09-19T22:50:00.736Z,tgm/token-ohlcv,ce887c279a2f671416cb6d3b4fd07777,200,1,597,monitoring,1
2026-09-19T22:51:01.820Z,tgm/flow-intelligence,bd5b6551d53c637bb4ddad7bbf27dd4f,200,1,965,monitoring,1
2026-09-19T22:51:02.432Z,tgm/token-ohlcv,e2b9ba7e2ee9744c81650d5a60f1ba0b,200,1,599,monitoring,1
2026-09-19T22:51:03.074Z,tgm/flow-intelligence,b4ef30337bd31252d6118c31714b9604,200,1,629,monitoring,1
2026-09-19T22:51:03.566Z,tgm/token-ohlcv,876266539b80de7ef675d16d0a0dcf00,200,1,486,monitoring,1
2026-09-19T22:51:04.064Z,tgm/flow-intelligence,6d73fa68cc59be1b53350a5a9a7a4f5a,200,1,490,monitoring,1
2026-09-19T22:51:04.679Z,tgm/token-ohlcv,e22ca6374a8a4e3b98076d3a50a0a020,200,1,596,monitoring,1
2026-09-19T22:52:05.687Z,tgm/flow-intelligence,4bc29260a9707d4919e30644db715476,200,1,797,monitoring,1
2026-09-19T22:52:06.280Z,tgm/token-ohlcv,c7440e7454b87c5c372ca17e471e6063,200,1,563,monitoring,1
2026-09-19T22:52:06.931Z,tgm/flow-intelligence,ced35f3618473075c4bda717aad9f008,200,1,639,monitoring,1
2026-09-19T22:52:07.463Z,tgm/token-ohlcv,3ee8de28c9bf977411eddf1accb4cd30,200,1,530,monitoring,1
2026-09-19T22:52:08.233Z,tgm/flow-intelligence,bf020510431a1813afa4e90158c5be40,200,1,759,monitoring,1
2026-09-19T22:52:08.945Z,tgm/token-ohlcv,5c7e2b7f7e3eef1e3aef5815b811104d,200,1,708,monitoring,1
2026-09-19T22:53:10.326Z,tgm/flow-intelligence,55e7a353a204a27ff408d442997b973a,200,1,1246,monitoring,1
2026-09-19T22:53:10.911Z,tgm/token-ohlcv,d98fe55963e425459fcd1852071edf44,200,1,576,monitoring,1
2026-09-19T22:53:11.282Z,tgm/flow-intelligence,848bf0347b84484881c6c91de19fc57f,200,1,359,monitoring,1
2026-09-19T22:53:12.057Z,tgm/token-ohlcv,d814170387270a7c69e4094ec0d1bb21,200,1,764,monitoring,1
2026-09-19T22:54:13.291Z,tgm/flow-intelligence,388e9925f3123e43aee83956a2249247,200,1,1074,monitoring,1
2026-09-19T22:54:14.010Z,tgm/token-ohlcv,22f74837d79ade60d262095fdfcef533,200,1,707,monitoring,1
2026-09-19T22:54:14.479Z,tgm/flow-intelligence,4f7218557940222a01229463c946855d,200,1,437,monitoring,1
2026-09-19T22:54:15.243Z,tgm/token-ohlcv,15c7bd654d870533b17241282f9da714,200,1,754,monitoring,1
2026-09-19T22:54:16.059Z,tgm/flow-intelligence,1bace23b37ec084f950b924da9692d3f,200,1,805,monitoring,1
2026-09-19T22:54:16.681Z,tgm/token-ohlcv,fd5c3077c4c1233762ba150b4ccf484c,200,1,609,monitoring,1
2026-09-19T22:55:19.800Z,tgm/flow-intelligence,23b7676fc281ea362c39012f0af39406,200,1,2942,monitoring,1
2026-09-19T22:55:20.398Z,tgm/token-ohlcv,cdad3840b84bd12c2df9614a2c6ae80d,200,1,586,monitoring,1
2026-09-19T22:55:20.749Z,tgm/flow-intelligence,7508603c40230c566027543178b79721,200,1,332,monitoring,1
2026-09-19T22:55:21.497Z,tgm/token-ohlcv,cafde872cc31c02573cf6107e8e0693e,200,1,739,monitoring,1
2026-09-19T22:55:21.861Z,tgm/flow-intelligence,1c91373661832d1116a5304beaa1f629,200,1,355,monitoring,1
2026-09-19T22:55:22.466Z,tgm/token-ohlcv,ec19ce0674f5eb47b0a5f86a29eb5714,200,1,599,monitoring,1
2026-09-19T22:55:22.932Z,tgm/flow-intelligence,bdce916742a07b14d8a0692488cc7a5a,200,1,454,monitoring,1
2026-09-19T22:55:23.671Z,tgm/token-ohlcv,6ea1e6651b81852aa61b395f43594f1b,200,1,694,monitoring,1
2026-09-19T22:55:24.393Z,tgm/flow-intelligence,9c48812cfea977128f9e5b6f0e1e924c,200,1,709,monitoring,1
2026-09-19T22:55:24.946Z,tgm/token-ohlcv,5060f376136b6645f0ba7f66ee64df7d,200,1,543,monitoring,1
2026-09-19T22:55:25.323Z,tgm/flow-intelligence,0bca51710a39082d9ba8a831163c2315,200,1,368,monitoring,1
2026-09-19T22:55:26.125Z,tgm/token-ohlcv,f2aa4b3d0825c8137a0ee33fb7ed1d50,200,1,776,monitoring,1
2026-09-19T22:55:27.047Z,tgm/flow-intelligence,a98be72339749f5bf8baec53f2062258,200,1,914,monitoring,1
2026-09-19T22:55:27.741Z,tgm/token-ohlcv,5f1a4e3be7b5947dd9ed8f5dfcd1f157,200,1,673,monitoring,1
2026-09-19T22:56:28.685Z,tgm/flow-intelligence,8b12d65eb6ceec7e85799720e851b620,200,1,761,monitoring,1
2026-09-19T22:56:29.214Z,tgm/token-ohlcv,a267af4d0e1d574875be2a4382f99342,200,1,523,monitoring,1
2026-09-19T22:56:29.701Z,tgm/flow-intelligence,68b3e57f0a05c2147803091e7d1a0945,200,1,475,monitoring,1
2026-09-19T22:56:31.037Z,tgm/flow-intelligence,8c03bc288430e060664b667189ac9c67,200,1,1138,monitoring,1
2026-09-19T22:56:31.948Z,tgm/token-ohlcv,3b6b310f794d5042a5dc570d68a5bb4b,200,1,908,monitoring,1
2026-09-19T22:56:32.870Z,tgm/flow-intelligence,499f1e65d0f0f6784af2a9738599d113,200,1,910,monitoring,1
2026-09-19T22:56:33.372Z,tgm/token-ohlcv,21d0a92df75c3370f404652d4fb82542,200,1,495,monitoring,1
2026-09-19T22:58:34.373Z,tgm/flow-intelligence,a0de0f1e598d6c23a9c1a40d9b48ed68,200,1,842,monitoring,1
2026-09-19T22:58:34.921Z,tgm/token-ohlcv,89920704b49a211e576bc6756c6ce54f,200,1,545,monitoring,1
2026-09-19T22:58:35.951Z,tgm/flow-intelligence,bec5a453573df36c5b3ba76e70958b32,200,1,1023,monitoring,1
2026-09-19T22:58:36.982Z,tgm/flow-intelligence,899b874e1b965970e77a526866a8f066,200,1,1023,monitoring,1
2026-09-19T22:58:37.744Z,tgm/who-bought-sold,4709af01ddb787538fb790348f4b0515,200,1,741,monitoring,1
2026-09-19T22:59:39.017Z,tgm/flow-intelligence,b9323e61ea477740e339087d38776d18,200,1,1091,monitoring,1
2026-09-19T22:59:39.737Z,tgm/token-ohlcv,e7f7ac6b8df43c783780b9178b140d43,200,1,478,monitoring,1
2026-09-19T22:59:40.458Z,tgm/flow-intelligence,1a855359369fad4fdb985674548e7e2e,200,1,717,monitoring,1
2026-09-19T22:59:41.186Z,tgm/flow-intelligence,7e665423c012837d8cafe958bdcab464,200,1,721,monitoring,1
2026-09-19T22:59:41.892Z,tgm/who-bought-sold,2f7694032bca26354bdf1957e9a8d264,200,1,700,monitoring,1
2026-09-19T22:59:42.497Z,tgm/flow-intelligence,ad121f07a60d766b4956ee232b79732a,200,1,597,monitoring,1
2026-09-19T22:59:43.018Z,tgm/token-ohlcv,3933873455bf1b363497df3ffe10d942,200,1,519,monitoring,1
2026-09-19T22:59:43.784Z,tgm/flow-intelligence,a8161270de3d7b16cefbf94a0311ab25,200,1,742,monitoring,1
2026-09-19T22:59:44.649Z,tgm/flow-intelligence,67cd9a4b02d61e553a4c830801ddc65e,200,1,862,monitoring,1
2026-09-19T22:59:45.269Z,tgm/who-bought-sold,efa4db68d13c011a660f8c359cb7fa6f,200,1,617,monitoring,1
2026-09-19T22:59:45.628Z,tgm/flow-intelligence,b6ce753c8fe35402305f311bf001fd70,200,1,348,monitoring,1
2026-09-19T22:59:46.192Z,tgm/token-ohlcv,bd6dce525a4abf425ee60d7c6584e042,200,1,559,monitoring,1
2026-09-19T22:59:46.906Z,tgm/flow-intelligence,63c6b51388fed800c98dd94d19952b50,200,1,711,monitoring,1
2026-09-19T22:59:47.934Z,tgm/flow-intelligence,958e126437e5ef3bb6ee8e3c1bfa643a,200,1,1025,monitoring,1
2026-09-19T22:59:48.855Z,tgm/who-bought-sold,8b76073798ab7378d0de3d1437cf5e72,200,1,916,monitoring,1
2026-09-19T22:59:49.671Z,tgm/flow-intelligence,4a60476d766995194884df542db8f235,200,1,811,monitoring,1
2026-09-19T22:59:50.389Z,tgm/token-ohlcv,e76ce23d1dbf912c2254574ed0834b02,200,1,715,monitoring,1
2026-09-19T22:59:51.149Z,tgm/flow-intelligence,4f4114369c30346228c7dc1c4226386c,200,1,758,monitoring,1
2026-09-19T22:59:51.901Z,tgm/flow-intelligence,3836084117cdb95f7292957ccaac6305,200,1,750,monitoring,1
2026-09-19T22:59:52.472Z,tgm/who-bought-sold,9c39a442b36bcb5185685d365155ab2f,200,1,554,monitoring,1
2026-09-19T22:59:52.933Z,tgm/flow-intelligence,ed19ff0437593040f70e076a6751de42,200,1,455,monitoring,1
2026-09-19T22:59:53.665Z,tgm/token-ohlcv,3c20b4602e3bd4366d4781226eb5773e,200,1,728,monitoring,1
2026-09-19T22:59:54.594Z,tgm/flow-intelligence,71d7ab7e089d55435527270a63bd3129,200,1,925,monitoring,1
2026-09-19T22:59:55.815Z,tgm/flow-intelligence,e172827dce96c1337a1dae7062282657,200,1,1219,monitoring,1
2026-09-19T22:59:56.408Z,tgm/who-bought-sold,bacc143ea0c398625bb4b72ca7e61343,200,1,588,monitoring,1
2026-09-19T23:00:57.601Z,tgm/flow-intelligence,1258bd528330c3514874485ac6ad3b3d,200,1,1112,monitoring,1
2026-09-19T23:00:58.104Z,tgm/token-ohlcv,1f063d0a0ff58623a3444f5477b0c512,200,1,494,monitoring,1
2026-09-19T23:00:58.811Z,tgm/flow-intelligence,b41cba2c7c2c2340e2ae9f0b564ada54,200,1,702,monitoring,1
2026-09-19T23:00:59.557Z,tgm/flow-intelligence,3b44ef5fc2e9e80b4b11b52ef2562f7d,200,1,743,monitoring,1
2026-09-19T23:01:00.257Z,tgm/who-bought-sold,d61f7a07cb5c8c38c4ec3c6fad348a47,200,1,698,monitoring,1
2026-09-19T23:01:00.942Z,tgm/flow-intelligence,fd41763795f6b3365aa3205b70cf9c58,200,1,680,monitoring,1
2026-09-19T23:01:01.571Z,tgm/token-ohlcv,78ba50193699802a2713bc0b1a385a43,200,1,605,monitoring,1
2026-09-19T23:01:02.294Z,tgm/flow-intelligence,17f4c0604c5f4535ec59f97c0a1baf12,200,1,721,monitoring,1
2026-09-19T23:01:03.340Z,tgm/flow-intelligence,a3555e2ba6e92e44a567b05ec062f52a,200,1,1039,monitoring,1
2026-09-19T23:01:04.119Z,tgm/who-bought-sold,43c4f03bb3f0cc166085ee4c7b9f2277,200,1,774,monitoring,1
2026-09-19T23:02:06.543Z,tgm/flow-intelligence,af334470e335605812a496152b7fe06e,200,1,2288,monitoring,1
2026-09-19T23:02:07.052Z,tgm/token-ohlcv,a81d6d5c471d9c7f60ef4761a7b7ed60,200,1,501,monitoring,1
2026-09-19T23:02:07.813Z,tgm/flow-intelligence,e35d8c691d0ddd6d677e4a4d04dbb928,200,1,759,monitoring,1
2026-09-19T23:02:08.426Z,tgm/flow-intelligence,a02d0b52ab6d9557c1253e305bcfa26f,200,1,609,monitoring,1
2026-09-19T23:02:09.219Z,tgm/who-bought-sold,ab5b91501c0f447c04172d0dc8b74b78,200,1,787,monitoring,1
2026-09-19T23:02:09.947Z,tgm/flow-intelligence,820b5317b2bde82c4feb6d279cda8b06,200,1,718,monitoring,1
2026-09-19T23:02:10.641Z,tgm/token-ohlcv,ac49d73319234c0b1220b8142189ec03,200,1,690,monitoring,1
2026-09-19T23:02:11.414Z,tgm/flow-intelligence,80210b5fcf720970ab20f036ea3b3e38,200,1,770,monitoring,1
2026-09-19T23:02:12.447Z,tgm/flow-intelligence,8d07d4172746e55ac3d3312477c0b056,200,1,1030,monitoring,1
2026-09-19T23:02:12.986Z,tgm/who-bought-sold,18cc5f12ad9dac14dfb07770c3c72701,200,1,518,monitoring,1
2026-09-19T23:02:13.713Z,tgm/flow-intelligence,e11d33788d8bb623f6b5fc73bb38a917,200,1,717,monitoring,1
2026-09-19T23:02:14.194Z,tgm/token-ohlcv,497b7e1cfa6eec7599fe4b61a66bfb17,200,1,475,monitoring,1
2026-09-19T23:02:14.869Z,tgm/flow-intelligence,c046cc42cac583612bc06d0ce847896f,200,1,673,monitoring,1
2026-09-19T23:02:15.547Z,tgm/flow-intelligence,14c3e638255671684fcc7c1eb193bf30,200,1,673,monitoring,1
2026-09-19T23:02:16.177Z,tgm/who-bought-sold,a17faf4e6140eb47bb6f8f3db4d16a53,200,1,625,monitoring,1
2026-09-19T23:03:17.776Z,tgm/flow-intelligence,855a8510e1a7b833158e31648179a806,200,1,1455,monitoring,1
2026-09-19T23:03:18.364Z,tgm/token-ohlcv,488e31630c5ad3059dc576542588b062,200,1,584,monitoring,1
2026-09-19T23:03:19.109Z,tgm/flow-intelligence,2776135c81d24476a82ad84f59b0cd2f,200,1,744,monitoring,1
2026-09-19T23:03:19.853Z,tgm/flow-intelligence,51ff760055a975380ae6df2c15f49679,200,1,742,monitoring,1
2026-09-19T23:03:20.823Z,tgm/who-bought-sold,f71bb174a48fea05cde46f3af6d69c1f,200,1,966,monitoring,1
2026-09-19T23:03:21.667Z,tgm/flow-intelligence,e009d75d02b4cc2b89adf7170ac79e4c,200,1,837,monitoring,1
2026-09-19T23:03:22.395Z,tgm/token-ohlcv,76bea6050bc1d55d3822a62fa934246d,200,1,725,monitoring,1
2026-09-19T23:03:23.335Z,tgm/flow-intelligence,8460737f49817f37d834446cfb3a9441,200,1,935,monitoring,1
2026-09-19T23:03:24.200Z,tgm/flow-intelligence,02059c7de115137eb0611f189f5eee5a,200,1,862,monitoring,1
2026-09-19T23:03:24.987Z,tgm/who-bought-sold,962a014edc6ba62f25f6be5a6f5a194b,200,1,778,monitoring,1
2026-09-19T23:03:25.586Z,tgm/flow-intelligence,5c84647c0fd30d4ff7f124665e89007a,200,1,586,monitoring,1
2026-09-19T23:03:26.196Z,tgm/token-ohlcv,3a41d214b5c1014b60fbf428e5c38f1b,200,1,602,monitoring,1
2026-09-19T23:03:26.875Z,tgm/flow-intelligence,85392061e78af64d9179ed401b3f0766,200,1,676,monitoring,1
2026-09-19T23:03:27.879Z,tgm/flow-intelligence,ba243c08184b2758e4010f71f4650e1d,200,1,1001,monitoring,1
2026-09-19T23:03:28.524Z,tgm/who-bought-sold,399947768f60ff4eafccf75846fe274a,200,1,627,monitoring,1
2026-09-19T23:03:29.338Z,tgm/flow-intelligence,27b2867abfdafe396d81ec7a3c511248,200,1,805,monitoring,1
2026-09-19T23:03:29.873Z,tgm/token-ohlcv,eab32b2a1ffaf967d71aa87d5dcf792d,200,1,529,monitoring,1
2026-09-19T23:03:30.846Z,tgm/flow-intelligence,8d5f4313433a3608af20cb5a9c757142,200,1,965,monitoring,1
2026-09-19T23:03:31.489Z,tgm/flow-intelligence,12484e6f26e4b925cb36e704fcfb7919,200,1,636,monitoring,1
2026-09-19T23:03:32.145Z,tgm/who-bought-sold,9c953775435b0850068d915b8bb0d83f,200,1,568,monitoring,1
2026-09-19T23:03:32.875Z,tgm/flow-intelligence,48b68476323770246a64d0135afed265,200,1,718,monitoring,1
2026-09-19T23:03:33.624Z,tgm/token-ohlcv,cb7e264cb45a472bc69b597467145e41,200,1,744,monitoring,1
2026-09-19T23:03:34.762Z,tgm/flow-intelligence,76d3470b16c0c026aa445629ceee7155,200,1,1133,monitoring,1
2026-09-19T23:03:35.684Z,tgm/flow-intelligence,42d95f7448093a69f2807a71398faf6f,200,1,920,monitoring,1
2026-09-19T23:03:36.227Z,tgm/who-bought-sold,188ca01bd98c92677f159b79ca90840a,200,1,536,monitoring,1
2026-09-19T23:04:42.726Z,tgm/flow-intelligence,7ccdf92f5b18594e8f296c0b53959e74,200,1,6337,monitoring,1
2026-09-19T23:04:43.503Z,tgm/token-ohlcv,40f78352b7e37768d44a165f71edf53c,200,1,686,monitoring,1
2026-09-19T23:04:44.319Z,tgm/flow-intelligence,5ee6da7bfa486c1d0eee254e444ec418,200,1,804,monitoring,1
2026-09-19T23:04:45.196Z,tgm/token-ohlcv,cef08364193c4a4da2dca855c30d8969,200,1,872,monitoring,1
2026-09-19T23:04:46.138Z,tgm/flow-intelligence,07f719292a91763c535e7f2f65ddf424,200,1,932,monitoring,1
2026-09-19T23:04:46.890Z,tgm/token-ohlcv,39c8f12012f58470d43d4b3479d1a82f,200,1,745,monitoring,1
2026-09-19T23:05:48.242Z,tgm/flow-intelligence,5e3772491cbb8c44f5db52700f138347,200,1,1203,monitoring,1
2026-09-19T23:05:49.197Z,tgm/token-ohlcv,c3f3504a85fde9274982a84259749c58,200,1,950,monitoring,1
2026-09-19T23:05:50.203Z,tgm/flow-intelligence,d784e85360cd2b23f72377496c88d412,200,1,994,monitoring,1
2026-09-19T23:05:50.868Z,tgm/token-ohlcv,ab06757cde04b8436c4c531226ca775b,200,1,629,monitoring,1
2026-09-19T23:05:52.353Z,tgm/flow-intelligence,f5f51d5a4179ef27165e593543cc6454,200,1,1477,monitoring,1
2026-09-19T23:05:53.444Z,tgm/token-ohlcv,1e24cf06a0c4d52fbbcfb22d46895f2d,200,1,1082,monitoring,1
2026-09-19T23:05:56.963Z,tgm/flow-intelligence,5403455d6fd7345bb291e03a1ffd6a66,200,1,3509,monitoring,1
2026-09-19T23:06:25.755Z,tgm/token-ohlcv,c5aa310a63da06166337604b417a1658,200,1,28781,monitoring,1
2026-09-19T23:06:26.790Z,tgm/flow-intelligence,df239826f5c73d06163d457b0b414e4e,200,1,1012,monitoring,1
2026-09-19T23:06:27.846Z,tgm/token-ohlcv,bb219d08ab4d555558f7a82ec75d115c,200,1,1054,monitoring,1
2026-09-19T23:07:29.738Z,tgm/flow-intelligence,bc02f21588edd427b7595d78f395412f,200,1,1807,monitoring,1
2026-09-19T23:07:33.954Z,tgm/token-ohlcv,321294013ddd3f599246430e22596642,200,1,4205,monitoring,1
2026-09-19T23:07:36.383Z,tgm/flow-intelligence,9762907a50b4e206b9e734104789ef4a,200,1,1977,monitoring,1
2026-09-19T23:07:37.905Z,tgm/flow-intelligence,da737922f15e5f2f118d62223e95831b,200,1,1471,monitoring,1
2026-09-19T23:07:39.339Z,tgm/who-bought-sold,a67dbb764ca2b73065edf346b2cbcd68,200,1,1401,monitoring,1
2026-09-19T23:07:40.715Z,tgm/flow-intelligence,adcd8a35470f540bfc20e059534b462c,200,1,1367,monitoring,1
2026-09-19T23:07:41.600Z,tgm/token-ohlcv,25845d19dc01cf74b8819c4f86d00a67,200,1,873,monitoring,1
2026-09-19T23:07:42.755Z,tgm/flow-intelligence,b1d5c35996c7732f9a561b6f11bb696e,200,1,1148,monitoring,1
2026-09-19T23:07:44.489Z,tgm/flow-intelligence,6e65da1294909d047c84fd6e1f3b9e6c,200,1,1690,monitoring,1
2026-09-19T23:07:47.298Z,tgm/who-bought-sold,37822627fc3038438fb592598205cc1c,200,1,2772,monitoring,1
2026-09-19T23:07:48.171Z,tgm/flow-intelligence,8fb3b35d2acfc87b470ceb56754a7c7e,200,1,858,monitoring,1
2026-09-19T23:07:48.806Z,tgm/token-ohlcv,f2280c6837f57c34a174973381dcbf45,200,1,629,monitoring,1
2026-09-19T23:07:49.715Z,tgm/flow-intelligence,552d6e508953c2114e17077447567a38,200,1,905,monitoring,1
2026-09-19T23:07:50.642Z,tgm/flow-intelligence,4c2305652fb81659ac696b3c474a6e21,200,1,924,monitoring,1
2026-09-19T23:07:51.591Z,tgm/who-bought-sold,a79b945b363a4a0754b5d43447e03e2d,200,1,924,monitoring,1
2026-09-19T23:07:53.812Z,tgm/flow-intelligence,68e2fd3586993d2b2468491500bd3920,200,1,2211,monitoring,1
2026-09-19T23:07:54.560Z,tgm/token-ohlcv,a2ed9c240e478d2ce071e6752a136323,200,1,745,monitoring,1
2026-09-19T23:07:56.461Z,tgm/flow-intelligence,14cc9e559a11895668e62705c85ba425,200,1,1894,monitoring,1
2026-09-19T23:07:57.598Z,tgm/flow-intelligence,60151a323931bb3fe2a89010dbf59e3b,200,1,1131,monitoring,1
2026-09-19T23:08:00.160Z,tgm/who-bought-sold,af662478fd28f622843d677a03a78f65,200,1,2558,monitoring,1
2026-09-19T23:09:02.666Z,tgm/flow-intelligence,0c01c31eab89dd7026f96b3aca3cdf1c,200,1,2072,monitoring,1
2026-09-19T23:09:03.452Z,tgm/token-ohlcv,5b4612406298cd7562a8df09f5e1e578,200,1,781,monitoring,1
2026-09-19T23:10:04.840Z,tgm/flow-intelligence,71c21f5f8d84677cada60038f1c96565,200,1,1265,monitoring,1
2026-09-19T23:10:05.904Z,tgm/token-ohlcv,5717bf49414c370089bb5f0b0daa172b,200,1,1056,monitoring,1
2026-09-19T23:10:06.626Z,tgm/flow-intelligence,141fae0169189564b61cd9291462e355,200,1,714,monitoring,1
2026-09-19T23:10:07.458Z,tgm/token-ohlcv,08511d6eccf64b5a76a118762b85a516,200,1,821,monitoring,1
2026-09-19T23:10:08.345Z,tgm/flow-intelligence,6df3c02853527153e400617841e4647d,200,1,869,monitoring,1
2026-09-19T23:10:10.215Z,tgm/flow-intelligence,43cff839ef1bf1004f500259286d6656,200,1,1702,monitoring,1
2026-09-19T23:10:11.235Z,tgm/token-ohlcv,8eaf6546ad28ef09abe985376de38701,200,1,1017,monitoring,1
2026-09-19T23:10:12.258Z,tgm/flow-intelligence,0121af62807a07793e490b45a4a3c50e,200,1,1017,monitoring,1
2026-09-19T23:10:13.180Z,tgm/token-ohlcv,7c7cdf5b0694164fd2d1b21345ff0016,200,1,918,monitoring,1
2026-09-19T23:11:19.024Z,tgm/flow-intelligence,d5937b6f3c940514a0adff64b69d210c,200,1,5751,monitoring,1
2026-09-19T23:11:20.955Z,tgm/token-ohlcv,8c9de13de4225f6e864d0c0f1c925e61,200,1,1898,monitoring,1
2026-09-19T23:11:22.058Z,tgm/flow-intelligence,ba0fd31bae74282504dd7f1a46adb459,200,1,1097,monitoring,1
2026-09-19T23:11:24.860Z,tgm/token-ohlcv,c0ab8f7e2067c9069de4f03f34d87106,200,1,1572,monitoring,1
2026-09-19T23:11:25.578Z,tgm/flow-intelligence,028dff0735832a0c51f765789139cc6c,200,1,703,monitoring,1
2026-09-19T23:11:26.284Z,tgm/token-ohlcv,dc5b6942e33cb1540c070b36cf20c03b,200,1,610,monitoring,1
2026-09-19T23:11:27.127Z,tgm/flow-intelligence,25810f4f79437b203ead254e9699565a,200,1,838,monitoring,1
2026-09-19T23:11:27.955Z,tgm/token-ohlcv,e3e6166ad4437e642b7d7e6f1964db02,200,1,821,monitoring,1
2026-09-19T23:12:29.626Z,tgm/flow-intelligence,fca3c725d24fb77d3b5a15315db2371c,200,1,1523,monitoring,1
2026-09-19T23:12:30.356Z,tgm/token-ohlcv,00420049aba1e36bb1a36537935af849,200,1,725,monitoring,1
2026-09-19T23:12:31.539Z,tgm/flow-intelligence,3858d00b77869e78c74f09459817c165,200,1,1166,monitoring,1
2026-09-19T23:12:32.105Z,tgm/token-ohlcv,b6925a227f71c430b163e32cecb3f33e,200,1,559,monitoring,1
2026-09-19T23:12:32.904Z,tgm/flow-intelligence,90b26b0d960b43703f651a20c80a3c19,200,1,791,monitoring,1
2026-09-19T23:12:33.636Z,tgm/token-ohlcv,0d92e16806b523656022fd7e4ea39339,200,1,723,monitoring,1
2026-09-19T23:13:35.230Z,tgm/flow-intelligence,13df4e59f3f2d0030b797b18e5968d4f,200,1,1479,monitoring,1
2026-09-19T23:13:36.151Z,tgm/token-ohlcv,39472b6ca768720be15cd546cae77832,200,1,917,monitoring,1
2026-09-19T23:13:37.176Z,tgm/flow-intelligence,d94f88532461f5365c009a1efc03dc68,200,1,1014,monitoring,1
2026-09-19T23:13:38.119Z,tgm/token-ohlcv,1f6316739619ad3162c8f23f01aa090a,200,1,941,monitoring,1
2026-09-19T23:13:39.096Z,tgm/flow-intelligence,e250580a92a9ed4d8f0dd44bc5c60a25,200,1,970,monitoring,1
2026-09-19T23:13:40.009Z,tgm/token-ohlcv,9b63ca35523908397a04dc07bac6e028,200,1,902,monitoring,1
2026-09-19T23:13:40.951Z,tgm/flow-intelligence,235dae2bb622c97898512c7805ae0636,200,1,933,monitoring,1
2026-09-19T23:13:41.771Z,tgm/token-ohlcv,049e3613cd6fb6136953721586284a6c,200,1,814,monitoring,1
2026-09-19T23:14:43.924Z,tgm/flow-intelligence,7fa0e26e4a736c5ce00be50ed5dce731,200,1,2043,monitoring,1
2026-09-19T23:15:08.334Z,tgm/token-ohlcv,31ace455e3c1a11913ca7928be266c18,200,1,24407,monitoring,1
2026-09-19T23:16:09.431Z,tgm/flow-intelligence,7606da25246b3930e365bd378da4fa38,200,1,971,monitoring,1
2026-09-19T23:16:10.313Z,tgm/token-ohlcv,b2b32c630be5c31ec9887f64b9959161,200,1,870,monitoring,1
2026-09-19T23:16:16.611Z,tgm/flow-intelligence,9f645577899eab33327162747bb6ed4f,200,1,6295,monitoring,1
2026-09-19T23:16:29.511Z,tgm/flow-intelligence,64219f12eab0116cc21c2b04e3a63912,200,1,12894,monitoring,1
2026-09-19T23:16:42.584Z,tgm/flow-intelligence,8936906757d5615b7f0acb71f30a741b,200,1,13062,monitoring,1
2026-09-19T23:16:43.271Z,tgm/token-ohlcv,ecbcb95ddbf6e95a4c1e5f5d82beea39,200,1,685,monitoring,1
2026-09-19T23:16:44.255Z,tgm/flow-intelligence,29e122036af8030bb26cc76635df6566,200,1,981,monitoring,1
2026-09-19T23:16:45.779Z,tgm/flow-intelligence,c808b17c8678f03cc07ac31ff415d965,200,1,1521,monitoring,1
2026-09-19T23:16:46.394Z,tgm/who-bought-sold,17a0e030aa13ab16364a837792a3e236,200,1,611,monitoring,1
2026-09-19T23:16:47.214Z,tgm/flow-intelligence,fa3cf34171ae1b07e49c2f410b9c5507,200,1,812,monitoring,1
2026-09-19T23:16:47.802Z,tgm/token-ohlcv,edc8764d720b053ed0ebfa4f46edf75e,200,1,585,monitoring,1
2026-09-19T23:16:48.618Z,tgm/flow-intelligence,c4138d7f88303e70a041520689295035,200,1,812,monitoring,1
2026-09-19T23:16:49.465Z,tgm/flow-intelligence,fbea0d2843ca4b1faeed7a7053a11922,200,1,844,monitoring,1
2026-09-19T23:16:50.163Z,tgm/who-bought-sold,aac47d4470577728c4053a5318e70002,200,1,658,monitoring,1
2026-09-19T23:16:50.901Z,tgm/flow-intelligence,3358d13762042b25a5325b39f76b5e37,200,1,730,monitoring,1
2026-09-19T23:16:51.667Z,tgm/token-ohlcv,af991a774570382686876e75dd930206,200,1,759,monitoring,1
2026-09-19T23:16:52.407Z,tgm/flow-intelligence,42077565f227a02bb473da776d7b6709,200,1,736,monitoring,1
2026-09-19T23:16:53.325Z,tgm/flow-intelligence,3b4c8c053480a36306846d20b9b4e653,200,1,910,monitoring,1
2026-09-19T23:16:54.215Z,tgm/who-bought-sold,1d9efe6f41742e0f8c95e6412f259e1f,200,1,872,monitoring,1
2026-09-19T23:16:54.565Z,tgm/flow-intelligence,fea4ce6b9fbe7a079df7fc63e69f6e6a,200,1,342,monitoring,1
2026-09-19T23:16:55.300Z,tgm/token-ohlcv,a4b0673068dd3c2a85855a5f603dd643,200,1,732,monitoring,1
2026-09-19T23:16:56.017Z,tgm/flow-intelligence,95a036728b0d1127910f015c6c569542,200,1,715,monitoring,1
2026-09-19T23:16:56.891Z,tgm/flow-intelligence,2350d823bd6a3e1b52d2d55f06096068,200,1,872,monitoring,1
2026-09-19T23:16:57.548Z,tgm/who-bought-sold,39f24078fc6e0216a5dc512bab28ae2d,200,1,649,monitoring,1
2026-09-19T23:16:57.884Z,tgm/flow-intelligence,bd51dc7478e8b67bcec4b05cfeff2a3b,200,1,331,monitoring,1
2026-09-19T23:16:58.396Z,tgm/token-ohlcv,a60c4f436bed68772f29880bc95c2767,200,1,505,monitoring,1
2026-09-19T23:16:59.242Z,tgm/flow-intelligence,1d6df31ca5944a4dd8bea07f66400f7f,200,1,843,monitoring,1
2026-09-19T23:17:00.028Z,tgm/flow-intelligence,d274f612e8427d2f93e8c17bde48c708,200,1,782,monitoring,1
2026-09-19T23:17:00.837Z,tgm/who-bought-sold,729db271a37cff6a8a36f00d9bf55904,200,1,800,monitoring,1
2026-09-19T23:18:02.283Z,tgm/flow-intelligence,1a8f344db8bff408dc2470036901406f,200,1,1314,monitoring,1
2026-09-19T23:18:02.872Z,tgm/token-ohlcv,8e6bd14352c99e78fd791e64acf95a3d,200,1,584,monitoring,1
2026-09-19T23:18:03.905Z,tgm/flow-intelligence,0535b64526012d223da7c061dbedaf7f,200,1,1030,monitoring,1
2026-09-19T23:18:04.747Z,tgm/flow-intelligence,f380a16a0d5f2a6d2db46a03dc41c36a,200,1,839,monitoring,1
2026-09-19T23:18:05.448Z,tgm/who-bought-sold,4b58fa6fc4adb853d5fc704dcf26e965,200,1,696,monitoring,1
2026-09-19T23:18:07.390Z,tgm/flow-intelligence,e89deb6cb060df735aa3107529f23963,200,1,1931,monitoring,1
2026-09-19T23:18:08.141Z,tgm/token-ohlcv,d1a0cc47fb1e5c1b3e218d583ba9f574,200,1,741,monitoring,1
2026-09-19T23:18:08.928Z,tgm/flow-intelligence,e6ec177371045a2959ee482662268d35,200,1,784,monitoring,1
2026-09-19T23:18:09.988Z,tgm/flow-intelligence,5701e50a3e4c081e979e7a59b7cece5e,200,1,1057,monitoring,1
2026-09-19T23:18:10.890Z,tgm/who-bought-sold,76a8502ccf26974977dadd5dee9b855d,200,1,881,monitoring,1
2026-09-19T23:18:12.103Z,tgm/flow-intelligence,e536f544ac04097a6b14de59ea99140a,200,1,1194,monitoring,1
2026-09-19T23:18:12.690Z,tgm/token-ohlcv,bf93bf2e19b5ba4c71767c519e0ee86f,200,1,572,monitoring,1
2026-09-19T23:18:13.670Z,tgm/flow-intelligence,16b5992e06f1dc6132a8321586afa065,200,1,973,monitoring,1
2026-09-19T23:18:14.284Z,tgm/token-ohlcv,affb1d39e05dea5340490a6fb44b001f,200,1,607,monitoring,1
2026-09-19T23:18:14.957Z,tgm/flow-intelligence,ef28173fd6ea7b3350b7b351f218e508,200,1,666,monitoring,1
2026-09-19T23:18:15.467Z,tgm/token-ohlcv,3042ca46d868c27917c3506f8eafc272,200,1,507,monitoring,1
2026-09-19T23:18:16.378Z,tgm/flow-intelligence,1db24773b2a4e523c6732d12af2bee2e,200,1,903,monitoring,1
2026-09-19T23:18:16.978Z,tgm/token-ohlcv,1e94bb1d880fbe29a548964628b3cd6e,200,1,591,monitoring,1
2026-09-19T23:19:18.501Z,tgm/flow-intelligence,83585e10d2d47062e63c4b51c3cb2523,200,1,1346,monitoring,1
2026-09-19T23:19:19.071Z,tgm/token-ohlcv,4a7d0230fe2e82281491f95b49464b22,200,1,565,monitoring,1
2026-09-19T23:20:20.715Z,tgm/flow-intelligence,f09c5f1c06d25100e019d659fb3a7d24,200,1,1515,monitoring,1
2026-09-19T23:20:21.330Z,tgm/token-ohlcv,a137ac6bd129096d3ab243377e04420d,200,1,607,monitoring,1
2026-09-19T23:20:22.133Z,tgm/flow-intelligence,74613b654c771c573616351c42702e7d,200,1,795,monitoring,1
2026-09-19T23:20:22.885Z,tgm/token-ohlcv,489e9b62c9c86e0c743f392f061cbd11,200,1,745,monitoring,1
2026-09-19T23:20:23.235Z,tgm/flow-intelligence,4f22326d77b47b71e8620727d73d1460,200,1,344,monitoring,1
2026-09-19T23:20:23.891Z,tgm/token-ohlcv,1b37ff6a830f1f7ed3354b3aa20e8f62,200,1,652,monitoring,1
2026-09-19T23:20:24.274Z,tgm/flow-intelligence,70a4ec2bf78dc23c47e61b1219b0e953,200,1,378,monitoring,1
2026-09-19T23:20:24.939Z,tgm/token-ohlcv,aa10721447952157474ee67b274a682c,200,1,638,monitoring,1
2026-09-19T23:20:25.980Z,tgm/flow-intelligence,fb52747cad64560eabed623db14b6640,200,1,1022,monitoring,1
2026-09-19T23:20:26.501Z,tgm/token-ohlcv,c8dfa0257cc8897d26c84e3d32444e51,200,1,516,monitoring,1
2026-09-19T23:21:27.437Z,tgm/flow-intelligence,b0e4e7114eb42e46d60a25164d666873,200,1,860,monitoring,1
2026-09-19T23:21:27.987Z,tgm/token-ohlcv,67e1874f6e80a1038030c00141a6822e,200,1,511,monitoring,1
2026-09-19T23:23:39.915Z,tgm/flow-intelligence,d196066d0fbed1442de48862df67d965,200,1,1102,monitoring,1
2026-09-19T23:23:40.477Z,tgm/token-ohlcv,12237d3d9f281d31089bac21894e1c2e,200,1,553,monitoring,1
2026-09-19T23:23:41.112Z,tgm/flow-intelligence,0a5f9061d1714246e6120c6c746b581f,200,1,624,monitoring,1
2026-09-19T23:23:41.893Z,tgm/token-ohlcv,a45b5549b8355b24baff413d3f480c6c,200,1,762,monitoring,1
2026-09-19T23:23:42.351Z,tgm/flow-intelligence,b7c84c06f7506450d9379d6dab96117d,200,1,448,monitoring,1
2026-09-19T23:23:42.880Z,tgm/token-ohlcv,f5441766f8c42703f2eca839a7eb721c,200,1,512,monitoring,1
2026-09-19T23:23:43.676Z,tgm/flow-intelligence,66f32815f8ee617452ceed296bb90f28,200,1,783,monitoring,1
2026-09-19T23:23:44.600Z,tgm/token-ohlcv,dd8e5b5cf3e0bc246c5b2236a308aa4a,200,1,915,monitoring,1
2026-09-19T23:23:45.207Z,tgm/flow-intelligence,09295978dc59211f85f5b9496075e923,200,1,597,monitoring,1
2026-09-19T23:23:45.854Z,tgm/token-ohlcv,13d272679aa49e1b52c3572bc4a9c20b,200,1,634,monitoring,1
2026-09-19T23:24:32.010Z,search/general,c60bed2552f097324c71fa3c383e2d23,200,0,1202,search,1
2026-09-19T23:24:44.815Z,tgm/flow-intelligence,2ce4b672b21ce37eb892011c8598e14e,200,1,1363,investigation,1
2026-09-19T23:24:45.731Z,tgm/flow-intelligence,d2bd7b4d249e4f656c480c49224b694a,200,1,902,investigation,1
2026-09-19T23:24:46.557Z,tgm/flow-intelligence,055e324ab534022b810b9d2df6bb182e,200,1,811,investigation,1
2026-09-19T23:24:47.463Z,tgm/flow-intelligence,9882534da51f67611c5dca701b8d5566,200,1,886,investigation,1
2026-09-19T23:24:47.775Z,tgm/flow-intelligence,4ef0cd11fa97613b2f841a0e950f2172,200,1,1763,monitoring,1
2026-09-19T23:24:48.118Z,tgm/flow-intelligence,fd84614aff99283dec2eae5e4e45e872,200,1,643,investigation,1
2026-09-19T23:24:48.605Z,tgm/token-ohlcv,d3b22e4032247d4e5efbca6e3fcaef6f,200,1,817,monitoring,1
2026-09-19T23:24:48.901Z,tgm/flow-intelligence,b102bf7d4ddc3a18b3161e582dd80f41,200,1,774,investigation,1
2026-09-19T23:24:49.159Z,tgm/flow-intelligence,2ecc127ec3a04c628f9098373b150e3d,200,1,533,monitoring,1
2026-09-19T23:24:49.738Z,tgm/token-ohlcv,fcdfc705e5865c7157391654aa112364,200,1,567,monitoring,1
2026-09-19T23:24:49.760Z,tgm/flows,0d5abd032dba3c55e48d1660acbde163,200,1,808,investigation,1
2026-09-19T23:24:50.451Z,tgm/who-bought-sold,907a47190c40cc79a10d5c008d5a0f1f,200,1,671,investigation,1
2026-09-19T23:24:51.632Z,tgm/token-ohlcv,a4a9770a9e4bb85441cd197b9039f970,200,1,1090,investigation,1
2026-09-19T23:25:51.980Z,tgm/flow-intelligence,1399e81771de82345305f97698108f6d,200,1,2013,monitoring,1
2026-09-19T23:25:52.797Z,tgm/token-ohlcv,86a2dc23771ca940d9ae5d142905e47d,200,1,813,monitoring,1
2026-09-19T23:26:54.487Z,tgm/flow-intelligence,935c0e34bf288730b3271b6c13109833,200,1,1546,monitoring,1
2026-09-19T23:26:55.165Z,tgm/token-ohlcv,53c7b82153e43f0f40f2674e8429545d,200,1,672,monitoring,1
2026-09-19T23:26:55.774Z,tgm/flow-intelligence,7413961e8293d710ed769863c8da4e40,200,1,601,monitoring,1
2026-09-19T23:26:56.673Z,tgm/token-ohlcv,d67717202d6900324c04a31d8495116e,200,1,895,monitoring,1
2026-09-19T23:26:57.051Z,tgm/flow-intelligence,df76e921e0053a07541fa4761e3b0950,200,1,366,monitoring,1
2026-09-19T23:26:57.546Z,tgm/token-ohlcv,c0cab10edc6ec768971bb51c90b2db49,200,1,491,monitoring,1
2026-09-19T23:26:58.032Z,tgm/flow-intelligence,02a356179c7b901dada319585e4a5812,200,1,475,monitoring,1
2026-09-19T23:26:58.741Z,tgm/token-ohlcv,58a87f6cbfa32b342d84c04443cefc3a,200,1,706,monitoring,1
2026-09-19T23:26:59.079Z,tgm/flow-intelligence,9aec2b0a2adb6c3d51d46964e8372224,200,1,332,monitoring,1
2026-09-19T23:26:59.667Z,tgm/token-ohlcv,e5ce8916435aa277aafb821603244a19,200,1,583,monitoring,1
2026-09-19T23:28:01.924Z,tgm/flow-intelligence,721b7d57564e7f7316e060608d14673e,200,1,2084,monitoring,1
2026-09-19T23:28:02.465Z,tgm/token-ohlcv,ed4f4d620ca9566ff36a404235d3e937,200,1,523,monitoring,1
2026-09-19T23:28:02.841Z,tgm/flow-intelligence,1912813a5d30926fb88fd67505552c57,200,1,367,monitoring,1
2026-09-19T23:28:03.392Z,tgm/token-ohlcv,f146b82c646e4a5409fbae0464623504,200,1,536,monitoring,1
2026-09-19T23:28:03.973Z,tgm/flow-intelligence,9c6e58612d83df18be1d7f7ab580d91b,200,1,570,monitoring,1
2026-09-19T23:28:04.591Z,tgm/token-ohlcv,557b07105849673a3e383b114a15c25c,200,1,610,monitoring,1
2026-09-19T23:29:09.603Z,tgm/flow-intelligence,81ca3b4cbd758873c251d333f3892500,200,1,4875,monitoring,1
2026-09-19T23:29:10.156Z,tgm/token-ohlcv,e823a52e8e51592052c3813cc4524c19,200,1,547,monitoring,1
2026-09-19T23:29:10.525Z,tgm/flow-intelligence,fdf85e211521701508e7d978a3fd9d6d,200,1,361,monitoring,1
2026-09-19T23:29:11.142Z,tgm/token-ohlcv,b7f10959438fcc3d8f9fa110029c2178,200,1,612,monitoring,1
2026-09-19T23:29:12.134Z,tgm/flow-intelligence,6f8957160a92e3520891852cd8284903,200,1,986,monitoring,1
2026-09-19T23:29:12.723Z,tgm/token-ohlcv,99655a20605c7d358f151957f9b0be3d,200,1,584,monitoring,1
2026-09-19T23:29:13.738Z,tgm/flow-intelligence,656f2469de47d5667e44846e198ef354,200,1,1008,monitoring,1
2026-09-19T23:29:14.481Z,tgm/token-ohlcv,b2e6274ace628279356e303161029f08,200,1,730,monitoring,1
2026-09-19T23:29:15.348Z,tgm/flow-intelligence,d446ba6ad6ee347477f70b78d93d1c3e,200,1,849,monitoring,1
2026-09-19T23:29:15.955Z,tgm/token-ohlcv,60ef627b65d0795289beef1a53cd8b2e,200,1,605,monitoring,1
2026-09-19T23:29:16.882Z,tgm/flow-intelligence,fa97c078f6b060632bf2f306300d781f,200,1,921,monitoring,1
2026-09-19T23:29:17.517Z,tgm/token-ohlcv,cb3f1f3ba733055669f72e38b95a0319,200,1,632,monitoring,1
2026-09-19T23:30:19.876Z,tgm/flow-intelligence,6f9aae636a33642efe9fbc4f43b18f32,200,1,2151,monitoring,1
2026-09-19T23:30:20.436Z,tgm/token-ohlcv,41c8166341806a395c4c1c402309c830,200,1,555,monitoring,1
2026-09-19T23:31:22.218Z,tgm/flow-intelligence,05099c43d55e4f343a9e8b72caff204d,200,1,1666,monitoring,1
2026-09-19T23:31:22.989Z,tgm/token-ohlcv,405a69063ce4723a3918890a2751354d,200,1,767,monitoring,1
2026-09-19T23:31:23.648Z,tgm/flow-intelligence,37e08777c27fc817e68b4d611fe99638,200,1,650,monitoring,1
2026-09-19T23:31:24.262Z,tgm/token-ohlcv,ebff132ef599c769448179181c433163,200,1,611,monitoring,1
2026-09-19T23:31:24.979Z,tgm/flow-intelligence,5c90a83e7633af182697cc219fba345e,200,1,710,monitoring,1
2026-09-19T23:31:25.515Z,tgm/token-ohlcv,00190e003d1136211070112f09fc0953,200,1,530,monitoring,1
2026-09-19T23:31:26.210Z,tgm/flow-intelligence,a3f1c065adffb41e878717389882bb5f,200,1,687,monitoring,1
2026-09-19T23:31:26.825Z,tgm/token-ohlcv,ed298e4748a75d27a6eb0a4f1d6b5369,200,1,609,monitoring,1
2026-09-19T23:31:27.850Z,tgm/flow-intelligence,3e644e0fd0212f1cbb4c072e3039fa42,200,1,1015,monitoring,1
2026-09-19T23:31:28.460Z,tgm/token-ohlcv,dc4ec6368bd5d81debcb863f2ae49e63,200,1,607,monitoring,1
2026-09-19T23:32:30.538Z,tgm/flow-intelligence,3bf3403af3963f5ee8a7a47aaf683c23,200,1,1941,monitoring,1
2026-09-19T23:32:31.133Z,tgm/token-ohlcv,bbcfa57de579d948294c477654d11620,200,1,590,monitoring,1
2026-09-19T23:33:32.881Z,tgm/flow-intelligence,65f90c2f62e54910fbf66938ec7a956b,200,1,1639,monitoring,1
2026-09-19T23:33:33.569Z,tgm/token-ohlcv,61b5f6159df6c17e209e390c11c80e0e,200,1,666,monitoring,1
2026-09-19T23:34:34.731Z,tgm/flow-intelligence,3cd3e048e89849607b1de90c4fe1983f,200,1,1003,monitoring,1
2026-09-19T23:34:35.223Z,tgm/token-ohlcv,120ec7028b80724721b15f210407fb18,200,1,480,monitoring,1
2026-09-19T23:34:35.955Z,tgm/flow-intelligence,d33b4f7a5257641ce544224e6c248e6a,200,1,723,monitoring,1
2026-09-19T23:34:36.675Z,tgm/token-ohlcv,a0124163118b145a84f316757e07bc58,200,1,713,monitoring,1
2026-09-19T23:34:37.480Z,tgm/flow-intelligence,b7a54434de96ce084e16c86a16c98e06,200,1,795,monitoring,1
2026-09-19T23:34:38.491Z,tgm/token-ohlcv,dba780108f90c1047aec7930e474fe71,200,1,1005,monitoring,1
2026-09-19T23:34:39.231Z,tgm/flow-intelligence,af3b6f0b0cc800639332a03a6280fe69,200,1,733,monitoring,1
2026-09-19T23:34:39.984Z,tgm/token-ohlcv,ad05a37d33130c75af4cff1564c28020,200,1,718,monitoring,1
2026-09-19T23:34:40.584Z,tgm/flow-intelligence,cc98a209bee7fe4e2d14c5165ee1ca33,200,1,592,monitoring,1
2026-09-19T23:34:41.899Z,tgm/token-ohlcv,3b20075dfa11e54874bfc75d42e45877,200,1,1309,monitoring,1
2026-09-19T23:35:43.834Z,tgm/flow-intelligence,772de32b3b6e9a77c2e54d209e2a1f20,200,1,1798,monitoring,1
2026-09-19T23:35:44.468Z,tgm/token-ohlcv,6c66ca57013f187c4561f835f084fc29,200,1,622,monitoring,1
2026-09-19T23:35:45.361Z,tgm/flow-intelligence,b2317928de33c93cc51bd52ca0e65d54,200,1,882,monitoring,1
2026-09-19T23:35:46.072Z,tgm/token-ohlcv,3916fe1a63d752448a65ee427848c765,200,1,699,monitoring,1
2026-09-19T23:36:47.643Z,tgm/flow-intelligence,e008dc73b160607f7b3316544deeac40,200,1,1464,monitoring,1
2026-09-19T23:36:48.555Z,tgm/token-ohlcv,4384856c3fae987077b812144f4d1924,200,1,909,monitoring,1
2026-09-19T23:37:49.797Z,tgm/flow-intelligence,ad494724f7e77c29ad434e03880a312a,200,1,1151,monitoring,1
2026-09-19T23:37:50.499Z,tgm/token-ohlcv,8ad1331f78ff5372fd9f310608fcbb27,200,1,699,monitoring,1
2026-09-19T23:37:51.436Z,tgm/flow-intelligence,c61ad305d78c8f5b40433537e439d824,200,1,931,monitoring,1
2026-09-19T23:37:52.077Z,tgm/token-ohlcv,ff25b00d11d845395bde8f4f8d5cc20b,200,1,613,monitoring,1
2026-09-19T23:37:53.380Z,tgm/flow-intelligence,d313dd7917e0865bc382890c87f5a069,200,1,1295,monitoring,1
2026-09-19T23:37:54.075Z,tgm/token-ohlcv,368d325154c664215ce02170139c1c1c,200,1,682,monitoring,1
2026-09-19T23:38:55.282Z,tgm/flow-intelligence,b7db80600dcffe295562115a4fd1af3e,200,1,1107,monitoring,1
2026-09-19T23:38:56.051Z,tgm/token-ohlcv,03ce4315d70b7033e640bd6e37d3190b,200,1,765,monitoring,1
2026-09-19T23:38:57.066Z,tgm/flow-intelligence,01f34760562fc93b3c1d775ed7c2e40e,200,1,1005,monitoring,1
2026-09-19T23:38:57.685Z,tgm/token-ohlcv,72cb6063a7c8f323fdc99b7e1538967d,200,1,603,monitoring,1
2026-09-19T23:38:58.408Z,tgm/flow-intelligence,efe9817f0d5bc4082d71817fa6c50260,200,1,715,monitoring,1
2026-09-19T23:38:59.202Z,tgm/token-ohlcv,1a2ac33282d39259f596b21e5283801e,200,1,787,monitoring,1
2026-09-19T23:40:00.462Z,tgm/flow-intelligence,2db5ae69d9d8a16afdb06e04923b5d5c,200,1,1132,monitoring,1
2026-09-19T23:40:00.921Z,tgm/token-ohlcv,38c5a415d2336c5e85a9ee72c91b2f3e,200,1,446,monitoring,1
2026-09-19T23:40:01.895Z,tgm/flow-intelligence,122f180426531d090bd2eb40f8048650,200,1,964,monitoring,1
2026-09-19T23:40:03.026Z,tgm/token-ohlcv,dbf5e5191b96c078c00d124d61707d05,200,1,1123,monitoring,1
2026-09-19T23:40:04.047Z,tgm/flow-intelligence,46121a0bcf0a7007809d975b2ac3816a,200,1,1010,monitoring,1
2026-09-19T23:40:05.072Z,tgm/token-ohlcv,ca6c440f2d2e13528f8a5a1045390237,200,1,1020,monitoring,1
2026-09-19T23:40:06.394Z,tgm/flow-intelligence,65e17350c2ecce0bba3c7a41f75ae60d,200,1,1279,monitoring,1
2026-09-19T23:40:07.119Z,tgm/token-ohlcv,68a4c343bda31d3045025542d1734b19,200,1,719,monitoring,1
2026-09-19T23:40:07.832Z,tgm/flow-intelligence,343b5800053b4c1adf70842dd1c8d40d,200,1,704,monitoring,1
2026-09-19T23:40:08.758Z,tgm/token-ohlcv,9ddf5731399bab58223346705b4d6b05,200,1,919,monitoring,1
2026-09-19T23:40:10.280Z,tgm/flow-intelligence,76b3c167623823312d4e1c20e08d597f,200,1,1507,monitoring,1
2026-09-19T23:40:11.521Z,tgm/token-ohlcv,2e7b605999b1df44eb8cb31760db2e3c,200,1,1236,monitoring,1
2026-09-19T23:41:13.043Z,tgm/flow-intelligence,31d26f79bd09bd11c60c951ce0291f0f,200,1,1292,monitoring,1
2026-09-19T23:41:14.007Z,tgm/token-ohlcv,fe91ab151279805480ac651c4ec52d10,200,1,960,monitoring,1
2026-09-19T23:42:15.066Z,tgm/flow-intelligence,800fa94608d07f530e9e7813ada3c269,200,1,905,monitoring,1
2026-09-19T23:42:30.603Z,tgm/token-ohlcv,16989b1efaef903fe02e5f447f4ebd36,200,1,15519,monitoring,1
2026-09-19T23:42:31.113Z,tgm/flow-intelligence,b2be481fe5f10b0c171f971a39a4fc66,200,1,493,monitoring,1
2026-09-19T23:42:47.740Z,tgm/token-ohlcv,cfd9c06cb0f4ba180eae0e0888573101,200,1,16620,monitoring,1
2026-09-19T23:42:49.098Z,tgm/flow-intelligence,387c1c67ef4c673c3e10e6154b6a4d1e,200,1,1347,monitoring,1
2026-09-19T23:42:50.246Z,tgm/token-ohlcv,1362ee6d96e9625749084f0a1381b365,200,1,1142,monitoring,1
2026-09-19T23:42:50.999Z,tgm/flow-intelligence,d18a90078442bb43d0c69318ac4fc93e,200,1,744,monitoring,1
2026-09-19T23:42:52.143Z,tgm/token-ohlcv,0cd96f794cd71c303e0b402873240a1e,200,1,1137,monitoring,1
2026-09-19T23:42:52.881Z,tgm/flow-intelligence,b820823d9765e2516ff86038333c8501,200,1,728,monitoring,1
2026-09-19T23:42:53.429Z,tgm/token-ohlcv,f6659b7d5b76156f429e005d6e62cf71,200,1,535,monitoring,1
2026-09-19T23:42:53.861Z,tgm/flow-intelligence,d3c4dc0fbb4ab614fa42b3269ee58b0b,200,1,423,monitoring,1
2026-09-19T23:42:55.245Z,tgm/token-ohlcv,29287b301ca7c10d6a073d65ca7a8f66,200,1,1379,monitoring,1
2026-09-19T23:42:56.447Z,tgm/flow-intelligence,2040c41c1fd5ef2fdf0aff2f1103ef3d,200,1,1194,monitoring,1
2026-09-19T23:42:57.781Z,tgm/token-ohlcv,1fed8e209a32bb06811cea78ffa6203d,200,1,1329,monitoring,1
2026-09-19T23:43:59.477Z,tgm/flow-intelligence,887f366579c25e3e665ada35763c8876,200,1,1206,monitoring,1
2026-09-19T23:44:00.077Z,tgm/token-ohlcv,ab59cb076e13b7151028515193a6922d,200,1,589,monitoring,1
2026-09-19T23:44:25.571Z,tgm/flow-intelligence,fea6952ce4d13a285d83e01db4b6b528,200,1,25428,monitoring,1
2026-09-19T23:44:26.111Z,tgm/token-ohlcv,5f781766b2cdb2304847cc7518653900,200,1,535,monitoring,1
2026-09-19T23:46:32.756Z,tgm/flow-intelligence,b946e80f5bbef26893e45257cfd4cb3a,200,1,1121,monitoring,1
2026-09-19T23:46:33.232Z,tgm/token-ohlcv,2c47082a36d78c4be0b3ab1afd16e22e,200,1,468,monitoring,1
2026-09-19T23:46:34.048Z,tgm/flow-intelligence,eff08c757a76e34897dbb24a34e68239,200,1,805,monitoring,1
2026-09-19T23:46:34.509Z,tgm/token-ohlcv,9ec6ed1c825bc55872488611fd54523e,200,1,453,monitoring,1
2026-09-19T23:46:35.325Z,tgm/flow-intelligence,fb34766309f51d215af5ac05c9caaa55,200,1,794,monitoring,1
2026-09-19T23:46:35.945Z,tgm/token-ohlcv,22332c42ec1e8e346a5b65269c6d4e6c,200,1,602,monitoring,1
2026-09-19T23:46:36.689Z,tgm/flow-intelligence,9d025b66d91f6c22bdb4e4508d6d351c,200,1,721,monitoring,1
2026-09-19T23:46:37.364Z,tgm/token-ohlcv,651aff3eb18fbc0041d1cb736b5e002f,200,1,647,monitoring,1
2026-09-19T23:46:37.966Z,tgm/flow-intelligence,b363122b8aae9f33e3f53d45d6963e6d,200,1,578,monitoring,1
2026-09-19T23:46:38.891Z,tgm/token-ohlcv,955ff42c26dec806aced6d4598206067,200,1,919,monitoring,1
2026-09-19T23:46:39.573Z,tgm/flow-intelligence,952c045cc96dba5d7491c50048901607,200,1,673,monitoring,1
2026-09-19T23:46:40.240Z,tgm/token-ohlcv,0e137454c02b7b338e8d6f74a4726801,200,1,662,monitoring,1
2026-09-19T23:46:41.049Z,tgm/flow-intelligence,01b8d407f6742131c883b52296e4d863,200,1,801,monitoring,1
2026-09-19T23:46:41.547Z,tgm/token-ohlcv,c317137fd8b308741299da3bca2fb64e,200,1,493,monitoring,1
2026-09-19T23:47:44.248Z,tgm/flow-intelligence,3a9245326b62627de84feb37d7431556,200,1,2453,monitoring,1
2026-09-19T23:47:44.941Z,tgm/token-ohlcv,c7a0cf6524f2f96a0234083cd3d8a84a,200,1,685,monitoring,1
2026-09-19T23:48:51.465Z,tgm/flow-intelligence,c3ea966540a03c71b45f8676c39b7f54,200,1,6365,monitoring,1
2026-09-19T23:48:52.118Z,tgm/token-ohlcv,befea30ec7a02837803bde64b680eb24,200,1,642,monitoring,1
2026-09-19T23:48:52.833Z,tgm/flow-intelligence,fc046b4a7962c016f2a4e903a07fd150,200,1,703,monitoring,1
2026-09-19T23:48:53.355Z,tgm/token-ohlcv,ea435a46a2375e433794b8623733a21b,200,1,515,monitoring,1
2026-09-19T23:48:53.688Z,tgm/flow-intelligence,1ba8613acee2c07825808e3a02b3aa49,200,1,326,monitoring,1
2026-09-19T23:48:54.319Z,tgm/token-ohlcv,fc8a09143549530f1cad6b36bb89ad22,200,1,621,monitoring,1
2026-09-19T23:49:55.167Z,tgm/flow-intelligence,ebeabd3a2f5b1d38cd2a741b5728e41c,200,1,667,monitoring,1
2026-09-19T23:49:55.737Z,tgm/token-ohlcv,84663414d843375d06cda926f7ac183d,200,1,541,monitoring,1
2026-09-19T23:49:56.082Z,tgm/flow-intelligence,962e3433d4dffe622f8ddf659ae04864,200,1,337,monitoring,1
2026-09-19T23:49:56.594Z,tgm/token-ohlcv,2b26e062791fba7d3789b935c53f6a26,200,1,503,monitoring,1
2026-09-19T23:49:56.954Z,tgm/flow-intelligence,660f6945669e32336048d7583ac39831,200,1,352,monitoring,1
2026-09-19T23:49:57.481Z,tgm/token-ohlcv,878057718071fd0d36f3e6293369a321,200,1,513,monitoring,1
2026-09-19T23:50:58.614Z,tgm/flow-intelligence,437c50343749a1281cdbff147491cd50,200,1,1000,monitoring,1
2026-09-19T23:50:59.095Z,tgm/token-ohlcv,c3c1e71d3b2cd35a0ab556699bae741f,200,1,472,monitoring,1
2026-09-19T23:50:59.916Z,tgm/flow-intelligence,c9293a415c7562456daa201147bf3e5d,200,1,808,monitoring,1
2026-09-19T23:51:00.505Z,tgm/token-ohlcv,b75661633c7aac5a9789bc3a35d74061,200,1,583,monitoring,1
2026-09-19T23:51:01.567Z,tgm/flow-intelligence,08463d009f7adc28bd1e845e6480373a,200,1,1044,monitoring,1
2026-09-19T23:51:02.161Z,tgm/token-ohlcv,9323035ea74dd00b8648ea24e8d6fd43,200,1,588,monitoring,1
2026-09-19T23:51:02.780Z,tgm/flow-intelligence,11fd3856a299657854c82e43d36f537c,200,1,604,monitoring,1
2026-09-19T23:51:03.411Z,tgm/token-ohlcv,fbc08016aa90b0638897b066b753442e,200,1,622,monitoring,1
2026-09-19T23:51:03.785Z,tgm/flow-intelligence,06bbf86a1d6737189f320e11d2482234,200,1,360,monitoring,1
2026-09-19T23:51:04.312Z,tgm/token-ohlcv,ea6327657e5cc110bf388e3253c6e84f,200,1,520,monitoring,1
2026-09-19T23:51:05.571Z,tgm/flow-intelligence,8e2e1d737ad88b1c4559e35578924458,200,1,1241,monitoring,1
2026-09-19T23:51:06.153Z,tgm/token-ohlcv,58fb46243146847e852e3750fe111e3a,200,1,577,monitoring,1
2026-09-19T23:52:07.596Z,tgm/flow-intelligence,82bd64623708750fd4c71c04d60bd041,200,1,1255,monitoring,1
2026-09-19T23:52:08.091Z,tgm/token-ohlcv,a173ee76c16b945f9873f36460046077,200,1,489,monitoring,1
2026-09-19T23:53:09.213Z,tgm/flow-intelligence,3e55d8050e79d421aee40c0f3d2e1c3f,200,1,933,monitoring,1
2026-09-19T23:53:09.715Z,tgm/token-ohlcv,f93c191c92ef245cedfc242df3aa5c7c,200,1,495,monitoring,1
2026-09-19T23:53:10.258Z,tgm/flow-intelligence,9aea385ec238be322a73ed5a208fb06f,200,1,533,monitoring,1
2026-09-19T23:53:10.874Z,tgm/token-ohlcv,77b61272ade2b83f10fb15695f629944,200,1,611,monitoring,1
2026-09-19T23:53:11.457Z,tgm/flow-intelligence,17ac377189f7de5b7186ac608e624a63,200,1,574,monitoring,1
2026-09-19T23:53:12.102Z,tgm/token-ohlcv,2e15ac42d83448005a3b6840e570b159,200,1,640,monitoring,1
2026-09-19T23:53:12.620Z,tgm/flow-intelligence,5a3f9102e6ec4b23cec578434785ce38,200,1,508,monitoring,1
2026-09-19T23:53:13.307Z,tgm/token-ohlcv,6b17d50e2940d00a7b9f7918e90a657f,200,1,683,monitoring,1
2026-09-19T23:53:13.655Z,tgm/flow-intelligence,8f8e013c885057522b738c4beacd923e,200,1,337,monitoring,1
2026-09-19T23:53:14.252Z,tgm/token-ohlcv,f8092110e420e2026b32b1396321f61e,200,1,593,monitoring,1
2026-09-19T23:54:15.435Z,tgm/flow-intelligence,b68fdc3dd6bb6011641f336b74f4200d,200,1,1013,monitoring,1
2026-09-19T23:54:16.034Z,tgm/token-ohlcv,d42bf2170be492145b2d5414f23ca629,200,1,541,monitoring,1
2026-09-19T23:55:23.597Z,tgm/flow-intelligence,54e359386358505f845e29788f43571a,200,1,7402,monitoring,1
2026-09-19T23:55:24.191Z,tgm/token-ohlcv,c07a726872a998183c8db919e7780227,200,1,590,monitoring,1
2026-09-19T23:57:25.947Z,tgm/flow-intelligence,a0ec16688b8ed07b1ba9f614999eb120,200,1,1088,monitoring,1
2026-09-19T23:57:26.540Z,tgm/token-ohlcv,362bb04e15d07744aacb2b0a64766e03,200,1,589,monitoring,1
2026-09-19T23:57:26.940Z,tgm/flow-intelligence,028a1e01fd351c325b1ab50bf57a1076,200,1,392,monitoring,1
2026-09-19T23:57:27.650Z,tgm/token-ohlcv,0849e21121d6925f4f7f566bc09a8b0a,200,1,688,monitoring,1
2026-09-19T23:57:28.000Z,tgm/flow-intelligence,37cca77014a90758da20dd2e3476cc4b,200,1,332,monitoring,1
2026-09-19T23:57:28.657Z,tgm/token-ohlcv,3b8ac275aae27d6669425f5bdc76d95d,200,1,651,monitoring,1
2026-09-19T23:57:29.330Z,tgm/flow-intelligence,63714c0f45c8690d8286b12a65fb6a10,200,1,667,monitoring,1
2026-09-19T23:57:29.843Z,tgm/token-ohlcv,b7bd3b434296840b51709a6227f0cd13,200,1,509,monitoring,1
2026-09-19T23:57:30.506Z,tgm/flow-intelligence,55e47a1accb7a4552159711a5d2d5d2c,200,1,654,monitoring,1
2026-09-19T23:57:31.086Z,tgm/token-ohlcv,ed8d373571d8c7051ec8e8362918fa2a,200,1,577,monitoring,1
2026-09-19T23:57:31.754Z,tgm/flow-intelligence,88321110a3d905522d1ccf6782456e76,200,1,663,monitoring,1
2026-09-19T23:57:32.537Z,tgm/token-ohlcv,57b076618227f27392c32b5282d2350d,200,1,781,monitoring,1
2026-09-19T23:57:32.865Z,tgm/flow-intelligence,f972042ed228c04eab631f2d0569a230,200,1,322,monitoring,1
2026-09-19T23:57:33.576Z,tgm/token-ohlcv,c8d1ce5352c7883d2b219755eb1ccb22,200,1,707,monitoring,1
2026-09-19T23:58:34.718Z,tgm/flow-intelligence,4d473f72c3fe40216d91f4488d026811,200,1,803,monitoring,1
2026-09-19T23:58:35.202Z,tgm/token-ohlcv,02564c4362da9f698d8fb147c87f3f35,200,1,480,monitoring,1
2026-09-19T23:58:35.892Z,tgm/flow-intelligence,2288091e18e5a87aa32b40064ecca944,200,1,680,monitoring,1
2026-09-19T23:58:36.616Z,tgm/token-ohlcv,85d4cd09576f1c349ded895c6c734e63,200,1,720,monitoring,1
2026-09-19T23:58:38.041Z,tgm/flow-intelligence,a50ee30dd65873130e8c6b01c796ec2b,200,1,1419,monitoring,1
2026-09-19T23:58:38.922Z,tgm/flow-intelligence,7ff3fd577696730374a557167da6ea72,200,1,877,monitoring,1
2026-09-19T23:58:39.643Z,tgm/who-bought-sold,5cb2637597158376cb02ad615cbf553d,200,1,711,monitoring,1
2026-09-19T23:58:39.999Z,tgm/flow-intelligence,12ac3b3a05682c1fbac67063bae3740a,200,1,343,monitoring,1
2026-09-19T23:58:41.835Z,tgm/token-ohlcv,710f4b5c43a6cc1b5f27b04f486d3a60,200,1,1828,monitoring,1
2026-09-19T23:58:42.479Z,tgm/flow-intelligence,bb835f5da7f1f90cbae9010b14d95623,200,1,633,monitoring,1
2026-09-19T23:58:43.231Z,tgm/flow-intelligence,6b33c916a05b0045d9979421168e5619,200,1,750,monitoring,1
2026-09-19T23:58:44.305Z,tgm/who-bought-sold,43218641a370e95b03806e3221a2820d,200,1,1042,monitoring,1
2026-09-19T23:59:45.352Z,tgm/flow-intelligence,9fc3b4108ea21b78f19595332c740116,200,1,917,monitoring,1
2026-09-19T23:59:46.236Z,tgm/token-ohlcv,4284ad73c4437a5d1fc9c8243bb17451,200,1,878,monitoring,1
2026-09-19T23:59:46.596Z,tgm/flow-intelligence,9041b6299d9997543e77aa2f348c250a,200,1,348,monitoring,1
2026-09-19T23:59:47.421Z,tgm/token-ohlcv,3623d06adc18077eee4da23032800f54,200,1,815,monitoring,1
2026-09-19T23:59:48.144Z,tgm/flow-intelligence,73566a2482c80d29802a176833242c5b,200,1,716,monitoring,1
2026-09-19T23:59:48.615Z,tgm/token-ohlcv,651323535a2bc4495ed56d70d98ee75d,200,1,468,monitoring,1
2026-09-20T00:00:50.599Z,tgm/flow-intelligence,3e75c970ce0b1b774fb5576e8f9f7957,200,1,1686,monitoring,1
2026-09-20T00:00:51.363Z,tgm/token-ohlcv,4be10d721e7d494ed2afae5e8b5ebb4e,200,1,757,monitoring,1
2026-09-20T00:00:52.282Z,tgm/flow-intelligence,736e7e7746a53300beddea480526e871,200,1,905,monitoring,1
2026-09-20T00:00:53.016Z,tgm/token-ohlcv,4a013920a860f41df01c5b70df86d112,200,1,729,monitoring,1
2026-09-20T00:00:54.030Z,tgm/flow-intelligence,7b39db5700541c6a06c89f5cd9fcd72f,200,1,1006,monitoring,1
2026-09-20T00:00:55.577Z,tgm/token-ohlcv,56f35a679876fc5e3f7fae1c48694861,200,1,1543,monitoring,1
2026-09-20T00:01:58.106Z,tgm/flow-intelligence,ad4b3829201fb8250e797d31d7afaa2a,200,1,1745,monitoring,1
2026-09-20T00:01:59.001Z,tgm/token-ohlcv,3723872eb752c3266a15d943dce8da31,200,1,891,monitoring,1
2026-09-20T00:02:00.103Z,tgm/flow-intelligence,f317987d38f9c422ac67e83b2b3b1f2c,200,1,1096,monitoring,1
2026-09-20T00:02:00.767Z,tgm/token-ohlcv,335ca80496896360d37bc72df0004323,200,1,660,monitoring,1
2026-09-20T00:02:02.027Z,tgm/flow-intelligence,ac12e75d3dc4c061bbdca318a8e8615e,200,1,1252,monitoring,1
2026-09-20T00:02:03.617Z,tgm/flow-intelligence,8db7026a7a7c864805ef8f3d652a7833,200,1,1445,monitoring,1
2026-09-20T00:02:04.084Z,tgm/token-ohlcv,320331294a295e4e96a7d47085a67619,200,1,462,monitoring,1
2026-09-20T00:02:05.307Z,tgm/flow-intelligence,7b26056845c2e31e53a00752c3d7cd1e,200,1,1184,monitoring,1
2026-09-20T00:02:06.008Z,tgm/token-ohlcv,4a9d1e4352a07d2399ea5773ff200e74,200,1,692,monitoring,1
2026-09-20T00:03:07.466Z,tgm/flow-intelligence,8c3bf3113866a2356b66ed0f018a5e04,200,1,1322,monitoring,1
2026-09-20T00:03:08.190Z,tgm/token-ohlcv,ea53407330d5c8003f1f8a62c0061405,200,1,719,monitoring,1
2026-09-20T00:03:09.292Z,tgm/flow-intelligence,99ae1d760bce3c6352128e390f4f0850,200,1,1098,monitoring,1
2026-09-20T00:03:10.829Z,tgm/flow-intelligence,ff036f308024004c62bbd679c5420c08,200,1,1532,monitoring,1
2026-09-20T00:03:11.597Z,tgm/who-bought-sold,26a7f90a4b028d5774a0ac7e0717695c,200,1,758,monitoring,1
2026-09-20T00:04:14.114Z,tgm/flow-intelligence,6eab370d5012b60bf1b71d27bedde671,200,1,1825,monitoring,1
2026-09-20T00:04:14.728Z,tgm/token-ohlcv,430578247923e07617805152b636566f,200,1,611,monitoring,1
2026-09-20T00:04:15.424Z,tgm/flow-intelligence,bd6e053d5001c15840f7193a2153b806,200,1,693,monitoring,1
2026-09-20T00:04:16.263Z,tgm/flow-intelligence,0e7b2a5950f2fa3daef6513150c0825a,200,1,837,monitoring,1
2026-09-20T00:04:17.186Z,tgm/who-bought-sold,56bbec4568f36b7d2eb3ad7ebdbfd614,200,1,921,monitoring,1
2026-09-20T00:04:18.106Z,tgm/flow-intelligence,9122a153709a951fa103d742ee8d064d,200,1,914,monitoring,1
2026-09-20T00:04:18.596Z,tgm/token-ohlcv,0481fb07ce1de8631dc126710bf8f661,200,1,481,monitoring,1
2026-09-20T00:04:19.316Z,tgm/flow-intelligence,eb47f13afce3284ff731560417513379,200,1,717,monitoring,1
2026-09-20T00:04:19.933Z,tgm/flow-intelligence,10d0153e80f1607329175225d732d864,200,1,616,monitoring,1
2026-09-20T00:04:20.650Z,tgm/who-bought-sold,dbdd410b5016271c82dc240a015b972f,200,1,691,monitoring,1
2026-09-20T00:04:21.370Z,tgm/flow-intelligence,48c5d01d3e1ef954363f6e2f0d38ec21,200,1,714,monitoring,1
2026-09-20T00:04:22.063Z,tgm/token-ohlcv,640455466766495d85797d6713af296c,200,1,689,monitoring,1
2026-09-20T00:04:22.849Z,tgm/flow-intelligence,0aee726d79f1cf2ab134e61b885b102d,200,1,784,monitoring,1
2026-09-20T00:04:23.917Z,tgm/flow-intelligence,3a6e992bfa67c47a5d976d6f4c868a18,200,1,1066,monitoring,1
2026-09-20T00:04:24.560Z,tgm/who-bought-sold,10f3bc0df9ccca2bbf2c044b4a615639,200,1,639,monitoring,1
2026-09-20T00:04:25.249Z,tgm/flow-intelligence,c8e0761a1e8d774c98520c36daefe321,200,1,682,monitoring,1
2026-09-20T00:04:26.096Z,tgm/token-ohlcv,8338dd41f6b571543036742847f9894e,200,1,844,monitoring,1
2026-09-20T00:04:26.842Z,tgm/flow-intelligence,cc29e03956ca25346d40c02c2e3eb039,200,1,744,monitoring,1
2026-09-20T00:04:27.447Z,tgm/flow-intelligence,2b60b11f558a682ae49c8e642294946f,200,1,596,monitoring,1
2026-09-20T00:04:28.245Z,tgm/who-bought-sold,cf1f45032388047d6043c62c751bd205,200,1,795,monitoring,1
2026-09-20T00:05:30.001Z,tgm/flow-intelligence,3cc44c5ea0aca81e1f57a16b7361c73d,200,1,1556,monitoring,1
2026-09-20T00:05:30.665Z,tgm/token-ohlcv,24b50a152466f1507c69124b66122101,200,1,656,monitoring,1
2026-09-20T00:05:31.699Z,tgm/flow-intelligence,54074f53df3c6864cbb7ad0fb65f6a36,200,1,1031,monitoring,1
2026-09-20T00:05:32.401Z,tgm/flow-intelligence,33729118ff4cbb2013531e439bb3c81d,200,1,699,monitoring,1
2026-09-20T00:05:33.065Z,tgm/who-bought-sold,9d143537b1921c3898b5295f2a73d364,200,1,660,monitoring,1
2026-09-20T00:05:33.833Z,tgm/flow-intelligence,35c9b5151be4032e05299577f9179961,200,1,759,monitoring,1
2026-09-20T00:05:34.377Z,tgm/token-ohlcv,abb9190efd4168008dfa8236b5763067,200,1,539,monitoring,1
2026-09-20T00:05:35.146Z,tgm/flow-intelligence,135b075ba85a377067aefd576a854546,200,1,753,monitoring,1
2026-09-20T00:05:35.834Z,tgm/flow-intelligence,60424e3dfe3b364c8d5b846f3969d449,200,1,682,monitoring,1
2026-09-20T00:05:36.718Z,tgm/who-bought-sold,6552a46556b03b5ed14d6b37c594f222,200,1,876,monitoring,1
2026-09-20T00:07:38.091Z,tgm/flow-intelligence,cc27fe0b1bfc77639f0ec06c1ded8d37,200,1,1204,monitoring,1
2026-09-20T00:07:38.787Z,tgm/token-ohlcv,264ccd64ac7ed3287a919052ca50b90d,200,1,684,monitoring,1
2026-09-20T00:07:40.010Z,tgm/flow-intelligence,f76a037a0ff5e61c1aae7a6c19f3a849,200,1,1217,monitoring,1
2026-09-20T00:07:40.857Z,tgm/flow-intelligence,ac0bae3b7330597b06aab769a98d8b05,200,1,844,monitoring,1
2026-09-20T00:07:41.651Z,tgm/who-bought-sold,9a5f8d182620ec742a1703337310ec20,200,1,784,monitoring,1
2026-09-20T00:07:42.970Z,tgm/flow-intelligence,ac708517aafbec24db84b944c6dc360b,200,1,1309,monitoring,1
2026-09-20T00:07:43.927Z,tgm/token-ohlcv,9f3a006e51a5fa3d28ece15fa9232715,200,1,955,monitoring,1
2026-09-20T00:07:44.593Z,tgm/flow-intelligence,924f0a4c91d09457a96f4f32011b0f34,200,1,664,monitoring,1
2026-09-20T00:07:45.465Z,tgm/flow-intelligence,fdf955371d37ed5396f60377c2c04509,200,1,870,monitoring,1
2026-09-20T00:07:46.698Z,tgm/who-bought-sold,d433ba5f674733293dbbbc027951d162,200,1,1226,monitoring,1
2026-09-20T00:07:47.492Z,tgm/flow-intelligence,a9aadd52a3f6810515ee9b4fc2e04f6c,200,1,785,monitoring,1
2026-09-20T00:07:48.301Z,tgm/token-ohlcv,6ac4fc06f22ffd475fc585076565ae74,200,1,803,monitoring,1
2026-09-20T00:07:49.150Z,tgm/flow-intelligence,2a99822f2587281af32e70376c7adb7f,200,1,847,monitoring,1
2026-09-20T00:07:50.364Z,tgm/flow-intelligence,fdf1d67ec0a6366865e3861c6873bd40,200,1,1211,monitoring,1
2026-09-20T00:07:51.395Z,tgm/who-bought-sold,829e6a3829059b69208b9f0382001e2e,200,1,1027,monitoring,1
2026-09-20T00:07:52.235Z,tgm/flow-intelligence,fd70854041e89943e1fb522d5d4b6c28,200,1,830,monitoring,1
2026-09-20T00:07:52.960Z,tgm/token-ohlcv,48725f4435c9092b0e525653919a0d7f,200,1,710,monitoring,1
2026-09-20T00:07:53.602Z,tgm/flow-intelligence,e8e88d7b395feb6fffe0c14e996a2627,200,1,639,monitoring,1
2026-09-20T00:07:54.231Z,tgm/flow-intelligence,8276963342e5c83145192016a2e7c05b,200,1,626,monitoring,1
2026-09-20T00:07:55.603Z,tgm/who-bought-sold,48f9a43bb9f0b0763232d81ab08ec755,200,1,1368,monitoring,1
2026-09-20T00:07:56.223Z,tgm/flow-intelligence,0884de730118a0484044cb76dd51137f,200,1,614,monitoring,1
2026-09-20T00:07:57.140Z,tgm/token-ohlcv,29c3bc7f71908400660603667c6a8e7f,200,1,912,monitoring,1
2026-09-20T00:07:57.794Z,tgm/flow-intelligence,264b4343fbe370418ae11f68d406ae63,200,1,651,monitoring,1
2026-09-20T00:07:58.491Z,tgm/flow-intelligence,f47de046fba76c6b23eee120ab6c8a48,200,1,695,monitoring,1
2026-09-20T00:07:59.081Z,tgm/who-bought-sold,8365a90e7d469d77a39e427bc2934543,200,1,584,monitoring,1
2026-09-20T00:07:59.714Z,tgm/flow-intelligence,cf453056bf1d253ffe9fea42077dc65a,200,1,624,monitoring,1
2026-09-20T00:08:00.731Z,tgm/token-ohlcv,b338001ad8b7845bc073d14434442157,200,1,1013,monitoring,1
2026-09-20T00:08:01.515Z,tgm/flow-intelligence,0674881c3da8801c8b34f76b8af17d3a,200,1,779,monitoring,1
2026-09-20T00:08:02.362Z,tgm/flow-intelligence,e4d2786654ec0b69e6d399014637b80f,200,1,843,monitoring,1
2026-09-20T00:08:03.071Z,tgm/who-bought-sold,832ca76ca75e8139bb9049015aa9237a,200,1,703,monitoring,1
2026-09-20T00:08:03.899Z,tgm/flow-intelligence,143d2a2d82634f06632d1e419769d119,200,1,818,monitoring,1
2026-09-20T00:08:04.654Z,tgm/token-ohlcv,a6972e6430c6de6536773e5c23219016,200,1,752,monitoring,1
2026-09-20T00:08:05.433Z,tgm/flow-intelligence,81d185755dac4557c886111c42661369,200,1,774,monitoring,1
2026-09-20T00:08:06.970Z,tgm/flow-intelligence,0cc9234fd6c28511e937103c50296259,200,1,1533,monitoring,1
2026-09-20T00:08:07.900Z,tgm/who-bought-sold,945fdc5bbe56153f072c056d56867c12,200,1,927,monitoring,1
2026-09-20T00:09:10.254Z,tgm/flow-intelligence,a06d2976e85114408e2c3b15f4ef105f,200,1,2235,monitoring,1
2026-09-20T00:09:10.868Z,tgm/token-ohlcv,419a73662b531668d8628064a35bfb7c,200,1,609,monitoring,1
2026-09-20T00:09:11.688Z,tgm/flow-intelligence,d064394196da2945fd43057226f54437,200,1,816,monitoring,1
2026-09-20T00:09:12.403Z,tgm/flow-intelligence,840e343d3d9ba93a6affde6d9977755f,200,1,711,monitoring,1
2026-09-20T00:09:13.327Z,tgm/who-bought-sold,648eb7530dbdb77fa0b7964645995577,200,1,918,monitoring,1
2026-09-20T00:10:14.393Z,tgm/flow-intelligence,0b50435e04849b550578c03a7478f25b,200,1,940,monitoring,1
2026-09-20T00:10:17.154Z,tgm/token-ohlcv,7c180677a94dad4b0ad4b96d6ff05e6f,200,1,2754,monitoring,1
2026-09-20T00:10:18.137Z,tgm/flow-intelligence,c57dcf26103f01298a2427288fe52f48,200,1,976,monitoring,1
2026-09-20T00:10:18.870Z,tgm/token-ohlcv,c797887378e0176247a6ab0b9196fb04,200,1,729,monitoring,1
2026-09-20T00:10:20.287Z,tgm/flow-intelligence,eda3c32a5a2c3623fb49bc66da4d2d6f,200,1,1410,monitoring,1
2026-09-20T00:10:23.057Z,tgm/token-ohlcv,0b9fce558a27bc4a9c5be7677234b311,200,1,2766,monitoring,1
2026-09-20T00:11:25.422Z,tgm/flow-intelligence,1b2f7a39838202579adef807a07d5803,200,1,1933,monitoring,1
2026-09-20T00:11:26.039Z,tgm/token-ohlcv,e10a9b6e0b1d953db55da05944c1793b,200,1,611,monitoring,1
2026-09-20T00:11:27.135Z,tgm/flow-intelligence,7eddc82c88b316652852d704990c4366,200,1,1086,monitoring,1
2026-09-20T00:11:27.860Z,tgm/token-ohlcv,8691865a30245a6ef5a0a57a90cd095d,200,1,721,monitoring,1
2026-09-20T00:12:29.317Z,tgm/flow-intelligence,57bc43541ca22b63630e9e1c00042d43,200,1,1352,monitoring,1
2026-09-20T00:12:29.933Z,tgm/token-ohlcv,0cae562f9dd947024a7ec2160eaccf69,200,1,610,monitoring,1
2026-09-20T00:12:30.295Z,tgm/flow-intelligence,babb9e71a497806845c2cb010b136a1a,200,1,353,monitoring,1
2026-09-20T00:12:31.161Z,tgm/token-ohlcv,6b08aa64c6249d27c3369003b4ea3f54,200,1,860,monitoring,1
2026-09-20T00:12:32.386Z,tgm/flow-intelligence,3cb6af637570b13592ebd96c2a14874d,200,1,1197,monitoring,1
2026-09-20T00:12:33.088Z,tgm/token-ohlcv,905ef006d78c903fae2feb2bbbeb8177,200,1,679,monitoring,1
2026-09-20T00:12:34.236Z,tgm/flow-intelligence,e967b619a161f32f0a11a157d24edb64,200,1,1141,monitoring,1
2026-09-20T00:12:35.426Z,tgm/flow-intelligence,6420166c22c7ba4134a2f2483bfff346,200,1,1187,monitoring,1
2026-09-20T00:12:36.386Z,tgm/who-bought-sold,e724154278b3ab4aed55b1314b452b2e,200,1,953,monitoring,1
2026-09-20T00:12:37.610Z,tgm/flow-intelligence,8c7e5e3acf17814ffc7a5162190fdf26,200,1,1216,monitoring,1
2026-09-20T00:12:38.533Z,tgm/token-ohlcv,25cedc15e5d86e1baacf0e695916c06b,200,1,918,monitoring,1
2026-09-20T00:12:39.675Z,tgm/flow-intelligence,46173e5e57bd4d0ecd45133c8524a47a,200,1,1139,monitoring,1
2026-09-20T00:12:41.151Z,tgm/flow-intelligence,5e87ee5c3005652a005bbd785404d843,200,1,1472,monitoring,1
2026-09-20T00:12:42.897Z,tgm/who-bought-sold,dbcd90565b8df809265c0e08b5428d30,200,1,1710,monitoring,1
2026-09-20T00:12:43.543Z,tgm/flow-intelligence,f2be3e24f284d13163735b4948988272,200,1,637,monitoring,1
2026-09-20T00:12:44.070Z,tgm/token-ohlcv,c93fe779786c044eb0b88923cdcd7d2d,200,1,523,monitoring,1
2026-09-20T00:12:44.815Z,tgm/flow-intelligence,5db6dc7a629dcf298b9ffd4b96f6400c,200,1,742,monitoring,1
2026-09-20T00:12:45.528Z,tgm/flow-intelligence,6af0a3175116132b6ac1462e66deb029,200,1,710,monitoring,1
2026-09-20T00:12:46.287Z,tgm/who-bought-sold,4e7e9a392e66555963d10540ad70f035,200,1,726,monitoring,1
2026-09-20T00:12:47.774Z,tgm/flow-intelligence,9bda0008b20ee5395f7a556482bca24e,200,1,1480,monitoring,1
2026-09-20T00:12:48.363Z,tgm/token-ohlcv,997c7959ec55d36befb1621eb3b21c67,200,1,585,monitoring,1
2026-09-20T00:12:49.281Z,tgm/flow-intelligence,2efa77436034fb07c9a6086113b6b91e,200,1,916,monitoring,1
2026-09-20T00:12:50.820Z,tgm/flow-intelligence,4f1ad101d309487c21c8fe30908aed57,200,1,1536,monitoring,1
2026-09-20T00:12:51.796Z,tgm/who-bought-sold,7b99886b151822130b7f7d2422ddc437,200,1,964,monitoring,1
2026-09-20T00:13:54.103Z,tgm/flow-intelligence,6f43fd19b3f6f465a474b952e88f0c35,200,1,2214,monitoring,1
2026-09-20T00:13:55.027Z,tgm/token-ohlcv,f80a9e3ed0b4731eb9c1e12ae9147c43,200,1,919,monitoring,1
2026-09-20T00:13:55.768Z,tgm/flow-intelligence,f2a66f2b0c58492d5644682a25c3fe09,200,1,731,monitoring,1
2026-09-20T00:13:56.939Z,tgm/token-ohlcv,53c16d58c1477a47c072f771c8e5bb00,200,1,1169,monitoring,1
2026-09-20T00:13:57.751Z,tgm/flow-intelligence,4e040f2a638ea76ab5aa1551d4d19c0f,200,1,779,monitoring,1
2026-09-20T00:13:58.746Z,tgm/token-ohlcv,a3a38447ff4b7643f2a53a5a493c0357,200,1,984,monitoring,1
2026-09-20T00:15:00.175Z,tgm/flow-intelligence,0d4bb8334a7f5d51c71afb6ea391204e,200,1,1361,monitoring,1
2026-09-20T00:15:01.020Z,tgm/token-ohlcv,a412e60105823a340bafcf6411c72f25,200,1,829,monitoring,1
2026-09-20T00:15:01.727Z,tgm/flow-intelligence,220b7a5262fc6263772f1818c1a3295e,200,1,701,monitoring,1
2026-09-20T00:15:02.385Z,tgm/token-ohlcv,d5ee88544339397874be581743c3a648,200,1,653,monitoring,1
2026-09-20T00:15:03.094Z,tgm/flow-intelligence,4f2b3f05e51e9324aeec1a1c365d496a,200,1,701,monitoring,1
2026-09-20T00:15:03.863Z,tgm/token-ohlcv,27d2dc17ecc4ce0c88a87879104ae52d,200,1,756,monitoring,1
2026-09-20T00:15:04.202Z,tgm/flow-intelligence,0cf016632ccc5c7e6369d2562933c040,200,1,331,monitoring,1
2026-09-20T00:15:05.015Z,tgm/token-ohlcv,2b0a003f9701ae45e82f222eb326bf1b,200,1,794,monitoring,1
2026-09-20T00:15:05.726Z,tgm/flow-intelligence,917a034751a51d3838144e46d488f32a,200,1,702,monitoring,1
2026-09-20T00:15:06.365Z,tgm/token-ohlcv,3b62bf5271f487386a809d75f1250e56,200,1,622,monitoring,1
2026-09-20T00:16:08.041Z,tgm/flow-intelligence,5e4d3618343cdc269d2ac04036a3ae1b,200,1,1534,monitoring,1
2026-09-20T00:16:08.553Z,tgm/token-ohlcv,7c39be3e777a4d65aa23326d8cd32a6b,200,1,506,monitoring,1
2026-09-20T00:16:10.176Z,tgm/flow-intelligence,778a3e05bec2dd477164b319c2d58d21,200,1,1617,monitoring,1
2026-09-20T00:16:11.109Z,tgm/token-ohlcv,bee34942419ba7008a50d735b7817319,200,1,930,monitoring,1
2026-09-20T00:18:12.539Z,tgm/flow-intelligence,af0c9b7221e1a61522c2ec62684af23f,200,1,1293,monitoring,1
2026-09-20T00:18:13.471Z,tgm/token-ohlcv,affcd278a8bac161aa31443d1f019f45,200,1,929,monitoring,1
2026-09-20T00:18:14.074Z,tgm/flow-intelligence,4754fb0742275c1f7bda296a7223f02c,200,1,597,monitoring,1
2026-09-20T00:18:14.655Z,tgm/token-ohlcv,601f3e4aaada260ff9d84b2c8e34181b,200,1,556,monitoring,1
2026-09-20T00:18:15.275Z,tgm/flow-intelligence,ef360175fcedf9768d04ba2edbdbfb23,200,1,614,monitoring,1
2026-09-20T00:18:16.215Z,tgm/token-ohlcv,7f4f7b59b3d34404dcbd965830a25b7a,200,1,935,monitoring,1
2026-09-20T00:18:16.564Z,tgm/flow-intelligence,4f961b2236495d6a6c0a7a1e2eff2250,200,1,339,monitoring,1
2026-09-20T00:18:17.255Z,tgm/token-ohlcv,65ba0f776c3ce92e9e4a9d631bbb540e,200,1,675,monitoring,1
2026-09-20T00:18:17.906Z,tgm/flow-intelligence,472aa44d68954135b59a2e548aa85f6b,200,1,647,monitoring,1
2026-09-20T00:18:18.527Z,tgm/token-ohlcv,0573451e13bcf911e032d6227ce59679,200,1,618,monitoring,1
2026-09-20T00:18:19.477Z,tgm/flow-intelligence,16880e2009fff50809b2c764a16e7011,200,1,943,monitoring,1
2026-09-20T00:18:20.089Z,tgm/token-ohlcv,ab6f2e2c47f814237be969465079e465,200,1,607,monitoring,1
2026-09-20T00:18:20.557Z,tgm/flow-intelligence,17bbf033fdd7a202a443173c558efc14,200,1,462,monitoring,1
2026-09-20T00:18:21.220Z,tgm/token-ohlcv,b76b9438adf3e746dd3e05493c5b3358,200,1,633,monitoring,1
2026-09-20T00:19:22.654Z,tgm/flow-intelligence,ac6ce258c82556645e08df1cf7575a5a,200,1,1368,monitoring,1
2026-09-20T00:19:23.493Z,tgm/token-ohlcv,18c8946d7180c752d492160af3037c62,200,1,796,monitoring,1
2026-09-20T00:20:24.549Z,tgm/flow-intelligence,b788975a1d4c862a0c36be0224dc9f6c,200,1,957,monitoring,1
2026-09-20T00:20:25.084Z,tgm/token-ohlcv,cc8a0a3b0222b74162cd0704b5f08444,200,1,522,monitoring,1
2026-09-20T00:20:30.076Z,tgm/flow-intelligence,c6fadc66ef29df05318c263bc44afb5c,200,1,4989,monitoring,1
2026-09-20T00:20:39.014Z,tgm/flow-intelligence,301b7605b1e5364e9deb6f5bdffa1b08,200,1,8933,monitoring,1
2026-09-20T00:20:39.385Z,tgm/flow-intelligence,98de7914e7b28c3fe9ea19153f412d03,200,1,364,monitoring,1
2026-09-20T00:20:39.942Z,tgm/token-ohlcv,dfda147cc2d182332355a27f32c9a67e,200,1,546,monitoring,1
2026-09-20T00:20:40.702Z,tgm/flow-intelligence,e66b0b09ff3d8b067cd8163202bff151,200,1,755,monitoring,1
2026-09-20T00:20:41.759Z,tgm/flow-intelligence,a9c25f32236924277a73ee15dacdfe1a,200,1,1053,monitoring,1
2026-09-20T00:20:42.918Z,tgm/who-bought-sold,f9e7252451710321000b343c8785e65a,200,1,1134,monitoring,1
2026-09-20T00:20:43.288Z,tgm/flow-intelligence,bd84392b0d4cba350d965407de4a2720,200,1,355,monitoring,1
2026-09-20T00:20:44.240Z,tgm/token-ohlcv,a6fec00ea897ea64257b7775277d1a77,200,1,950,monitoring,1
2026-09-20T00:20:45.079Z,tgm/flow-intelligence,3981f66d31a0485b5de4db39e9b8175d,200,1,834,monitoring,1
2026-09-20T00:20:45.911Z,tgm/flow-intelligence,bad0c57f2f1e7d4cfcd5d05578d2d648,200,1,830,monitoring,1
2026-09-20T00:20:47.977Z,tgm/who-bought-sold,eaf405575d8bc9774d1add4849ed5d11,200,1,2042,monitoring,1
2026-09-20T00:21:48.805Z,tgm/flow-intelligence,3c105b1b95659c206a64771a4a916911,200,1,743,monitoring,1
2026-09-20T00:21:49.395Z,tgm/token-ohlcv,4344121f1f43203bf66be32125034a28,200,1,581,monitoring,1
2026-09-20T00:21:50.446Z,tgm/flow-intelligence,dd281a490fcb6a7e8fa0c00f1a397564,200,1,1048,monitoring,1
2026-09-20T00:21:51.367Z,tgm/flow-intelligence,611baa432e8344306a50976b9f5f0c13,200,1,897,monitoring,1
2026-09-20T00:21:55.206Z,tgm/who-bought-sold,9387723e0e6bae3311d059194cc6fd0a,200,1,3833,monitoring,1
2026-09-20T00:21:56.104Z,tgm/flow-intelligence,47bf6978e4b58f4af1a3b416fa4c3e26,200,1,868,monitoring,1
2026-09-20T00:21:56.860Z,tgm/token-ohlcv,39e6995111c56f72999a1e17ba188034,200,1,754,monitoring,1
2026-09-20T00:21:57.615Z,tgm/flow-intelligence,f9d7134a1bedb04cfe4315698cba2f11,200,1,753,monitoring,1
2026-09-20T00:22:08.706Z,tgm/flow-intelligence,1433517d44eee01302b5fc544d19eb4e,200,1,11087,monitoring,1
2026-09-20T00:22:22.870Z,tgm/who-bought-sold,86e5f2056047c95acbc00f638f217562,200,1,14145,monitoring,1
2026-09-20T00:22:23.637Z,tgm/flow-intelligence,79ff6252cd7a8d45af096d1758f4c45c,200,1,762,monitoring,1
2026-09-20T00:22:24.132Z,tgm/token-ohlcv,ea49d112ea5be04e2af4bc33c57edd0d,200,1,484,monitoring,1
2026-09-20T00:22:25.231Z,tgm/flow-intelligence,3c511c1914e7f3774b43230486142a04,200,1,1096,monitoring,1
2026-09-20T00:22:26.183Z,tgm/flow-intelligence,0cbfa44416f6d20dfcf2aa465aeb802c,200,1,950,monitoring,1
2026-09-20T00:22:26.820Z,tgm/who-bought-sold,9ac8e83474dbd7060b6514146f065b49,200,1,609,monitoring,1
2026-09-20T00:22:55.101Z,search/general,b393f2094357f30891c0215aa0f04804,200,0,1200,search,1
2026-09-20T00:22:55.181Z,search/general,7d71217de4d4532f27a9cd2ad138b626,200,0,757,search,1
2026-09-20T00:22:55.542Z,search/general,6ed7a21419c47a20b422a769940e291a,200,0,751,search,1
2026-09-20T00:23:27.575Z,tgm/flow-intelligence,d116c9445ea2336a4a9acc253ed8c743,200,1,656,monitoring,1
2026-09-20T00:23:28.101Z,tgm/token-ohlcv,6625dd4b34552629117b660fee652f69,200,1,517,monitoring,1
2026-09-20T00:23:29.752Z,tgm/flow-intelligence,c3e62236944d765ae29a2877dc442247,200,1,1650,monitoring,1
2026-09-20T00:23:30.178Z,tgm/flow-intelligence,5635247b8b85e55c773fb42ed11cfd4b,200,1,425,monitoring,1
2026-09-20T00:23:30.783Z,tgm/who-bought-sold,827dca277a671544f926d839a9fdc335,200,1,551,monitoring,1
2026-09-20T00:23:31.129Z,tgm/flow-intelligence,78757c27e2a5d73855f96d2b5cb59e7d,200,1,340,monitoring,1
2026-09-20T00:23:31.787Z,tgm/token-ohlcv,595a2258dacdf92f697b6c1586baea68,200,1,655,monitoring,1
2026-09-20T00:23:32.540Z,tgm/flow-intelligence,6d2b07424a98d25b887af32e0ad05809,200,1,752,monitoring,1
2026-09-20T00:23:33.384Z,tgm/flow-intelligence,31a4a375edabb52312bcbf5db3216e1d,200,1,843,monitoring,1
2026-09-20T00:23:34.385Z,tgm/who-bought-sold,e6b2b21823cf077587638a467736114e,200,1,998,monitoring,1
2026-09-20T00:23:35.629Z,tgm/flow-intelligence,6bbf131fbbf4575dab2fbf5ab5d6ee58,200,1,1235,monitoring,1
2026-09-20T00:23:36.219Z,tgm/token-ohlcv,d3f62b5516a52604836c5d6f9f1dc873,200,1,584,monitoring,1
2026-09-20T00:23:37.199Z,tgm/flow-intelligence,325060034468d72e3ef04b30e6a14053,200,1,977,monitoring,1
2026-09-20T00:23:37.909Z,tgm/token-ohlcv,62bac221b548cd5af3f9ad674981df20,200,1,707,monitoring,1
2026-09-20T00:23:38.581Z,tgm/flow-intelligence,ab83da25bc47f71b1eb4234025c4e602,200,1,666,monitoring,1
2026-09-20T00:23:39.063Z,tgm/token-ohlcv,57012a63ad15d12e318b491d2cd96e17,200,1,479,monitoring,1
2026-09-20T00:23:39.956Z,tgm/flow-intelligence,37ab3a6e65c00f3a232db62ae6070872,200,1,889,monitoring,1
2026-09-20T00:23:40.681Z,tgm/token-ohlcv,46ec3959714a02263c8b4d159eed633c,200,1,684,monitoring,1
2026-09-20T00:23:57.460Z,search/general,dab5ab08def399351fcad5733c4efb5e,200,0,1079,search,1
2026-09-20T00:23:57.782Z,search/general,b6e9a6188b5d127ed1a71a014334aa42,200,0,831,search,1
2026-09-20T00:23:58.117Z,search/general,51cfb3195ef661410aeafe1a2b855f22,200,0,840,search,1
2026-09-20T00:24:39.177Z,tgm/flow-intelligence,0570373c61d5844f12d46d5a9f76490d,200,1,4118,investigation,1
2026-09-20T00:24:41.582Z,tgm/flow-intelligence,0cdd4811506ac708b826d36bc1ca977e,200,1,2401,investigation,1
2026-09-20T00:24:42.232Z,tgm/flow-intelligence,ba9d16128322d318a2746e4f73d35870,200,1,627,investigation,1
2026-09-20T00:24:43.242Z,tgm/flow-intelligence,d2d3ff1e2e4fd356f6ba9c3d5235673e,200,1,2499,monitoring,1
2026-09-20T00:24:43.498Z,tgm/flows,93f8cc3a20857a0c07db304871cac324,200,1,1025,investigation,1
2026-09-20T00:24:43.824Z,tgm/token-ohlcv,70d52f3448dbac5229bb433c9447c725,200,1,573,monitoring,1
2026-09-20T00:24:44.622Z,tgm/who-bought-sold,e63fa339c9918f79666bf5118e3b8c46,200,1,1092,investigation,1
2026-09-20T00:24:45.813Z,tgm/token-ohlcv,e0a80c058636a515e163897fcb9f6066,200,1,989,investigation,1
2026-09-20T00:25:44.901Z,tgm/flow-intelligence,3e5a9430d29d3722e2776b2743645a1e,200,1,991,monitoring,1
2026-09-20T00:25:45.517Z,tgm/token-ohlcv,37023d077073fa25d2d9ae7b9c61ae6c,200,1,614,monitoring,1
2026-09-20T00:25:45.869Z,tgm/flow-intelligence,3d0d086c361cb92a6667215fcb1c1b56,200,1,347,monitoring,1
2026-09-20T00:25:46.398Z,tgm/token-ohlcv,3e99191c18159f727fd4d51e813acf61,200,1,520,monitoring,1
2026-09-20T00:25:47.459Z,tgm/flow-intelligence,a1cb7a1b345c346d44d5d5216eda0e26,200,1,1056,monitoring,1
2026-09-20T00:25:48.238Z,tgm/token-ohlcv,1a8a383074fd7e245e9f4d17dfdb953a,200,1,776,monitoring,1
2026-09-20T00:25:48.938Z,tgm/flow-intelligence,58d0b3431e37281d60faa708236fda54,200,1,689,monitoring,1
2026-09-20T00:25:49.416Z,tgm/token-ohlcv,4a6e34002b72eb14c6553875465af57a,200,1,477,monitoring,1
2026-09-20T00:25:50.059Z,tgm/flow-intelligence,1f9f076767872e537bf1431b1366e92b,200,1,636,monitoring,1
2026-09-20T00:25:50.543Z,tgm/token-ohlcv,bd98e83e301c701d1f983e31d4c8dc67,200,1,474,monitoring,1
2026-09-20T00:26:51.668Z,tgm/flow-intelligence,f5e40077569c9766b59595613a841c30,200,1,1059,monitoring,1
2026-09-20T00:26:52.191Z,tgm/token-ohlcv,0b84171a9033942dac40b2679e9ea13c,200,1,521,monitoring,1
2026-09-20T00:26:52.564Z,tgm/flow-intelligence,f60e5729364def5be3517278783de270,200,1,369,monitoring,1
2026-09-20T00:26:53.070Z,tgm/token-ohlcv,04b70d73a100e00c05a89802a67f7143,200,1,492,monitoring,1
2026-09-20T00:28:55.347Z,tgm/flow-intelligence,5ae5dd1d81ab2313a885242900bf5d50,200,1,980,monitoring,1
2026-09-20T00:28:55.986Z,tgm/token-ohlcv,b0d530116a223762efa02d68c01de369,200,1,635,monitoring,1
2026-09-20T00:28:56.751Z,tgm/flow-intelligence,3652074ba3c8d74769506732766bab0d,200,1,760,monitoring,1
2026-09-20T00:28:57.550Z,tgm/token-ohlcv,efc02d6dd4661519c3d4045c4e3a497d,200,1,793,monitoring,1
2026-09-20T00:28:58.817Z,tgm/flow-intelligence,b3049d69545c0a24b7848f7221e0e434,200,1,1080,monitoring,1
2026-09-20T00:28:59.333Z,tgm/token-ohlcv,422caa053642b6460c5d062a2d4e0d40,200,1,508,monitoring,1
2026-09-20T00:30:01.805Z,tgm/flow-intelligence,2e3b5624bdd9ce59451e1c4083bef45a,200,1,2391,monitoring,1
2026-09-20T00:30:02.608Z,tgm/token-ohlcv,7b94ab20e92c6c26b38e08413d74d46f,200,1,801,monitoring,1
2026-09-20T00:30:03.871Z,tgm/flow-intelligence,006ac5070286a83b8ec548418ec67827,200,1,1260,monitoring,1
2026-09-20T00:30:04.948Z,tgm/token-ohlcv,fc2f21035a983e47efd10255303e8a07,200,1,1068,monitoring,1
2026-09-20T00:30:06.018Z,tgm/flow-intelligence,255068170d9a594be5fbd2742b218d13,200,1,1063,monitoring,1
2026-09-20T00:30:06.660Z,tgm/token-ohlcv,53e96e21f75aa1739e5ea320b2de5e34,200,1,633,monitoring,1
2026-09-20T00:31:13.542Z,tgm/flow-intelligence,a4f2ef7abce76568195d7935df103735,200,1,6825,monitoring,1
2026-09-20T00:31:14.078Z,tgm/token-ohlcv,f403c54207aaed64bdee154305c7a60a,200,1,533,monitoring,1
2026-09-20T00:31:14.940Z,tgm/flow-intelligence,0506ed13dd48cd1bd75b3a6b9534282e,200,1,859,monitoring,1
2026-09-20T00:31:15.438Z,tgm/token-ohlcv,9857fe1ffdc867766ab2953336e50463,200,1,494,monitoring,1
2026-09-20T00:31:16.194Z,tgm/flow-intelligence,f40ff1310b87ea66d44fd83684fc2078,200,1,748,monitoring,1
2026-09-20T00:31:16.704Z,tgm/token-ohlcv,8d99da791885235dbf317f2c47af3d17,200,1,507,monitoring,1
2026-09-20T00:32:17.877Z,tgm/flow-intelligence,1b742e23a8e86426f5a80f673d990b00,200,1,1096,monitoring,1
2026-09-20T00:32:18.376Z,tgm/token-ohlcv,e72afa1d4040e21432ef181d3e9f3815,200,1,498,monitoring,1
2026-09-20T00:33:19.658Z,tgm/flow-intelligence,e8db4a27bc67d463ce74aa23450e4673,200,1,1212,monitoring,1
2026-09-20T00:33:20.204Z,tgm/token-ohlcv,489d9336f68d49055c50ce4fd496202d,200,1,536,monitoring,1
2026-09-20T00:33:21.003Z,tgm/flow-intelligence,9adc085d3e51e60eca50482e0b45d448,200,1,796,monitoring,1
2026-09-20T00:33:21.802Z,tgm/token-ohlcv,04a46a49cf97f26c3a517932228cf92a,200,1,793,monitoring,1
2026-09-20T00:34:23.208Z,tgm/flow-intelligence,6070126fb5350051f763635c7c145e7d,200,1,1336,monitoring,1
2026-09-20T00:34:23.901Z,tgm/token-ohlcv,423d2239d4414c59175c88002aa71e1e,200,1,688,monitoring,1
2026-09-20T00:34:24.692Z,tgm/flow-intelligence,f048473be5e6e7139d13c116252afa7f,200,1,700,monitoring,1
2026-09-20T00:34:25.240Z,tgm/token-ohlcv,14a058052b2a216e87f8c63459920345,200,1,539,monitoring,1
2026-09-20T00:34:26.223Z,tgm/flow-intelligence,485cee1af6690d43dbcd9a1e41ddb718,200,1,980,monitoring,1
2026-09-20T00:34:26.873Z,tgm/token-ohlcv,9949b40757950543d1944c25aee90c0d,200,1,525,monitoring,1
2026-09-20T00:34:27.857Z,tgm/flow-intelligence,c617474839a1a11c48ba4f2248d76d79,200,1,981,monitoring,1
2026-09-20T00:34:28.465Z,tgm/token-ohlcv,184b4679f6806162505b3079b5cc882a,200,1,594,monitoring,1
2026-09-20T00:34:29.226Z,tgm/flow-intelligence,3ac7cf2f4bd6a52d72080825dc4bfb0b,200,1,754,monitoring,1
2026-09-20T00:34:29.765Z,tgm/token-ohlcv,6e7ceb15ebdd806702dc22006ac05e04,200,1,533,monitoring,1
2026-09-20T00:34:30.680Z,tgm/flow-intelligence,d81cfb37dbaa7200c3c5a9361d685e36,200,1,909,monitoring,1
2026-09-20T00:34:31.416Z,tgm/token-ohlcv,76cf486b9b83ca2b4f7f734ae44b3401,200,1,726,monitoring,1
2026-09-20T00:35:32.624Z,tgm/flow-intelligence,cba1f92abbcee1386aff98132dcd6c60,200,1,1144,monitoring,1
2026-09-20T00:35:33.182Z,tgm/token-ohlcv,d34c7e21004e8b4217220b009eee774c,200,1,552,monitoring,1
2026-09-20T00:36:34.433Z,tgm/flow-intelligence,20e76a4bcf57c712c084fd377180ba7d,200,1,1164,monitoring,1
2026-09-20T00:36:35.072Z,tgm/token-ohlcv,2134560a664dea4f47dff6033b7f4c4b,200,1,632,monitoring,1
2026-09-20T00:36:35.845Z,tgm/flow-intelligence,30c51c246830be136b113a29afb97662,200,1,769,monitoring,1
2026-09-20T00:36:36.347Z,tgm/token-ohlcv,942e6d68c0c5ef6a88816627c4f3890c,200,1,490,monitoring,1
2026-09-20T00:36:37.208Z,tgm/flow-intelligence,877b0639c9722e12e44f654f6424f624,200,1,855,monitoring,1
2026-09-20T00:36:38.101Z,tgm/token-ohlcv,896e2d3c88cc7236d4892c59f86d1835,200,1,890,monitoring,1
2026-09-20T00:36:38.728Z,tgm/flow-intelligence,a8d44f59b7fd551ecbad1828db87a72a,200,1,622,monitoring,1
2026-09-20T00:36:39.227Z,tgm/token-ohlcv,6ef6c57c38e3e626aff9a93e428cbc25,200,1,497,monitoring,1
2026-09-20T00:36:40.027Z,tgm/flow-intelligence,eb72495b51b961001fa59d1894479934,200,1,797,monitoring,1
2026-09-20T00:36:40.873Z,tgm/token-ohlcv,8dddaa224f8083354f89b1177950f47d,200,1,844,monitoring,1
2026-09-20T00:37:42.253Z,tgm/flow-intelligence,a252b875cda77a53bdc6665dc798f73e,200,1,1322,monitoring,1
2026-09-20T00:37:42.763Z,tgm/token-ohlcv,5fc3987dd8d4e66646158605b1a53042,200,1,507,monitoring,1
2026-09-20T00:37:43.615Z,tgm/flow-intelligence,492310416ab29825ba465e78eb75c836,200,1,847,monitoring,1
2026-09-20T00:37:44.574Z,tgm/token-ohlcv,cea713736f4c083ee30b77272d6bac70,200,1,868,monitoring,1
2026-09-20T00:39:46.017Z,tgm/flow-intelligence,3e6e933bd94850252b19117d0cf03d7a,200,1,1366,monitoring,1
2026-09-20T00:39:46.826Z,tgm/token-ohlcv,ae8b4f0f27941e1be5f39e0fa8ad372a,200,1,802,monitoring,1
2026-09-20T00:39:47.515Z,tgm/flow-intelligence,85e9b72259257721cbcc3353d5dcca27,200,1,681,monitoring,1
2026-09-20T00:39:48.397Z,tgm/token-ohlcv,cad37725585abd013f1b094e0338dc5d,200,1,880,monitoring,1
2026-09-20T00:39:49.325Z,tgm/flow-intelligence,533d887c3ebc1874f0f6b43497ccf627,200,1,924,monitoring,1
2026-09-20T00:39:50.101Z,tgm/token-ohlcv,4c6fb32a2f60562dac2d8e24b306d725,200,1,774,monitoring,1
2026-09-20T00:39:50.834Z,tgm/flow-intelligence,65700e4abae4c333329f572a4bba3c22,200,1,727,monitoring,1
2026-09-20T00:39:51.363Z,tgm/token-ohlcv,ca686d632e7c5d69d5e1ec05ff5a7131,200,1,522,monitoring,1
2026-09-20T00:39:52.231Z,tgm/flow-intelligence,3f85c059f47573101dd72d3d1f137c02,200,1,865,monitoring,1
2026-09-20T00:39:52.904Z,tgm/token-ohlcv,340e1f7c1be6c5136f6c0e7ec072a468,200,1,662,monitoring,1
2026-09-20T00:39:53.759Z,tgm/flow-intelligence,07a24f6b86190863268c115e31bd1807,200,1,852,monitoring,1
2026-09-20T00:39:54.336Z,tgm/token-ohlcv,040fae4d1a10b8170fd6ea25cb29c03c,200,1,576,monitoring,1
2026-09-20T00:39:55.313Z,tgm/flow-intelligence,f33a3a06a0363a1db084ec6d5aaa7e0c,200,1,974,monitoring,1
2026-09-20T00:39:55.882Z,tgm/token-ohlcv,b43d4e141ba95c470b0d2a75eaff6260,200,1,563,monitoring,1
2026-09-20T00:40:57.231Z,tgm/flow-intelligence,9327404aa3cbcb178b78250bccc76354,200,1,1257,monitoring,1
2026-09-20T00:40:57.864Z,tgm/token-ohlcv,6859d16592f30a7935337b3ffcfc4326,200,1,621,monitoring,1
2026-09-20T00:42:05.034Z,tgm/flow-intelligence,e5a3ce03ea116d4849497b26137b5b29,200,1,7081,monitoring,1
2026-09-20T00:42:05.628Z,tgm/token-ohlcv,1372b102d121304f7b0b1c1f424dd418,200,1,588,monitoring,1
2026-09-20T00:42:06.495Z,tgm/flow-intelligence,16abdc5ccf93012857f9c603f0e3710b,200,1,863,monitoring,1
2026-09-20T00:42:07.151Z,tgm/token-ohlcv,67788176dea48c6d8620f71bcee08c23,200,1,646,monitoring,1
2026-09-20T00:42:08.409Z,tgm/flow-intelligence,c017714002b5b33adca7cf2aa2d3d230,200,1,1240,monitoring,1
2026-09-20T00:42:09.143Z,tgm/token-ohlcv,f3fa3c50fd96940b3b304b51c5ed8e41,200,1,729,monitoring,1
2026-09-20T00:43:10.158Z,tgm/flow-intelligence,168bbf3be45192353a88523cbba36544,200,1,928,monitoring,1
2026-09-20T00:43:10.683Z,tgm/token-ohlcv,26d9f11eacff6334b8987a19e147617f,200,1,520,monitoring,1
2026-09-20T00:44:06.612Z,search/general,1f26ee35237c0d1786792a2d10d81a04,200,0,835,search,1
2026-09-20T00:44:08.064Z,search/general,b9f78a58b73026595de967208384d42c,200,0,491,search,1
2026-09-20T00:44:09.188Z,search/general,e2a2fa73d411b8262ca8446f20626900,200,0,475,search,1
2026-09-20T00:44:10.192Z,search/general,c443dd0f4775224ac747fa3da8f38511,200,0,447,search,1
2026-09-20T00:44:11.378Z,search/general,d247213ede0328154cb2261db56ab26c,200,0,666,search,1
2026-09-20T00:44:11.646Z,tgm/flow-intelligence,4c8eb45397b38f0c29897a2552edd21a,200,1,884,monitoring,1
2026-09-20T00:44:12.506Z,tgm/token-ohlcv,4134ec0ba8f2c238066610072dd0982c,200,1,854,monitoring,1
2026-09-20T00:44:12.742Z,search/general,7a5f3f696497640cfe0bb3021b75706e,200,0,847,search,1
2026-09-20T00:44:12.910Z,tgm/flow-intelligence,952c0d79f2b461361ed52866e93ca439,200,1,369,monitoring,1
2026-09-20T00:44:13.458Z,tgm/token-ohlcv,1ca715145b28845d7fa6365b5ddb0120,200,1,534,monitoring,1
2026-09-20T00:44:46.163Z,search/general,9722e859bf04210b9eee7b4e21769a4f,200,0,911,search,1
2026-09-20T00:44:47.737Z,search/general,5a9d2772a738bf67ffe4604a7fb2d525,200,0,567,search,1
2026-09-20T00:44:48.605Z,search/general,ab585d189b7d3953b9bd0915ab79e652,200,0,504,search,1
2026-09-20T00:44:59.386Z,search/general,3ee7c11df601ed6c543c3c23e1a7df60,200,0,963,search,1
2026-09-20T00:44:59.906Z,search/general,882dda75846b147918cb08652f65ba45,200,0,1006,search,1
2026-09-20T00:45:00.636Z,search/general,d9ac6c3b7a5ff462311bd66861da4631,200,0,651,search,1
2026-09-20T00:45:14.940Z,tgm/flow-intelligence,c87db827acee99147dbb1d74ccbacb54,200,1,1332,monitoring,1
2026-09-20T00:45:15.687Z,tgm/token-ohlcv,640f26257cfa5741b3339d71d0b17d7d,200,1,743,monitoring,1
2026-09-20T00:45:16.078Z,tgm/flow-intelligence,b51fef01834978694f4f1407de78fa1d,200,1,383,monitoring,1
2026-09-20T00:45:16.601Z,tgm/token-ohlcv,2ee734443e818b4e8e2f7946095caf1f,200,1,515,monitoring,1
2026-09-20T00:45:17.033Z,tgm/flow-intelligence,92fb0775bfac4571e0536b24e89b896e,200,1,418,monitoring,1
2026-09-20T00:45:18.465Z,tgm/token-ohlcv,133cef4db976a339b362026a58e3862b,200,1,1420,monitoring,1
2026-09-20T00:45:19.616Z,tgm/flow-intelligence,7004260c48eb90399c7cdd75b3cbc346,200,1,1139,monitoring,1
2026-09-20T00:45:20.413Z,tgm/token-ohlcv,96fa22396e1ee240d863c165209bde1e,200,1,792,monitoring,1
2026-09-20T00:45:21.213Z,tgm/flow-intelligence,35e8fd62d94a6f056ca1cd042786c671,200,1,788,monitoring,1
2026-09-20T00:45:22.091Z,tgm/token-ohlcv,f85e530ed6f3c1178964d6239ab70301,200,1,875,monitoring,1
2026-09-20T00:45:23.843Z,tgm/flow-intelligence,a69e056d2e1f575e199b081aa20c7b47,200,1,1737,monitoring,1
2026-09-20T00:45:24.966Z,tgm/token-ohlcv,1b896c4725661707e7953651ebf25c5a,200,1,1116,monitoring,1
2026-09-20T00:45:25.507Z,tgm/flow-intelligence,fee1fe3696db0133546f352ed41fe066,200,1,528,monitoring,1
2026-09-20T00:45:26.073Z,tgm/token-ohlcv,008e5d5326a6aa6ff5fd406e90080504,200,1,559,monitoring,1
2026-09-20T00:45:27.364Z,tgm/flow-intelligence,8550da169d3b6c078766033b72d16664,200,1,1279,monitoring,1
2026-09-20T00:45:28.285Z,tgm/token-ohlcv,7f0c0e3b430ba814f2cc820262b03001,200,1,917,monitoring,1
2026-09-20T00:46:29.197Z,tgm/flow-intelligence,d18dc40633bbc963632365166d428f5f,200,1,751,monitoring,1
2026-09-20T00:46:29.675Z,tgm/token-ohlcv,70ba2479d1d9a76796073e13a7e46d08,200,1,464,monitoring,1
2026-09-20T00:47:31.231Z,tgm/flow-intelligence,1d708279c75a3245e380e54d699b6963,200,1,1402,monitoring,1
2026-09-20T00:47:31.750Z,tgm/token-ohlcv,4e0f405c461ca10acdebe914e15e3d0d,200,1,509,monitoring,1
2026-09-20T00:47:32.393Z,tgm/flow-intelligence,e3f9a0085481425df53fb4697e30d149,200,1,631,monitoring,1
2026-09-20T00:47:32.903Z,tgm/token-ohlcv,babb5740a2e7f11edffb5d0b00a1d929,200,1,504,monitoring,1
2026-09-20T00:47:33.688Z,tgm/flow-intelligence,bb153e429b6d0f6a00edf724d985c03b,200,1,777,monitoring,1
2026-09-20T00:47:34.243Z,tgm/token-ohlcv,298a7e7d0f0d14349236bf183ed6642d,200,1,550,monitoring,1
2026-09-20T00:47:34.995Z,tgm/flow-intelligence,7af78c37119a485bbf73860834b3e477,200,1,741,monitoring,1
2026-09-20T00:47:35.535Z,tgm/token-ohlcv,c93b7b5b69764d3da0d6ff17f3c5f958,200,1,534,monitoring,1
2026-09-20T00:47:36.172Z,tgm/flow-intelligence,c123d5485210d33d6ecbd0773b1b6200,200,1,627,monitoring,1
2026-09-20T00:47:36.739Z,tgm/token-ohlcv,3d033472b5f7eb0ed88f5815b5869563,200,1,564,monitoring,1
2026-09-20T00:48:37.820Z,tgm/flow-intelligence,34b6f7209123f274b33cb84706f26760,200,1,981,monitoring,1
2026-09-20T00:48:38.316Z,tgm/token-ohlcv,61e76d08be065a0926b722685431a87e,200,1,485,monitoring,1
2026-09-20T00:48:39.002Z,tgm/flow-intelligence,e7534757692b291b2505bd0a8da9a86b,200,1,673,monitoring,1
2026-09-20T00:48:39.292Z,search/general,680dd8212f6df67ef7a3754003ccc402,200,0,851,search,1
2026-09-20T00:48:39.533Z,tgm/token-ohlcv,09445e5b80d7b205f4a22f0330d77221,200,1,523,monitoring,1
2026-09-20T00:48:40.830Z,search/general,524f076f1db9d50ac993ed0a8605ff0f,200,0,475,search,1
2026-09-20T00:48:42.766Z,search/general,4a5db94131746370b49d53361be19629,200,0,893,search,1
2026-09-20T00:48:44.268Z,search/general,9fc87b48bb8ae37d13e6214539a92704,200,0,447,search,1
2026-09-20T00:48:45.360Z,search/general,3133240c53938459cbe8f7237b90dd4d,200,0,476,search,1
2026-09-20T00:48:46.462Z,search/general,9b860d20effffc77ee178609d8549a10,200,0,408,search,1
2026-09-20T00:48:47.292Z,search/general,e6eabb305882ff50eac5367de844c137,200,0,421,search,1
2026-09-20T00:48:48.147Z,search/general,bcc5ed07fed34d3aa9ba3619e11ab10b,200,0,438,search,1
2026-09-20T00:48:49.308Z,search/general,6ef7e47e80b1e65754927d0754e2a02f,200,0,473,search,1
2026-09-20T00:50:40.738Z,tgm/flow-intelligence,8a67ba51b14ca02430d95114d934b32a,200,1,1053,monitoring,1
2026-09-20T00:50:41.237Z,tgm/token-ohlcv,42f6a478a9eb963ef3a0e55579ca2b18,200,1,484,monitoring,1
2026-09-20T00:50:42.783Z,tgm/flow-intelligence,d0a4db59512f6d7e85056b2d43de3c51,200,1,1538,monitoring,1
2026-09-20T00:50:43.267Z,tgm/token-ohlcv,6456af0aeab036632bd7742735fb8a64,200,1,479,monitoring,1
2026-09-20T00:50:43.299Z,search/general,3be0a361b1dcdf5478d9c735f797280d,200,0,762,search,1
2026-09-20T00:50:43.630Z,tgm/flow-intelligence,550b623cd846d83a5bca6d3f2043576c,200,1,357,monitoring,1
2026-09-20T00:50:44.703Z,search/general,a07a1c08303f5f047e7dab2128750940,200,0,603,search,1
2026-09-20T00:50:44.836Z,tgm/token-ohlcv,8ea5cc276ebea76df847a32b2da1fe53,200,1,1196,monitoring,1
2026-09-20T00:50:45.281Z,tgm/flow-intelligence,468973330e53d26e625640547e65e419,200,1,432,monitoring,1
2026-09-20T00:50:45.811Z,tgm/token-ohlcv,bc10c63de6a3ea035a9d99618b69fd31,200,1,521,monitoring,1
2026-09-20T00:50:46.151Z,tgm/flow-intelligence,c6871668c58b3600180ec45f0d118a1b,200,1,334,monitoring,1
2026-09-20T00:50:46.234Z,search/general,e585bf57f979f40653494f2962642675,200,0,547,search,1
2026-09-20T00:50:46.653Z,tgm/token-ohlcv,260d7d581164f57ac28de8360b933c30,200,1,494,monitoring,1
2026-09-20T00:50:47.372Z,tgm/flow-intelligence,274251124f60ef0181b98f124d4fce6a,200,1,708,monitoring,1
2026-09-20T00:50:47.498Z,search/general,5a1eb029c7d96d40f942104d3e1fc541,200,0,627,search,1
2026-09-20T00:50:48.520Z,search/general,bea009457f93c05c82d50859722f8445,200,0,430,search,1
2026-09-20T00:50:48.540Z,tgm/token-ohlcv,e351ca2e499ceb2df7293b5da3fa5517,200,1,1160,monitoring,1
2026-09-20T00:50:48.902Z,tgm/flow-intelligence,108a3724e395a44e900bc03e3549c143,200,1,336,monitoring,1
2026-09-20T00:50:49.521Z,tgm/token-ohlcv,b7f91b7bccbd3f0d01d0dc2de04c8d67,200,1,609,monitoring,1
2026-09-20T00:50:49.631Z,search/general,cbb78363cfc6e04f0adf2b44b54f1751,200,0,521,search,1
2026-09-20T00:50:50.697Z,search/general,8096f0741483ba705ca01377dc52b967,200,0,433,search,1
2026-09-20T00:50:51.537Z,search/general,fd7806337c62cc4ded196d090c3ca363,200,0,441,search,1
2026-09-20T00:50:52.448Z,search/general,218b4d7f4f074e20eea8d45be4a3d97d,200,0,437,search,1
2026-09-20T00:50:53.305Z,search/general,97eb5c22fbbdcc08156f2c5594646355,200,0,438,search,1
2026-09-20T00:50:54.202Z,search/general,b97bc6570b22c000a2757e5346361500,200,0,463,search,1
2026-09-20T00:50:55.000Z,search/general,ea6e120c02bea02ff64e4641f294ed55,200,0,457,search,1
2026-09-20T00:51:51.058Z,tgm/flow-intelligence,d3f6a54d12564050cf64096ec0404d0d,200,1,1360,monitoring,1
2026-09-20T00:51:51.607Z,tgm/token-ohlcv,7bbed407572def7b9a24381591ccd14c,200,1,537,monitoring,1
2026-09-20T00:52:48.503Z,search/general,5092223d703db37c349641245440ea06,200,0,1004,search,1
2026-09-20T00:52:49.723Z,search/general,728cbe3caca1645d5babb70a81b55852,200,0,529,search,1
2026-09-20T00:52:51.573Z,search/general,f6729852300780600bf6973b2a059152,200,0,584,search,1
2026-09-20T00:52:52.053Z,tgm/flow-intelligence,fe6d155addf411613359983c70fad316,200,1,353,monitoring,1
2026-09-20T00:52:52.575Z,tgm/token-ohlcv,8996763e8f045047f1af2c696b79a234,200,1,516,monitoring,1
2026-09-20T00:52:52.972Z,search/general,55ac8124c7861752ee943f4d3ea1bd4c,200,0,731,search,1
2026-09-20T00:52:53.445Z,tgm/flow-intelligence,9d536413467d13729da513252979ff1f,200,1,863,monitoring,1
2026-09-20T00:52:53.952Z,tgm/token-ohlcv,9c939971741ea94cb036e9539a01af4b,200,1,501,monitoring,1
2026-09-20T00:52:54.179Z,search/general,f5ebd34d24614e46336c774655887009,200,0,465,search,1
2026-09-20T00:52:54.646Z,tgm/flow-intelligence,71bb572f14aba7685d469e7b0f9ee258,200,1,682,monitoring,1
2026-09-20T00:52:55.205Z,tgm/token-ohlcv,997daf3c50dfea34a24cb8313611492e,200,1,553,monitoring,1
2026-09-20T00:52:55.253Z,search/general,56ced44e1a027e6b487260337d5f2f16,200,0,463,search,1
2026-09-20T00:52:56.283Z,search/general,d6ba2a2835de543cb88f2a5918e4ed65,200,0,466,search,1
2026-09-20T00:52:57.106Z,search/general,7f37eb0d5be2c3353532205643357f0f,200,0,437,search,1
2026-09-20T00:52:57.842Z,search/general,97fdd442a838874af1c6925b7f1f8e69,200,0,419,search,1
2026-09-20T00:52:58.609Z,search/general,6f4890154abf2c70a204fc361caef550,200,0,426,search,1
2026-09-20T00:52:59.526Z,search/general,51fd9f1a515b801755c7a82ec1453030,200,0,450,search,1
2026-09-20T00:53:00.431Z,search/general,e3c8082a175fde6f60b03b33781c2f48,200,0,458,search,1
2026-09-20T00:53:01.229Z,search/general,f6d0fa7279ff514430b32c200b319560,200,0,470,search,1
2026-09-20T00:53:02.208Z,search/general,4dbc0e7ca6cd1b4b4416c0043fd37d57,200,0,490,search,1
2026-09-20T00:53:02.987Z,search/general,67360549b954fa390704811aa32ec157,200,0,455,search,1
2026-09-20T00:53:03.934Z,search/general,e443a80ae273d16d63c84a67a220c93f,200,0,478,search,1
2026-09-20T00:53:56.962Z,tgm/flow-intelligence,7ce7f848c22e1b690bfc9b6478cb7a6d,200,1,1652,monitoring,1
2026-09-20T00:53:57.470Z,tgm/token-ohlcv,955a5e53a270040db0cb5d08f1d8f930,200,1,501,monitoring,1
2026-09-20T00:54:59.022Z,tgm/flow-intelligence,eb0a685a26600f3ac8bda57bff68aa3d,200,1,912,monitoring,1
2026-09-20T00:54:59.560Z,tgm/token-ohlcv,0f7f24495756374e4ac764797d073738,200,1,536,monitoring,1
2026-09-20T00:55:00.000Z,tgm/flow-intelligence,1db13f10a2a7e2739e00ae44fb0f7545,200,1,433,monitoring,1
2026-09-20T00:55:00.448Z,tgm/token-ohlcv,bba41d17ab41ba5de34cc87f23726e6c,200,1,445,monitoring,1
2026-09-20T00:56:02.683Z,tgm/flow-intelligence,2ca195495a07ce5338c46021a2040d22,200,1,2141,monitoring,1
2026-09-20T00:56:03.139Z,tgm/token-ohlcv,bb1fb2244cef810864ab0877a895315c,200,1,453,monitoring,1
2026-09-20T00:56:04.180Z,tgm/flow-intelligence,c70b5b41f917407ecac8ad6abd3bf22a,200,1,1036,monitoring,1
2026-09-20T00:56:04.801Z,tgm/token-ohlcv,eea923160ffb0e1fd82c1344f64e5e30,200,1,615,monitoring,1
2026-09-20T00:56:05.784Z,tgm/flow-intelligence,1ad7f13a08dc3165f03a8704e4a2581a,200,1,974,monitoring,1
2026-09-20T00:56:06.306Z,tgm/token-ohlcv,00fbf544125cbc444dff1127135ffe50,200,1,516,monitoring,1
2026-09-20T00:56:06.643Z,tgm/flow-intelligence,53b3ff66eb97717cc705685b2b910b56,200,1,330,monitoring,1
2026-09-20T00:56:07.558Z,tgm/token-ohlcv,0fe452309bd84b4f0afeeb151b02300c,200,1,913,monitoring,1
2026-09-20T00:56:08.146Z,tgm/flow-intelligence,6b36160346231b3b8a2ef06076bc9f19,200,1,568,monitoring,1
2026-09-20T00:56:08.614Z,tgm/token-ohlcv,0ed7d32e186fd93e11621500adb9d426,200,1,458,monitoring,1
2026-09-20T00:56:09.097Z,tgm/flow-intelligence,d5c469647086f10d0c139273332b2919,200,1,477,monitoring,1
2026-09-20T00:56:09.806Z,tgm/token-ohlcv,b4411d1e9756264fbcfb6d55cfe90e57,200,1,707,monitoring,1
2026-09-20T00:57:11.233Z,tgm/flow-intelligence,1af1264b742b6045b09ff829af26c44a,200,1,1304,monitoring,1
2026-09-20T00:57:11.711Z,tgm/token-ohlcv,6e46714198e1d762e8d7cc31ed2c6423,200,1,471,monitoring,1
2026-09-20T00:58:13.204Z,tgm/flow-intelligence,3795795c5ce1b431bae1b920e132a754,200,1,1398,monitoring,1
2026-09-20T00:58:13.816Z,tgm/token-ohlcv,d24bbd38e25c37034c6d9f413fd30323,200,1,610,monitoring,1
2026-09-20T00:58:14.213Z,tgm/flow-intelligence,3297d951430d9961563f3917febe4163,200,1,391,monitoring,1
2026-09-20T00:58:14.741Z,tgm/token-ohlcv,4578c22b3aa0fb7e1325e2517c0d3c08,200,1,525,monitoring,1
2026-09-20T00:58:15.434Z,tgm/flow-intelligence,2867d15761d671098c8ce656d533c566,200,1,691,monitoring,1
2026-09-20T00:58:15.968Z,tgm/token-ohlcv,3bd03f2b3cc70d1dfda58a7fa7bbfd0d,200,1,530,monitoring,1
2026-09-20T00:58:16.625Z,tgm/flow-intelligence,e247dc3c065fb83ab818d80e27c09e68,200,1,651,monitoring,1
2026-09-20T00:58:17.194Z,tgm/token-ohlcv,3ca6d206a8a0973b39550a4d99e40a56,200,1,548,monitoring,1
2026-09-20T00:58:17.597Z,tgm/flow-intelligence,546fe0275d80eb57eca3804e8f3f2053,200,1,398,monitoring,1
2026-09-20T00:58:18.717Z,tgm/token-ohlcv,0786b168cad08271ce8b1445ccaf6c7f,200,1,1118,monitoring,1
2026-09-20T00:59:19.596Z,tgm/flow-intelligence,a0a0e62bcb6a925e72969a6db0147e55,200,1,748,monitoring,1
2026-09-20T00:59:20.065Z,tgm/token-ohlcv,b6f83f0ae3369f742486d4188f4cf76f,200,1,462,monitoring,1
2026-09-20T00:59:20.418Z,tgm/flow-intelligence,8c614811769f88077e05b4142d022f3d,200,1,345,monitoring,1
2026-09-20T00:59:20.963Z,tgm/token-ohlcv,410a1b66f09b4e02dd16ad12f8025b70,200,1,540,monitoring,1
2026-09-20T01:01:22.437Z,tgm/flow-intelligence,ed950d6b172c806194db5214dfb5917c,200,1,1252,monitoring,1
2026-09-20T01:01:23.412Z,tgm/token-ohlcv,7d30245a89335d716c828f6d04bb4631,200,1,971,monitoring,1
2026-09-20T01:01:24.081Z,tgm/flow-intelligence,21e5065819cc902337a130280deb1861,200,1,661,monitoring,1
2026-09-20T01:01:25.026Z,tgm/token-ohlcv,3a043a027f963d3383a7733a6289c65e,200,1,940,monitoring,1
2026-09-20T01:01:26.038Z,tgm/flow-intelligence,f58bd1412fc1ac6597446e7a4698290b,200,1,1003,monitoring,1
2026-09-20T01:01:27.050Z,tgm/token-ohlcv,e7d61b062ab36707cbb3c50d9f96807a,200,1,1007,monitoring,1
2026-09-20T01:01:27.879Z,tgm/flow-intelligence,3537b045ffb7ee229f6c943091893944,200,1,816,monitoring,1
2026-09-20T01:01:28.464Z,tgm/token-ohlcv,e7ac047ad5f2355f484f7161df41a663,200,1,578,monitoring,1
2026-09-20T01:01:29.467Z,tgm/flow-intelligence,437a9f4feebb4427a1e4f17f58d2cc17,200,1,993,monitoring,1
2026-09-20T01:01:30.731Z,tgm/token-ohlcv,b7c2ce0651ab5763ab021b32f8f03f7e,200,1,1260,monitoring,1
2026-09-20T01:01:31.461Z,tgm/flow-intelligence,dbebb90be6f7eb153c358c6cd3740052,200,1,726,monitoring,1
2026-09-20T01:01:33.412Z,tgm/token-ohlcv,d5bba83fc51dea1d9289964776e5355e,200,1,1945,monitoring,1
2026-09-20T01:01:34.418Z,tgm/flow-intelligence,bbc2db577c222e3ab8828e0e4b8b6857,200,1,995,monitoring,1
2026-09-20T01:01:35.344Z,tgm/token-ohlcv,850052671ffc562884a07341afa9ad52,200,1,924,monitoring,1
2026-09-20T01:01:36.245Z,tgm/flow-intelligence,4a11ea7d1e06064565d11316ee58aa40,200,1,895,monitoring,1
2026-09-20T01:01:36.784Z,tgm/token-ohlcv,d780eb0ef0b28949a35346438ff01826,200,1,536,monitoring,1
2026-09-20T01:01:37.503Z,tgm/flow-intelligence,2dc8e665baf28c7c1513c45de867a048,200,1,712,monitoring,1
2026-09-20T01:01:38.005Z,tgm/token-ohlcv,00e072283e0ad8715d3a820592cae624,200,1,500,monitoring,1
2026-09-20T01:02:40.554Z,tgm/flow-intelligence,674a4f308e0191146b29d3646d87787b,200,1,2457,monitoring,1
2026-09-20T01:02:41.407Z,tgm/token-ohlcv,582a91764bf81c3540108f6795de4c6f,200,1,847,monitoring,1
2026-09-20T01:03:49.973Z,tgm/flow-intelligence,11f6c76445db2621d353930968aabc4f,200,1,8423,monitoring,1
2026-09-20T01:03:52.131Z,tgm/token-ohlcv,166f5805d08c445202140b0a7481ab50,200,1,2147,monitoring,1
2026-09-20T01:03:53.245Z,tgm/flow-intelligence,696f405ed14b9b4376317633e0ca8347,200,1,1108,monitoring,1
2026-09-20T01:03:53.809Z,tgm/token-ohlcv,41e8e973799e9f009e661436aacbe52e,200,1,555,monitoring,1
2026-09-20T01:03:54.736Z,tgm/flow-intelligence,3e9f7510964ba91608720367d758c80e,200,1,922,monitoring,1
2026-09-20T01:03:55.726Z,tgm/token-ohlcv,9603806ba15a70494c8def6ad730bf60,200,1,988,monitoring,1
2026-09-20T01:04:57.143Z,tgm/flow-intelligence,3cb1851541f7d1050e720c3110984276,200,1,1306,monitoring,1
2026-09-20T01:04:57.688Z,tgm/token-ohlcv,6d8c6318a5b6535fd495de4fd06afe0d,200,1,529,monitoring,1
2026-09-20T01:06:00.225Z,tgm/flow-intelligence,60462a6f3946cf6befa23f5b95574539,200,1,1288,monitoring,1
2026-09-20T01:06:01.379Z,tgm/token-ohlcv,2ce70e71569a243a948303129c44e84f,200,1,1146,monitoring,1
2026-09-20T01:07:03.739Z,tgm/flow-intelligence,955dab25d8c5f229ac61612335b34568,200,1,2216,monitoring,1
2026-09-20T01:07:04.348Z,tgm/token-ohlcv,e6208c0bed820e14e68ba56e7a691120,200,1,605,monitoring,1
2026-09-20T01:07:04.734Z,tgm/flow-intelligence,36a3853d2d6a1a2a4e9fa3342c7a9628,200,1,378,monitoring,1
2026-09-20T01:07:05.351Z,tgm/token-ohlcv,e20aad487b0ca343b7ae52396f713211,200,1,603,monitoring,1
2026-09-20T01:07:07.111Z,tgm/flow-intelligence,64196346cb9ada3ab465a121990e0805,200,1,1749,monitoring,1
2026-09-20T01:07:08.118Z,tgm/token-ohlcv,0629ed359a4bd56fffbcbf14cfe4a938,200,1,1002,monitoring,1
2026-09-20T01:07:09.652Z,tgm/flow-intelligence,1575bf6994a7b7227026e023fd2c442f,200,1,1523,monitoring,1
2026-09-20T01:07:10.575Z,tgm/token-ohlcv,f0b17631c459381ad81fde6679c5ba48,200,1,918,monitoring,1
2026-09-20T01:07:12.948Z,tgm/flow-intelligence,27429306850c1c46aa04f9451c19c654,200,1,2364,monitoring,1
2026-09-20T01:07:14.626Z,tgm/flow-intelligence,ff05d4101d4c8d51f774717537a2f848,200,1,1368,monitoring,1
2026-09-20T01:07:15.165Z,tgm/token-ohlcv,cbd0c4343fc17c54d8d2e9423fab3045,200,1,519,monitoring,1
2026-09-20T01:08:18.380Z,tgm/flow-intelligence,f196e17d3ddd0b1284d73149a3e7d82e,200,1,3071,monitoring,1
2026-09-20T01:08:19.312Z,tgm/token-ohlcv,760a8376a1a508412266a91f5253085b,200,1,919,monitoring,1
2026-09-20T01:08:20.539Z,tgm/flow-intelligence,7310c60fcb62e21c34538d16c5b44b77,200,1,1226,monitoring,1
2026-09-20T01:08:21.797Z,tgm/flow-intelligence,1b7d8823618fce70cd022c65a4ecc13d,200,1,1254,monitoring,1
2026-09-20T01:08:22.769Z,tgm/who-bought-sold,4a3277374d64927b0289da1bbd423d47,200,1,938,monitoring,1
2026-09-20T01:08:23.512Z,tgm/flow-intelligence,12d1cc1b64c1855162e25e4c2a984134,200,1,735,monitoring,1
2026-09-20T01:08:24.303Z,tgm/token-ohlcv,183a6670a8e6b502e2eadc4f4efd043d,200,1,788,monitoring,1
2026-09-20T01:08:25.112Z,tgm/flow-intelligence,896c5f7835436f66328a6b5d7b148a13,200,1,807,monitoring,1
2026-09-20T01:08:26.296Z,tgm/flow-intelligence,685a36030f04487118f3c457f1c6957b,200,1,1181,monitoring,1
2026-09-20T01:08:26.989Z,tgm/who-bought-sold,e6216b09bcb59364efecff3f16d2be32,200,1,685,monitoring,1
2026-09-20T01:08:28.465Z,tgm/flow-intelligence,0539f272dbd3804f0f295363eb5a5d7c,200,1,1465,monitoring,1
2026-09-20T01:08:29.436Z,tgm/token-ohlcv,810bd574f716d86270b4e2679871c438,200,1,962,monitoring,1
2026-09-20T01:08:30.366Z,tgm/flow-intelligence,1c22030282622100ff96df4a208b8d5a,200,1,926,monitoring,1
2026-09-20T01:08:31.303Z,tgm/flow-intelligence,96d33426c3817d3af83a847059065e69,200,1,934,monitoring,1
2026-09-20T01:08:31.967Z,tgm/who-bought-sold,aa15dd2662108a4536acd9380ae6f718,200,1,661,monitoring,1
2026-09-20T01:09:33.651Z,tgm/flow-intelligence,2d0bb94ae379b40e69f7901745fc7739,200,1,1523,monitoring,1
2026-09-20T01:09:34.116Z,tgm/token-ohlcv,c63e6513bbaa4f25f11c3e203d808573,200,1,455,monitoring,1
2026-09-20T01:09:34.879Z,tgm/flow-intelligence,2ae391034505d12ce1184f27b6a4d332,200,1,757,monitoring,1
2026-09-20T01:09:35.797Z,tgm/flow-intelligence,1cbca5144cb9073ad3d3896797331c49,200,1,915,monitoring,1
2026-09-20T01:09:37.042Z,tgm/who-bought-sold,7cf79039f447c20b6a46256fea78087a,200,1,1238,monitoring,1
2026-09-20T01:09:38.141Z,tgm/flow-intelligence,e06ccd1a54201963dcabb02b35391535,200,1,1090,monitoring,1
2026-09-20T01:09:38.872Z,tgm/token-ohlcv,88e6ab6659ecaa30c34b052ca81f4153,200,1,725,monitoring,1
2026-09-20T01:09:39.652Z,tgm/flow-intelligence,f941d23969e5331e8c519e33e9b08a59,200,1,776,monitoring,1
2026-09-20T01:09:40.412Z,tgm/flow-intelligence,e4251c78ae8fab690098b8186d0cc85e,200,1,759,monitoring,1
2026-09-20T01:09:41.131Z,tgm/who-bought-sold,49ad0c161bb78e206152c4664203ea2b,200,1,686,monitoring,1
2026-09-20T01:09:41.774Z,tgm/flow-intelligence,b6594749eef93619386d39441f59582f,200,1,616,monitoring,1
2026-09-20T01:09:42.267Z,tgm/token-ohlcv,f7d4ca3292bce409bc250e34888a9d40,200,1,483,monitoring,1
2026-09-20T01:09:42.841Z,tgm/flow-intelligence,8707c755ee631661e7dd197414351e4f,200,1,571,monitoring,1
2026-09-20T01:09:43.688Z,tgm/flow-intelligence,8d7e153b3698464d633f5a7acf72b574,200,1,844,monitoring,1
2026-09-20T01:09:44.581Z,tgm/who-bought-sold,69c6222b7654d13edd1fe80847509734,200,1,888,monitoring,1
2026-09-20T01:09:45.240Z,tgm/flow-intelligence,6eeb4549baf4fb3a9ea3a02efb695b04,200,1,648,monitoring,1
2026-09-20T01:09:45.802Z,tgm/token-ohlcv,bce70a573aa25d3b1e096c7425aa2222,200,1,546,monitoring,1
2026-09-20T01:09:46.460Z,tgm/flow-intelligence,66599473b00b71381077d245cf339134,200,1,652,monitoring,1
2026-09-20T01:09:47.105Z,tgm/flow-intelligence,7feecf7019f6052eba2e645e08649431,200,1,640,monitoring,1
2026-09-20T01:09:47.895Z,tgm/who-bought-sold,81eccc4dbc93241a538787163e1f1101,200,1,787,monitoring,1
2026-09-20T01:09:48.639Z,tgm/flow-intelligence,85702117a03070318e27815bb74b0f56,200,1,735,monitoring,1
2026-09-20T01:09:49.268Z,tgm/token-ohlcv,4471dc6413438d3926f3bf0a2cb5c17c,200,1,618,monitoring,1
2026-09-20T01:09:50.055Z,tgm/flow-intelligence,a4c3f71ce5fa2a34b7189e5e66599c72,200,1,786,monitoring,1
2026-09-20T01:09:50.743Z,tgm/flow-intelligence,42ec762322f297791e20095e51ce4d37,200,1,685,monitoring,1
2026-09-20T01:09:51.700Z,tgm/who-bought-sold,4a8f4919deabd16699baae1d6c11581d,200,1,953,monitoring,1
2026-09-20T01:11:52.800Z,tgm/flow-intelligence,5ad6d508de841b6b11847b2db4352a3e,200,1,888,monitoring,1
2026-09-20T01:11:53.548Z,tgm/token-ohlcv,5324913200ac2c470ad41d056dd29d07,200,1,736,monitoring,1
2026-09-20T01:11:54.516Z,tgm/flow-intelligence,14651a59bb478a1ab6f00e6f6f3bf061,200,1,964,monitoring,1
2026-09-20T01:11:55.572Z,tgm/flow-intelligence,bfce751ce72d5a5c5dcade7314dd853f,200,1,1051,monitoring,1
2026-09-20T01:11:56.498Z,tgm/who-bought-sold,cbc1d36c4cf48434f7ff070418742a44,200,1,919,monitoring,1
2026-09-20T01:11:56.850Z,tgm/flow-intelligence,b165d12b36e9e55e73440221d505e83f,200,1,344,monitoring,1
2026-09-20T01:11:57.733Z,tgm/token-ohlcv,400a5b51a02b880a8f32d808dad60057,200,1,877,monitoring,1
2026-09-20T01:11:58.725Z,tgm/flow-intelligence,a29c1749251e51364a9afc01319a210b,200,1,989,monitoring,1
2026-09-20T01:11:59.565Z,tgm/flow-intelligence,6d03582a8922794dc4f42b209919be79,200,1,836,monitoring,1
2026-09-20T01:12:00.226Z,tgm/who-bought-sold,f135504471d1a36b9237862aa29b2170,200,1,640,monitoring,1
2026-09-20T01:12:00.585Z,tgm/flow-intelligence,2cbc6d79502e7710cc4d351e0c7b9b68,200,1,349,monitoring,1
2026-09-20T01:12:01.726Z,tgm/token-ohlcv,fec2a94e727cde3fda48387e0142951d,200,1,1139,monitoring,1
2026-09-20T01:12:02.533Z,tgm/flow-intelligence,f985c542cfde4c17282cdf783b140f76,200,1,805,monitoring,1
2026-09-20T01:12:03.429Z,tgm/flow-intelligence,a97e801fbaa6396685f14f4db28ff15b,200,1,892,monitoring,1
2026-09-20T01:12:04.171Z,tgm/who-bought-sold,4d5a7d7666e0b035c2d2933fb985e873,200,1,739,monitoring,1
2026-09-20T01:12:05.834Z,tgm/flow-intelligence,305c3e1ed0f50e5688545311fa54130d,200,1,1656,monitoring,1
2026-09-20T01:12:08.470Z,tgm/token-ohlcv,658ecd05e077162a607e7d1779813364,200,1,2634,monitoring,1
2026-09-20T01:12:10.037Z,tgm/flow-intelligence,3f067541118f61263356b95929a2e037,200,1,1564,monitoring,1
2026-09-20T01:12:11.311Z,tgm/flow-intelligence,2dd0bd2b2936a1294a95bd574724161b,200,1,1271,monitoring,1
2026-09-20T01:12:12.379Z,tgm/who-bought-sold,82fc8e50660fac3de98de67c19f5c67c,200,1,1058,monitoring,1
2026-09-20T01:12:12.772Z,tgm/flow-intelligence,293afb01d57bc15bd3603e07910aa650,200,1,387,monitoring,1
2026-09-20T01:12:13.853Z,tgm/token-ohlcv,e204d75896b0da255054472b1b136d27,200,1,1079,monitoring,1
2026-09-20T01:12:14.922Z,tgm/flow-intelligence,4ac387571a3871085539253d3c798679,200,1,1067,monitoring,1
2026-09-20T01:12:15.734Z,tgm/flow-intelligence,4d90263ef2529b6e74b321390927797a,200,1,811,monitoring,1
2026-09-20T01:12:16.435Z,tgm/who-bought-sold,86d54e09fb44eb1320900464d6713d2c,200,1,678,monitoring,1
2026-09-20T01:12:16.810Z,tgm/flow-intelligence,adf6b0636dd7eb32ecb31a0590405e0c,200,1,371,monitoring,1
2026-09-20T01:12:19.310Z,tgm/token-ohlcv,736a795a7b37a66da613b32d52b6663f,200,1,2496,monitoring,1
2026-09-20T01:12:21.461Z,tgm/flow-intelligence,270508045d60480defc738737e895d04,200,1,2149,monitoring,1
2026-09-20T01:12:22.305Z,tgm/flow-intelligence,0ad2643659a5de7532c66d49e5ef750a,200,1,841,monitoring,1
2026-09-20T01:12:23.464Z,tgm/who-bought-sold,a116ea40730e2451651d09143e079d16,200,1,1156,monitoring,1
2026-09-20T01:12:23.828Z,tgm/flow-intelligence,b0816836d2bfaf2208941716710a7d0b,200,1,356,monitoring,1
2026-09-20T01:12:24.553Z,tgm/token-ohlcv,2c8e855747e371381cbff00073eb0544,200,1,723,monitoring,1
2026-09-20T01:12:25.366Z,tgm/flow-intelligence,e4ff7d6b51073552fc71bd7ed0d6be31,200,1,812,monitoring,1
2026-09-20T01:12:26.232Z,tgm/flow-intelligence,db242c2c6af47875f3f42a6253f19c42,200,1,865,monitoring,1
2026-09-20T01:12:28.442Z,tgm/who-bought-sold,72dddc625ceaa10113026a40cfd50e46,200,1,2208,monitoring,1
2026-09-20T01:13:30.302Z,tgm/flow-intelligence,e6e59a466ff960606969ce39d590a222,200,1,1751,monitoring,1
2026-09-20T01:13:30.886Z,tgm/token-ohlcv,c7488a4a8f5b656e62740711a2e77c1d,200,1,568,monitoring,1
2026-09-20T01:13:31.790Z,tgm/flow-intelligence,d0484e122eb07b36bc3069723b09c508,200,1,899,monitoring,1
2026-09-20T01:13:32.958Z,tgm/flow-intelligence,99bb9268ebbb3b7925def05430bf6c48,200,1,1165,monitoring,1
2026-09-20T01:13:34.086Z,tgm/who-bought-sold,c811d76ec77e746ae1ef451fb5166766,200,1,1119,monitoring,1
2026-09-20T01:14:35.075Z,tgm/flow-intelligence,ff8117162aed71187a3ce3505b31ce24,200,1,857,monitoring,1
2026-09-20T01:14:35.771Z,tgm/token-ohlcv,3fb7936b22f72c20dda3543cca8fc16b,200,1,694,monitoring,1
2026-09-20T01:14:37.156Z,tgm/flow-intelligence,0462e21134843234426e860a3042991e,200,1,1380,monitoring,1
2026-09-20T01:14:37.778Z,tgm/token-ohlcv,35e02245febcd7163b52da735f2f0545,200,1,618,monitoring,1
2026-09-20T01:14:38.137Z,tgm/flow-intelligence,6074fd70f32b1a244fb92d6d305dcd64,200,1,350,monitoring,1
2026-09-20T01:14:38.997Z,tgm/token-ohlcv,b34469375a25740834ddc819e8248c7c,200,1,858,monitoring,1
2026-09-20T01:15:40.744Z,tgm/flow-intelligence,465a727faf9e6b3cef7b331e595c3d5a,200,1,1638,monitoring,1
2026-09-20T01:15:41.534Z,tgm/token-ohlcv,38157344777e2e0836113c470100f12f,200,1,783,monitoring,1
2026-09-20T01:16:49.314Z,tgm/flow-intelligence,07c4836e9ce0f07b447e4c379a95b174,200,1,7622,monitoring,1
2026-09-20T01:16:55.704Z,tgm/token-ohlcv,998a2c48972a0f5492cad835b219ae21,200,1,6385,monitoring,1
2026-09-20T01:16:58.467Z,tgm/flow-intelligence,8783df1994a00149da83523bb3b66b45,200,1,2727,monitoring,1
2026-09-20T01:16:59.090Z,tgm/token-ohlcv,1803733b880f130d1375b339be777253,200,1,613,monitoring,1
2026-09-20T01:16:59.455Z,tgm/flow-intelligence,d8c39579763f970dbc098e76b1fb313b,200,1,357,monitoring,1
2026-09-20T01:17:00.311Z,tgm/token-ohlcv,c52f744e120ae5705b29a662c155d942,200,1,852,monitoring,1
2026-09-20T01:17:00.685Z,tgm/flow-intelligence,461d7a0565d61241248b9e491fe10f7f,200,1,366,monitoring,1
2026-09-20T01:17:01.539Z,tgm/token-ohlcv,3e3f3d636ca753221e06d812046fb131,200,1,850,monitoring,1
2026-09-20T01:18:11.294Z,tgm/flow-intelligence,78da3112c648150589fcba0148257c3e,200,1,9597,monitoring,1
2026-09-20T01:18:14.316Z,tgm/token-ohlcv,c075f42eab294551cb1fef2b95b94f30,200,1,3019,monitoring,1
2026-09-20T01:18:14.741Z,tgm/flow-intelligence,cb228769341c6921b8dde20163069015,200,1,415,monitoring,1
2026-09-20T01:18:15.573Z,tgm/token-ohlcv,0ecf665b029e4d3486984d181c71e04c,200,1,827,monitoring,1
2026-09-20T01:18:19.152Z,tgm/flow-intelligence,f9c03a5f43a4772850571e22911e4267,200,1,3572,monitoring,1
2026-09-20T01:18:19.880Z,tgm/token-ohlcv,0aead3480119f13c9968265f2e755d55,200,1,721,monitoring,1
2026-09-20T01:18:20.994Z,tgm/flow-intelligence,7c6e91507b5f4443bff0b65b81fc3b59,200,1,1112,monitoring,1
2026-09-20T01:18:23.137Z,tgm/flow-intelligence,fe2b607f716b23451370f0148963da2c,200,1,2139,monitoring,1
2026-09-20T01:18:24.520Z,tgm/who-bought-sold,20383b315f8a9c5f97c6b857b14aa16e,200,1,1349,monitoring,1
2026-09-20T01:18:25.858Z,tgm/flow-intelligence,774977503e39c65bc807fa249c1f6500,200,1,756,monitoring,1
2026-09-20T01:18:26.948Z,tgm/token-ohlcv,454e4545274b211c4d7764037999b221,200,1,1078,monitoring,1
2026-09-20T01:18:29.056Z,tgm/flow-intelligence,127b1b072c6add2af08dbd5d41b55836,200,1,2102,monitoring,1
2026-09-20T01:18:31.633Z,tgm/flow-intelligence,fea9634479ef394191733169a7044d49,200,1,2570,monitoring,1
2026-09-20T01:18:35.644Z,tgm/who-bought-sold,40c99861801df92627bb312fc83e3c19,200,1,3979,monitoring,1
2026-09-20T01:19:36.675Z,tgm/flow-intelligence,b4132b03fedaea500aed0e6aaaafd051,200,1,871,monitoring,1
2026-09-20T01:19:37.908Z,tgm/token-ohlcv,0b854f0b99efe5001391b2777007ee15,200,1,1225,monitoring,1
2026-09-20T01:19:38.916Z,tgm/flow-intelligence,65915b476ef3f20a80a5ef1c7f43c83d,200,1,995,monitoring,1
2026-09-20T01:19:39.941Z,tgm/token-ohlcv,30d2922ad6239c2b36412a379551ff52,200,1,1020,monitoring,1
2026-09-20T01:19:40.602Z,tgm/flow-intelligence,f388fb1514086f7f45c1734af39dc33f,200,1,652,monitoring,1
2026-09-20T01:19:41.408Z,tgm/token-ohlcv,ac96c1665657890efc6ef31b2e98f607,200,1,797,monitoring,1
2026-09-20T01:20:42.283Z,tgm/flow-intelligence,f93d51453ac9071b079d26080b77952a,200,1,724,monitoring,1
2026-09-20T01:20:43.022Z,tgm/token-ohlcv,770fbf42e12a5556630c8320d92c1736,200,1,731,monitoring,1
2026-09-20T01:20:43.644Z,tgm/flow-intelligence,0f58ab115e091f045a9e091f66ae7722,200,1,611,monitoring,1
2026-09-20T01:20:44.568Z,tgm/token-ohlcv,c286bc74808c6a4eaff48c0af276d77b,200,1,918,monitoring,1
2026-09-20T01:20:46.409Z,tgm/flow-intelligence,fdca5149749b6834a4797f3b2a6dcb36,200,1,1832,monitoring,1
2026-09-20T01:20:47.024Z,tgm/token-ohlcv,f6ccb14d4f852a20938d4845490a5b10,200,1,611,monitoring,1
2026-09-20T01:20:47.372Z,tgm/flow-intelligence,e324d828c363c24d59c2523785336477,200,1,341,monitoring,1
2026-09-20T01:20:47.946Z,tgm/token-ohlcv,d6cd673779406e7e63709709ee85fe44,200,1,569,monitoring,1
2026-09-20T01:20:48.871Z,tgm/flow-intelligence,145052043b80ca335931b76f8d16ed6c,200,1,912,monitoring,1
2026-09-20T01:20:49.784Z,tgm/token-ohlcv,63e8b911edd8a26f906c851fa7f11c52,200,1,910,monitoring,1
2026-09-20T01:22:50.593Z,tgm/flow-intelligence,15cb387280fb9a0455501b70e7048765,200,1,655,monitoring,1
2026-09-20T01:22:51.129Z,tgm/token-ohlcv,bd11760f0b21f309ad0f5c7bede6bf51,200,1,533,monitoring,1
2026-09-20T01:22:51.851Z,tgm/flow-intelligence,d42ed2000f99ab0deeb1190b2abb804f,200,1,715,monitoring,1
2026-09-20T01:23:11.405Z,tgm/token-ohlcv,9a821d325309b17c2bf2b36061eb6965,200,1,19551,monitoring,1
2026-09-20T01:23:12.018Z,tgm/flow-intelligence,cbcb7f60c84c81408dc9ee65a0b03660,200,1,606,monitoring,1
2026-09-20T01:23:20.295Z,tgm/token-ohlcv,ee6e9a253a806c5d6ca2b86fb93a1a06,200,1,2762,monitoring,1
2026-09-20T01:23:20.655Z,tgm/flow-intelligence,f2ace31afc86cd2d10e3c1710438fa59,200,1,355,monitoring,1
2026-09-20T01:23:22.297Z,tgm/token-ohlcv,e1c4ae78fe0524044703fb04f35acb1a,200,1,1638,monitoring,1
2026-09-20T01:23:22.729Z,tgm/flow-intelligence,25ad7658fb5f6b68947a630a77b35053,200,1,427,monitoring,1
2026-09-20T01:23:23.364Z,tgm/token-ohlcv,3af076052b68944141d302112d9d5a20,200,1,632,monitoring,1
2026-09-20T01:23:23.699Z,tgm/flow-intelligence,4fbce80679d84f7ffc0edc02e6f4f432,200,1,329,monitoring,1
2026-09-20T01:23:24.307Z,tgm/token-ohlcv,6917a471cba0bb3fb92a960475ed4151,200,1,604,monitoring,1
2026-09-20T01:23:24.654Z,tgm/flow-intelligence,4588a0084574c76b2e61140fef58b977,200,1,343,monitoring,1
2026-09-20T01:23:25.506Z,tgm/token-ohlcv,6fb2ad130a3e487cc5ff7d73945f246c,200,1,849,monitoring,1
2026-09-20T01:24:26.569Z,tgm/flow-intelligence,9aec9b532186ec32f6b50d1fe7cda137,200,1,948,monitoring,1
2026-09-20T01:24:27.285Z,tgm/token-ohlcv,b970d54aec1b63345903f37e6c55bb7a,200,1,712,monitoring,1
2026-09-20T01:25:28.414Z,tgm/flow-intelligence,1a233a15bf285f00b5cb3c5993a1fc1f,200,1,995,monitoring,1
2026-09-20T01:25:29.045Z,tgm/token-ohlcv,a3fc416743aff41dbcab672f75df0c2d,200,1,614,monitoring,1
2026-09-20T01:25:35.277Z,tgm/flow-intelligence,b80e9e65c0df3c1b62f2391e1d713120,200,1,6228,monitoring,1
2026-09-20T01:25:45.624Z,tgm/flow-intelligence,1782df0596e3b9080a54ee5989193b06,200,1,10340,monitoring,1
2026-09-20T01:25:46.281Z,tgm/flow-intelligence,84681c04b7811e4cf0a86c14ae3dd850,200,1,642,monitoring,1
2026-09-20T01:25:47.121Z,tgm/token-ohlcv,67db5c2c301b2b4ea9be72293e2bcc29,200,1,834,monitoring,1
2026-09-20T01:25:48.005Z,tgm/flow-intelligence,ec9acc524d093f23e7cd802de3645960,200,1,879,monitoring,1
2026-09-20T01:25:48.899Z,tgm/flow-intelligence,3a388465ea0115227c9b2a3980d9fb39,200,1,888,monitoring,1
2026-09-20T01:25:50.233Z,tgm/who-bought-sold,8406d464b59cdb730e85690263ee2e2c,200,1,1325,monitoring,1
2026-09-20T01:25:50.848Z,tgm/flow-intelligence,cb85c34abf12ec7a4efabb17ef59bc4f,200,1,599,monitoring,1
2026-09-20T01:25:51.399Z,tgm/token-ohlcv,1d7ba931b7bd0b28358bac02b29e6315,200,1,539,monitoring,1
2026-09-20T01:25:52.551Z,tgm/flow-intelligence,4f3b671b9880ca6297cb776f3afc9960,200,1,1150,monitoring,1
2026-09-20T01:25:53.230Z,tgm/flow-intelligence,81d3d52591f1ef57bfd86e7254c6d02c,200,1,673,monitoring,1
2026-09-20T01:25:53.918Z,tgm/who-bought-sold,bff0e63ffa53332909201e784ac44956,200,1,684,monitoring,1
2026-09-20T01:26:55.352Z,tgm/flow-intelligence,27ef73756900f4485845ee0e167cb10a,200,1,1309,monitoring,1
2026-09-20T01:26:55.969Z,tgm/token-ohlcv,6f9b5157c4eaed5758681f3786f9ef6a,200,1,611,monitoring,1
2026-09-20T01:26:56.887Z,tgm/flow-intelligence,aa625f60f72e2112b27ed40956e03a5d,200,1,915,monitoring,1
2026-09-20T01:26:57.890Z,tgm/flow-intelligence,2c6a965776278d65d840eb410ed2513c,200,1,999,monitoring,1
2026-09-20T01:26:58.521Z,tgm/who-bought-sold,32ae393d6f51fa0b3ba79d4899804f49,200,1,602,monitoring,1
2026-09-20T11:03:20.693Z,tgm/flow-intelligence,db664b70f374ec0b25f2c82562f8fa1e,200,1,2134,monitoring,1
2026-09-20T11:03:21.841Z,tgm/token-ohlcv,1865e861f30bbd01ab35397a837acb1f,200,1,1138,monitoring,1
2026-09-20T11:03:22.506Z,tgm/flow-intelligence,6b25486f6453aa5fe7605f0526254d53,200,1,651,monitoring,1
2026-09-20T11:03:23.509Z,tgm/token-ohlcv,5fe4c2226104bd7adf6933256a5f4700,200,1,1000,monitoring,1
2026-09-20T11:03:24.395Z,tgm/flow-intelligence,4996885bb491a37eb9c8b075b4bbd04a,200,1,879,monitoring,1
2026-09-20T11:03:25.219Z,tgm/token-ohlcv,168b0d0860ecc950ea9ebb702ff0f569,200,1,816,monitoring,1
2026-09-20T11:03:26.238Z,tgm/flow-intelligence,08c43a23906e1072715cd87024e0e804,200,1,1010,monitoring,1
2026-09-20T11:03:27.272Z,tgm/token-ohlcv,0f11712ff856761bd68923686209f801,200,1,1022,monitoring,1
2026-09-20T11:03:27.723Z,tgm/flow-intelligence,9f59c245ea5b082013786156e707d346,200,1,443,monitoring,1
2026-09-20T11:03:28.519Z,tgm/token-ohlcv,99efc5557e4bd27495840c68829d3a63,200,1,791,monitoring,1
2026-09-20T11:03:28.958Z,tgm/flow-intelligence,91f95b609e50e64661f2d4448bdc615a,200,1,431,monitoring,1
2026-09-20T11:03:29.937Z,tgm/token-ohlcv,b4be8d2951cdcb613388dd33e7dedf6d,200,1,972,monitoring,1
2026-09-20T11:03:30.553Z,tgm/flow-intelligence,f8f56d4e50239e659da4b532f1c40551,200,1,610,monitoring,1
2026-09-20T11:03:31.195Z,tgm/token-ohlcv,b0294f6361b2405c2aba96055c1ac37c,200,1,632,monitoring,1
2026-09-20T11:03:32.778Z,tgm/flow-intelligence,71be1a1b3c07b564f34e1e6ca55c870f,200,1,1577,monitoring,1
2026-09-20T11:03:34.023Z,tgm/token-ohlcv,d55e1d1685de7671d5d55366d08c337b,200,1,1241,monitoring,1
2026-09-20T11:03:34.869Z,tgm/flow-intelligence,9eab0650385831006bc9e55e239dfa6f,200,1,837,monitoring,1
2026-09-20T11:03:35.557Z,tgm/token-ohlcv,be36db644cff6a355ccc492096e1c561,200,1,685,monitoring,1
2026-09-20T11:03:36.441Z,tgm/flow-intelligence,e295ce435c85d249826d0f41e9857103,200,1,833,monitoring,1
2026-09-20T11:03:37.494Z,tgm/token-ohlcv,7ee9462c7bf26b00beec95495f3e2713,200,1,1049,monitoring,1
2026-09-20T11:03:38.109Z,tgm/flow-intelligence,6cc55a5d803c7c011494ef112dea685e,200,1,597,monitoring,1
2026-09-20T11:03:39.020Z,tgm/token-ohlcv,bf2b51019652ed775649b264ca4bd044,200,1,906,monitoring,1
2026-09-20T11:03:39.961Z,tgm/flow-intelligence,6f47c30a331873095d449a669e8fff60,200,1,929,monitoring,1
2026-09-20T11:03:40.883Z,tgm/token-ohlcv,b65a251600d9fc78ee68c668c4b38067,200,1,918,monitoring,1
2026-09-20T11:03:41.650Z,tgm/flow-intelligence,ff2a674dd6330c255bedfc056f722a58,200,1,750,monitoring,1
2026-09-20T11:03:42.241Z,tgm/token-ohlcv,e143d7771451e15b6decc95115b9720b,200,1,587,monitoring,1
2026-09-20T11:03:43.032Z,tgm/flow-intelligence,7823781030f16d0b29fd0028bdf3ac23,200,1,773,monitoring,1
2026-09-20T11:03:43.699Z,tgm/token-ohlcv,c0ad98743683ff11e6e9f10e3e97f24f,200,1,655,monitoring,1
2026-09-20T11:03:44.566Z,tgm/flow-intelligence,7a81f279b729af719e921725d92f6512,200,1,849,monitoring,1
2026-09-20T11:03:45.285Z,tgm/token-ohlcv,714c4b6794482d244912b6615290225f,200,1,715,monitoring,1
2026-09-20T11:03:45.910Z,tgm/flow-intelligence,150f4b69e506173942f5cb423302b457,200,1,613,monitoring,1
2026-09-20T11:03:46.479Z,tgm/token-ohlcv,d157b726e42fc5287738ac0a9105501b,200,1,565,monitoring,1
2026-09-20T11:03:47.113Z,tgm/flow-intelligence,f3cad651e76d397fddfbbc5742064062,200,1,614,monitoring,1
2026-09-20T11:03:47.617Z,tgm/token-ohlcv,8c1c3e1ab9e91710e44a4f175d74f540,200,1,498,monitoring,1
2026-09-20T11:03:48.359Z,tgm/flow-intelligence,c1f0ab3c13ef27216b3c137adceeee67,200,1,721,monitoring,1
2026-09-20T11:03:49.319Z,tgm/token-ohlcv,b9a5993bbe168847827baf51a6a9a83d,200,1,956,monitoring,1
2026-09-20T11:03:49.972Z,tgm/flow-intelligence,8ac8763ac22512038ff5b62b6e347251,200,1,644,monitoring,1
2026-09-20T11:03:50.874Z,tgm/token-ohlcv,576aa3386a8be43a4098cc367860a765,200,1,899,monitoring,1
2026-09-20T11:03:51.472Z,tgm/flow-intelligence,3c4cbd1fce72af48f864d066d1367b36,200,1,584,monitoring,1
2026-09-20T11:03:52.149Z,tgm/token-ohlcv,8ca31268d4fbed233c38da1c2abdef20,200,1,662,monitoring,1
2026-09-20T11:03:53.058Z,tgm/flow-intelligence,2f5bde6126e726448fa9b2544bc40738,200,1,900,monitoring,1
2026-09-20T11:03:53.658Z,tgm/token-ohlcv,47a3ae550470d42df5dfd03414a84078,200,1,595,monitoring,1
2026-09-20T11:03:54.618Z,tgm/flow-intelligence,f7cf3e4dbe80212637a91220d306ae2e,200,1,942,monitoring,1
2026-09-20T11:03:55.229Z,tgm/token-ohlcv,b6cdaf30e3229a49307deb7f9f965771,200,1,607,monitoring,1
2026-09-20T11:03:55.875Z,tgm/flow-intelligence,005b3313827a2f557c9c7e3d2a810d5d,200,1,629,monitoring,1
2026-09-20T11:03:56.585Z,tgm/token-ohlcv,411a950c7eb9dc5dae5f3573c37b3c76,200,1,693,monitoring,1
2026-09-20T11:03:57.472Z,tgm/flow-intelligence,79764e3d18b79f373c412758857c2622,200,1,866,monitoring,1
2026-09-20T11:03:58.269Z,tgm/token-ohlcv,b2be0845c3c76e396a172f4bf3d89d51,200,1,786,monitoring,1
2026-09-20T11:04:03.744Z,tgm/flow-intelligence,ac382d353b26c31e8e3a1e138885f531,200,1,5458,monitoring,1
2026-09-20T11:04:04.401Z,tgm/token-ohlcv,e964e419e29ccd5e6a73a57e6e0ee44d,200,1,647,monitoring,1
2026-09-20T11:04:05.369Z,tgm/flow-intelligence,2db16d2e83df996bee1d833afed83625,200,1,951,monitoring,1
2026-09-20T11:04:06.035Z,tgm/token-ohlcv,36a74d5ac2e79908e5459e0202190e07,200,1,662,monitoring,1
2026-09-20T11:04:06.891Z,tgm/flow-intelligence,1a7c536f944a8c0ebac0a628e66ad50e,200,1,839,monitoring,1
2026-09-20T11:04:07.528Z,tgm/token-ohlcv,e1b02e48b83ca603c82beb5b8159e34b,200,1,633,monitoring,1
2026-09-20T11:04:08.311Z,tgm/flow-intelligence,c4e7fb25d0646223e832431f8d5b563e,200,1,764,monitoring,1
2026-09-20T11:04:09.050Z,tgm/token-ohlcv,29341643bf864d4488d82038f8422c47,200,1,736,monitoring,1
2026-09-20T11:53:23.225Z,search/general,152d2b6dc2398e1c95663b223a6a4f0f,200,0,3229,search,1
2026-09-20T11:55:05.649Z,search/general,e8b960266993db56ac005b24ee8d9659,200,0,2663,search,1
2026-09-20T11:55:29.141Z,search/general,96a5f612cb5067176387ae6da238a921,200,0,1234,search,1
2026-09-20T11:57:58.795Z,tgm/flow-intelligence,0801292cdfd0fd3cd70cd84afb22ea17,200,1,1493,investigation,1
2026-09-20T11:58:00.669Z,tgm/flow-intelligence,419e487d6dd05059aedf510a819ae61e,200,1,1873,investigation,1
2026-09-20T11:58:01.612Z,tgm/flow-intelligence,ac577b6a7d67d5387231192a634a7a43,200,1,921,investigation,1
2026-09-20T11:58:02.491Z,tgm/flow-intelligence,67344c4dc7237526abe36d71138cc737,200,1,760,investigation,1
2026-09-20T11:58:03.291Z,tgm/flow-intelligence,ab32bb1db5dfd07b7d25a77fa6e0251f,200,1,792,investigation,1
2026-09-20T11:58:04.382Z,tgm/flow-intelligence,aba18e65f6b4c87282167e482b983e13,200,1,1089,investigation,1
2026-09-20T11:58:05.462Z,tgm/flows,ad22071590622b14d7b852263482b109,200,1,990,investigation,1
2026-09-20T11:58:06.368Z,tgm/who-bought-sold,19d8cf6fdd423e47f10df51fe8afa31d,200,1,898,investigation,1
2026-09-20T11:58:07.793Z,tgm/token-ohlcv,e2ba015d4364b55f1d6c6b3e1c8d1b0d,200,1,1358,investigation,1
2026-09-20T11:58:09.912Z,tgm/flow-intelligence,a438b54c8933bd3d4b7a470d800dfc46,200,1,838,investigation,1
2026-09-20T11:58:10.823Z,tgm/flow-intelligence,7587891e1b4b6714d79a853827dc9957,200,1,908,investigation,1
2026-09-20T11:58:11.623Z,tgm/flow-intelligence,daa40a223318281cb88ca0437746d916,200,1,783,investigation,1
2026-09-20T11:58:12.278Z,tgm/flow-intelligence,ba17535b3578661677cb6c3778ed3b52,200,1,652,investigation,1
2026-09-20T11:58:13.200Z,tgm/flow-intelligence,f1e02a518235bb4941c8024c242eb67d,200,1,920,investigation,1
2026-09-20T11:58:14.648Z,tgm/flow-intelligence,5d3401647d38342365b0f13dc8fb4d33,200,1,1445,investigation,1
2026-09-20T11:58:15.731Z,tgm/flows,0080407f7ecb1d2bd4210f4ed13c4704,200,1,977,investigation,1
2026-09-20T11:58:16.390Z,tgm/who-bought-sold,b67713012b609c17bf854666904e100c,200,1,637,investigation,1
2026-09-20T11:58:17.799Z,tgm/token-ohlcv,49e77c75b69e650303b8d97e7ada9c38,200,1,1232,investigation,1
2026-09-20T11:58:19.923Z,tgm/flow-intelligence,a4878d61e6d5c03c25e36b315c163a49,200,1,877,investigation,1
2026-09-20T11:58:20.758Z,tgm/flow-intelligence,78bbc66843aeeb10fedfce449fab8030,200,1,832,investigation,1
2026-09-20T11:58:21.395Z,tgm/flow-intelligence,339039675fb2d932c6c81640d817c748,200,1,613,investigation,1
2026-09-20T11:58:22.225Z,tgm/flow-intelligence,45889a6febab8271342e01127914e741,200,1,829,investigation,1
2026-09-20T11:58:22.877Z,tgm/flow-intelligence,bf8a7f26ed659962da0d24473746460f,200,1,650,investigation,1
2026-09-20T11:58:23.507Z,tgm/flow-intelligence,e2702a5dce1f4d3f8c98273827f9c44c,200,1,629,investigation,1
2026-09-20T11:58:24.394Z,tgm/flows,9fbdfd247a09925da71ad52636bc5f61,200,1,699,investigation,1
2026-09-20T11:58:26.540Z,tgm/who-bought-sold,0bb726712385f553a11f521f8ba74d79,200,1,2128,investigation,1
2026-09-20T11:58:27.903Z,tgm/token-ohlcv,1a18bd3f7966ae1ebffee87bf7e4d269,200,1,1247,investigation,1
2026-09-20T11:58:30.749Z,tgm/flow-intelligence,dfed0f22b2c2cf1f8bd1e10d962f410a,200,1,913,investigation,1
2026-09-20T11:58:31.786Z,tgm/flow-intelligence,68bac23e1e1025176d2be41407a15d49,200,1,956,investigation,1
2026-09-20T11:58:32.932Z,tgm/flow-intelligence,3ffa9e2c9d203a1cac406370663d734f,200,1,1144,investigation,1
2026-09-20T11:58:34.605Z,tgm/flow-intelligence,21a8163469c0ab26b43c1323b206cd41,200,1,1670,investigation,1
2026-09-20T11:58:35.373Z,tgm/flow-intelligence,e541b41225897f0be164553ed31a3d47,200,1,742,investigation,1
2026-09-20T11:58:36.442Z,tgm/flow-intelligence,661de907c6da6c69aab1f46237f83814,200,1,1067,investigation,1
2026-09-20T11:58:36.884Z,tgm/flows,ab32483bcdcc5d2cb6f43f7d2f83ef0f,422,0,439,investigation,0
2026-09-20T11:58:39.225Z,tgm/who-bought-sold,d3adce73e1a1483979185705c1910f42,200,1,2286,investigation,1
2026-09-20T11:58:40.680Z,tgm/token-ohlcv,0ed6f96f4a76a03764acdb78a85be850,200,1,1444,investigation,1
2026-09-20T11:58:43.785Z,tgm/flow-intelligence,0ad2f75e30c1f76dbab32520b23de71c,200,1,2352,investigation,1
2026-09-20T11:58:45.374Z,tgm/flow-intelligence,3725d11186ee397d9908181022a9fc69,200,1,650,investigation,1
2026-09-20T11:58:46.180Z,tgm/flow-intelligence,552fd0625c99c06bbed8326beffd6f56,200,1,805,investigation,1
2026-09-20T11:58:46.958Z,tgm/flow-intelligence,f1a7790f1b7d8f6688a03834412c1678,200,1,747,investigation,1
2026-09-20T11:58:48.944Z,tgm/flow-intelligence,a2cad83c147f35772e395033203a9c78,200,1,1983,investigation,1
2026-09-20T11:58:49.591Z,tgm/flow-intelligence,0a6f1d28041109683ae0b9377fcadf03,200,1,627,investigation,1
2026-09-20T11:58:50.003Z,tgm/flows,2f74f81cedd7676511c26307d13ed159,422,0,410,investigation,0
2026-09-20T11:58:52.480Z,tgm/who-bought-sold,3b97761cb65fe02271db771d42a3a04c,200,1,2461,investigation,1
2026-09-20T11:58:53.418Z,tgm/token-ohlcv,4376272d0eb75e1030ad3904cb4eef45,200,1,840,investigation,1
2026-09-20T11:58:55.890Z,tgm/flow-intelligence,b52a114b96a9f63547f4270ef5801f26,200,1,1048,investigation,1
2026-09-20T11:58:56.798Z,tgm/flow-intelligence,09911d05367e6441c10a79408ce31f48,200,1,906,investigation,1
2026-09-20T11:58:58.110Z,tgm/flow-intelligence,7eb4793a15c59f60834f0748a969ee55,200,1,1310,investigation,1
2026-09-20T11:58:59.993Z,tgm/flow-intelligence,5691d86675be8c16aa04a904b927e20e,200,1,1880,investigation,1
2026-09-20T11:59:00.966Z,tgm/flow-intelligence,6444e7695cf2281caf4e070207440b77,200,1,971,investigation,1
2026-09-20T11:59:02.351Z,tgm/flow-intelligence,c3ef96446f71e33cbeecf36bc24a793c,200,1,1382,investigation,1
2026-09-20T11:59:02.740Z,tgm/flows,2293915f9eb1aa3ed460cd02405c4336,422,0,387,investigation,0
2026-09-20T11:59:05.669Z,tgm/who-bought-sold,c6ceb3123aaf731ec6eeb23ad2ac3403,200,1,2923,investigation,1
2026-09-20T11:59:09.757Z,tgm/token-ohlcv,6123be4379cc567507bd3b7f81739638,200,1,3073,investigation,1
2026-09-20T11:59:09.911Z,tgm/flow-intelligence,3d5caa76abf3382420d188103b15312c,200,1,3457,monitoring,1
2026-09-20T11:59:11.287Z,tgm/token-ohlcv,0c480f4106c8b933660e3b20f611650b,200,1,1374,monitoring,1
2026-09-20T11:59:17.252Z,tgm/flow-intelligence,1c30d977a9313d1bb4cf707567cfce54,200,1,5964,monitoring,1
2026-09-20T11:59:18.246Z,tgm/flow-intelligence,f28e1b0f2290f9122b7a2d27e0073f2b,200,1,993,monitoring,1
2026-09-20T11:59:18.947Z,tgm/who-bought-sold,caae1175599b26004f33e3350b91723b,200,1,679,monitoring,1
2026-09-20T11:59:19.190Z,tgm/flow-intelligence,8f6af00434ddf57af345c56aa5329567,200,1,1467,investigation,1
2026-09-20T11:59:19.434Z,tgm/flow-intelligence,fa7ed04c4e72cd1140ac6f375ed09e49,200,1,437,monitoring,1
2026-09-20T11:59:19.962Z,tgm/flow-intelligence,caf47738ef6bbe45a30bd658595f683d,200,1,770,investigation,1
2026-09-20T11:59:20.712Z,tgm/token-ohlcv,215a920f4a84ff7b722e240ccf48bd5e,200,1,1110,monitoring,1
2026-09-20T11:59:21.278Z,tgm/flow-intelligence,c25e897e2e6a412f56c14e3d3121081e,200,1,1314,investigation,1
2026-09-20T11:59:21.594Z,tgm/flow-intelligence,181a1c40eb07b76971893b371299ec0c,200,1,878,monitoring,1
2026-09-20T11:59:22.215Z,tgm/flow-intelligence,9ee8d35d3dfd11301e779363ecedc036,200,1,618,monitoring,1
2026-09-20T11:59:22.236Z,tgm/flow-intelligence,e50d642f47a8317c9983e167af02dc67,200,1,947,investigation,1
2026-09-20T11:59:22.952Z,tgm/who-bought-sold,d45fe12347c2a33d38211e05b96d4553,200,1,734,monitoring,1
2026-09-20T11:59:23.757Z,tgm/flow-intelligence,867d526e83e6d06d946bca55a7352f1b,200,1,795,monitoring,1
2026-09-20T11:59:24.546Z,tgm/flow-intelligence,ac350d50222a3635d6581867e6af914b,200,1,2307,investigation,1
2026-09-20T11:59:24.582Z,tgm/token-ohlcv,0ac2a7032c49084f1442973e2047466f,200,1,821,monitoring,1
2026-09-20T11:59:25.357Z,tgm/flow-intelligence,10bdfa14b7096b0996c3d037b065f22f,200,1,773,monitoring,1
2026-09-20T11:59:25.806Z,tgm/flow-intelligence,8de06e2db01c0d727b8cd36597a21631,200,1,443,monitoring,1
2026-09-20T11:59:26.335Z,tgm/flow-intelligence,8c21363b30020a74fdc89a2ba54b0440,200,1,1498,investigation,1
2026-09-20T11:59:26.453Z,tgm/who-bought-sold,1e7127391cb36d08b3377d245ea6703e,200,1,640,monitoring,1
2026-09-20T11:59:26.728Z,tgm/flows,53ef0f2e98d04853d5e0575fdf104669,422,0,392,investigation,0
2026-09-20T11:59:27.208Z,tgm/flow-intelligence,31241d7872b352705fe1a0045296cc2e,200,1,743,monitoring,1
2026-09-20T11:59:27.783Z,tgm/token-ohlcv,24dfea1dab58952466297f61cb9bbc2a,200,1,521,monitoring,1
2026-09-20T11:59:28.613Z,tgm/flow-intelligence,2c714526701b8d316b03114a9b156305,200,1,826,monitoring,1
2026-09-20T11:59:28.622Z,tgm/who-bought-sold,7b37577c1cd15201dd868c6cce26672a,200,1,1878,investigation,1
2026-09-20T11:59:29.543Z,tgm/flow-intelligence,8343654cb43fb0101cf6cf17860fe04d,200,1,927,monitoring,1
2026-09-20T11:59:29.568Z,tgm/token-ohlcv,3df58a5f457b1a00654170105579d052,200,1,832,investigation,1
2026-09-20T11:59:30.600Z,tgm/who-bought-sold,d9ca3434bcf6be0a722e3c2e83c45356,200,1,1024,monitoring,1
2026-09-20T11:59:31.695Z,tgm/flow-intelligence,cc62b00edc4c1f5169d8fc3a479a070b,200,1,874,monitoring,1
2026-09-20T11:59:31.720Z,tgm/flow-intelligence,795d5572210a1b6a7523a06f9d3c4010,200,1,1198,investigation,1
2026-09-20T11:59:32.324Z,tgm/token-ohlcv,bbc335032b4c683d9c1a6769c5fa4017,200,1,625,monitoring,1
2026-09-20T11:59:32.685Z,tgm/flow-intelligence,f954ed5fa367ee2cb153646572b24252,200,1,964,investigation,1
2026-09-20T11:59:33.068Z,tgm/flow-intelligence,bf260945ed2f3066a7a1a31fb8ed7638,200,1,741,monitoring,1
2026-09-20T11:59:33.563Z,tgm/flow-intelligence,62944d701d663128e72a7b23cbf11833,200,1,790,investigation,1
2026-09-20T11:59:33.846Z,tgm/flow-intelligence,cbec83092ed2350b4c3f453d75ae060a,200,1,775,monitoring,1
2026-09-20T11:59:34.558Z,tgm/flow-intelligence,31040f39fb7dad6df5d1dd3a33c8325f,200,1,994,investigation,1
2026-09-20T11:59:34.800Z,tgm/who-bought-sold,73452d0bcd409f6b2eaac857326c3650,200,1,948,monitoring,1
2026-09-20T11:59:35.309Z,tgm/flow-intelligence,123b4a23fe7377764b29383f243a8301,200,1,499,monitoring,1
2026-09-20T11:59:35.314Z,tgm/flow-intelligence,ba70cf51d54b6c77ea59ad086b991b01,200,1,754,investigation,1
2026-09-20T11:59:36.265Z,tgm/flow-intelligence,4d3b8566551867138b586c5ccdc27f3f,200,1,949,investigation,1
2026-09-20T11:59:36.268Z,tgm/token-ohlcv,533c9364e591125b479f6778f5c7ad62,200,1,955,monitoring,1
2026-09-20T11:59:36.649Z,tgm/flow-intelligence,70c41c527bfe69735d7638104b03af34,200,1,377,monitoring,1
2026-09-20T11:59:37.252Z,tgm/token-ohlcv,6efb917ae6a375044f4f85725d1aaf39,200,1,600,monitoring,1
2026-09-20T11:59:38.082Z,tgm/flow-intelligence,081d62620d45ec022bf86a511a58ac05,200,1,821,monitoring,1
2026-09-20T11:59:38.088Z,tgm/flows,ded7b9605431b5274445f1273daabf19,200,1,1815,investigation,1
2026-09-20T11:59:38.698Z,tgm/token-ohlcv,7885a81731afad1ca8a2955f575d6278,200,1,601,monitoring,1
2026-09-20T11:59:38.747Z,tgm/who-bought-sold,86e06244ece78607940722120ae76b2a,200,1,582,investigation,1
2026-09-20T11:59:39.863Z,tgm/flow-intelligence,46eaea3f23740010dc8b9a26b7ae0712,200,1,1019,monitoring,1
2026-09-20T11:59:39.904Z,tgm/token-ohlcv,9e1a641f91183555dc28fa76a565a84a,200,1,1118,investigation,1
2026-09-20T11:59:40.809Z,tgm/token-ohlcv,36fe0a64a691817e0a81b80f8abc6c1c,200,1,944,monitoring,1
2026-09-20T11:59:41.288Z,tgm/flow-intelligence,00dbdc372dd1864532bf693f08f83e1a,200,1,468,monitoring,1
2026-09-20T11:59:41.367Z,tgm/flow-intelligence,56623b3897eda23d0d678b4c70e4ef2c,200,1,726,investigation,1
2026-09-20T11:59:41.814Z,tgm/token-ohlcv,5d901074dff92b45ec8fae5756e16c2b,200,1,496,monitoring,1
2026-09-20T11:59:42.680Z,tgm/flow-intelligence,d3d8772162e21a277dfad161a7142e70,200,1,863,monitoring,1
2026-09-20T11:59:44.018Z,tgm/flow-intelligence,43cffc1facb17b604adecf7f79cd0704,200,1,2649,investigation,1
2026-09-20T11:59:44.667Z,tgm/flow-intelligence,7a3a17435434bc27485a6e118c55c203,200,1,1986,monitoring,1
2026-09-20T11:59:45.100Z,tgm/flow-intelligence,a5752a268b9eae668cf4f97507fef174,200,1,1069,investigation,1
2026-09-20T11:59:45.870Z,tgm/flow-intelligence,39e923142de9c630fa52a74ced20c111,200,1,768,investigation,1
2026-09-20T11:59:45.884Z,tgm/who-bought-sold,f87fb957554f0a3d57d5d934b7cd4f35,200,1,1202,monitoring,1
2026-09-20T11:59:46.504Z,tgm/flow-intelligence,0cc6106898bc904fee05135a2489313b,200,1,632,investigation,1
2026-09-20T11:59:46.986Z,tgm/flow-intelligence,c3add24a6795f34450312105ab68510f,200,1,1098,monitoring,1
2026-09-20T11:59:47.353Z,tgm/flow-intelligence,f981c21fed1b6b712b70ea16336be633,200,1,848,investigation,1
2026-09-20T11:59:47.663Z,tgm/token-ohlcv,b2343e1616db894944e03c6c8e1c7239,200,1,502,monitoring,1
2026-09-20T11:59:47.986Z,tgm/flows,bd7f22330e92ba1f4b547445802df57d,200,1,567,investigation,1
2026-09-20T11:59:48.633Z,tgm/who-bought-sold,f72af47242cd590d0be60d71a411c119,200,1,646,investigation,1
2026-09-20T11:59:48.837Z,tgm/flow-intelligence,7527ae649b85954a2c96460d7dd44d53,200,1,1172,monitoring,1
2026-09-20T11:59:49.547Z,tgm/token-ohlcv,9a48ad6298960501f66db8667e62af1e,200,1,847,investigation,1
2026-09-20T11:59:49.949Z,tgm/flow-intelligence,c5bf3f5d05440b0fa008585212d3f53b,200,1,1110,monitoring,1
2026-09-20T11:59:51.314Z,tgm/who-bought-sold,b878e9379d6b0e139b26fe75d37d1b5a,200,1,1293,monitoring,1
2026-09-20T11:59:51.804Z,tgm/flow-intelligence,aa831749562701687a47871b1c08974d,200,1,483,monitoring,1
2026-09-20T11:59:52.219Z,tgm/flow-intelligence,c944605b459dd22900dcb7273e6c0e40,200,1,849,investigation,1
2026-09-20T11:59:52.621Z,tgm/token-ohlcv,801e3879d70b5957998ae47438972131,200,1,809,monitoring,1
2026-09-20T11:59:52.930Z,tgm/flow-intelligence,7b7cbd597ecb4f765b6ade4eda392d5f,200,1,708,investigation,1
2026-09-20T11:59:53.030Z,tgm/flow-intelligence,54cf660eea28255f0e02dd27c977c76b,200,1,404,monitoring,1
2026-09-20T11:59:53.501Z,tgm/flow-intelligence,b13931015be1e37ad16c9169a29db927,200,1,468,monitoring,1
2026-09-20T11:59:53.660Z,tgm/flow-intelligence,274f221e7c884e164fcca66f9bc68908,200,1,728,investigation,1
2026-09-20T11:59:53.970Z,tgm/who-bought-sold,319e514bee26a01f1b52b240c3d1af58,200,1,421,monitoring,1
2026-09-20T11:59:54.379Z,tgm/flow-intelligence,603f7f6a88c15b745c46a229ab3aed03,200,1,711,investigation,1
2026-09-20T11:59:54.656Z,tgm/flow-intelligence,09b1ec40d8c4f50674773738842daa1a,200,1,401,monitoring,1
2026-09-20T11:59:55.269Z,tgm/flow-intelligence,b136a919499a6b65f857084a484df65e,200,1,687,investigation,1
2026-09-20T11:59:55.516Z,tgm/token-ohlcv,43bbeb6df28494392c850341fc2f2744,200,1,858,monitoring,1
2026-09-20T11:59:56.127Z,tgm/flow-intelligence,b521ce3007fc4d5415aa7276f413ac57,200,1,855,investigation,1
2026-09-20T11:59:56.331Z,tgm/flow-intelligence,5c57e73feb02360816a90a666508d400,200,1,813,monitoring,1
2026-09-20T11:59:56.928Z,tgm/flows,7495a00042dbb54cd7f6204329b76e31,200,1,740,investigation,1
2026-09-20T11:59:57.196Z,tgm/flow-intelligence,0e62a34a1cd35170782ba65ed49ec74a,200,1,859,monitoring,1
2026-09-20T11:59:57.663Z,tgm/who-bought-sold,d8a3c9413474256f0a37bf619c6bf550,200,1,707,investigation,1
2026-09-20T11:59:58.347Z,tgm/who-bought-sold,bf94670df46c3d7db7c3665d1997bf32,200,1,1085,monitoring,1
2026-09-20T11:59:58.496Z,tgm/token-ohlcv,2dcec569ca80a155fe3d5c64a263666a,200,1,795,investigation,1
2026-09-20T11:59:59.229Z,tgm/flow-intelligence,0c7a660ab29c403aade60f58a75a4775,200,1,847,monitoring,1
2026-09-20T11:59:59.988Z,tgm/token-ohlcv,0c5c5722d5347d27cb1ad51b55335b43,200,1,657,monitoring,1
2026-09-20T12:00:00.853Z,tgm/flow-intelligence,65f93b79a0f95c6bda128a6e6a1bd407,200,1,859,monitoring,1
2026-09-20T12:00:01.997Z,tgm/token-ohlcv,2958d12a4963815bfa48ea25d929e279,200,1,1140,monitoring,1
2026-09-20T12:00:02.131Z,tgm/flow-intelligence,713a3d6c5621c31a402d2d74347de170,200,1,676,investigation,1
2026-09-20T12:00:02.994Z,tgm/flow-intelligence,f611144604b5c91bfee31c37ac948a37,200,1,983,monitoring,1
2026-09-20T12:00:02.997Z,tgm/flow-intelligence,0c706e3869a87e51ec0d0c64bf074863,200,1,858,investigation,1
2026-09-20T12:00:03.813Z,tgm/flow-intelligence,15203f54d37ff57c9b37f71274999118,200,1,812,investigation,1
2026-09-20T12:00:04.125Z,tgm/token-ohlcv,27637478f1fecd106d69e724b36be23e,200,1,1126,monitoring,1
2026-09-20T12:00:04.698Z,tgm/flow-intelligence,052c0676c881143c448a2562f7a41b50,200,1,883,investigation,1
2026-09-20T12:00:05.032Z,tgm/flow-intelligence,5d05727ae1382970e38b003bfd9e9e3c,200,1,900,monitoring,1
2026-09-20T12:00:05.431Z,tgm/flow-intelligence,edef444812a97634dfee9c5849dcb35a,200,1,732,investigation,1
2026-09-20T12:00:05.675Z,tgm/token-ohlcv,d7036f53c6eb366c0dff43601261b570,200,1,584,monitoring,1
2026-09-20T12:00:06.122Z,tgm/flow-intelligence,eb18b80c7e2fd1792f42005e59b77d6a,200,1,688,investigation,1
2026-09-20T12:00:06.447Z,tgm/flow-intelligence,75a0584ee145cb02becff5570ff54372,200,1,748,monitoring,1
2026-09-20T12:00:06.878Z,tgm/flows,952aa87155b46972ffe5840252ce3109,200,1,703,investigation,1
2026-09-20T12:00:07.028Z,tgm/token-ohlcv,da7f255f8db39a746bb4e809045b1a7a,200,1,572,monitoring,1
2026-09-20T12:00:07.937Z,tgm/who-bought-sold,0566b945f0cac458b2195a459a906137,200,1,745,investigation,1
2026-09-20T12:00:07.948Z,tgm/flow-intelligence,2f0c30616cb8ca3457de7b5dc925a523,200,1,913,monitoring,1
2026-09-20T12:00:08.589Z,tgm/token-ohlcv,3220700ecd055d450c36fe294616c014,200,1,637,monitoring,1
2026-09-20T12:00:08.833Z,tgm/token-ohlcv,a0665a5f3a688a653b3314522684d41d,200,1,798,investigation,1
2026-09-20T12:00:10.103Z,tgm/flow-intelligence,9f775e5c73af523c8876e65f8beaf34b,200,1,1475,monitoring,1
2026-09-20T12:00:11.230Z,tgm/token-ohlcv,e64958107c6f2d6f687e1877385c7f2f,200,1,1121,monitoring,1
2026-09-20T12:00:11.286Z,tgm/flow-intelligence,86d6f85802f4a135a049b57af2fb5c7a,200,1,1351,investigation,1
2026-09-20T12:00:12.169Z,tgm/flow-intelligence,d155375f5e1e62493d776544efd4a46c,200,1,932,monitoring,1
2026-09-20T12:00:12.423Z,tgm/flow-intelligence,18849425dd5b576ab5785675481b130d,200,1,978,investigation,1
2026-09-20T12:00:12.873Z,tgm/token-ohlcv,2e772b3ff653fc0c7c854d19b8ce5349,200,1,663,monitoring,1
2026-09-20T12:00:14.970Z,tgm/flow-intelligence,ea7ff14fe69ea70f9b1f8462d55b9104,200,1,2090,monitoring,1
2026-09-20T12:00:15.663Z,tgm/token-ohlcv,31939207cc2151570fc750054f86c330,200,1,689,monitoring,1
2026-09-20T12:00:15.954Z,tgm/flow-intelligence,f7d6d017bafbea68d1dba257e45daf12,200,1,3528,investigation,1
2026-09-20T12:00:16.730Z,tgm/flow-intelligence,3061ec760c48465369e0fd7f63a86a4f,200,1,1063,monitoring,1
2026-09-20T12:00:17.241Z,tgm/flow-intelligence,4964e801fa81d512998c746cc30ff427,200,1,1286,investigation,1
2026-09-20T12:00:17.609Z,tgm/token-ohlcv,5f9f720f046fc2775ee0517181d36442,200,1,878,monitoring,1
2026-09-20T12:00:18.282Z,tgm/flow-intelligence,8427997b2e1fb041ce9310461618ec6e,200,1,1040,investigation,1
2026-09-20T12:00:18.804Z,tgm/flow-intelligence,74640d340ae6c304a8fee438a065b22b,200,1,1191,monitoring,1
2026-09-20T12:00:19.514Z,tgm/flow-intelligence,50fc7240ffbcd3241c4a9b133554d46f,200,1,1222,investigation,1
2026-09-20T12:00:19.716Z,tgm/token-ohlcv,4c19e24a5868c50297151d2255c2746d,200,1,908,monitoring,1
2026-09-20T12:00:20.737Z,tgm/flow-intelligence,ef7e7b4051c98450b7f787224ed75c75,200,1,705,monitoring,1
2026-09-20T12:00:21.766Z,tgm/token-ohlcv,a31d6b5d5fcaf95ca14fed0d266d625a,200,1,1025,monitoring,1
2026-09-20T12:00:22.154Z,tgm/flows,d5987b1cc247ed77e3f7a27f5a3c4f53,200,1,2542,investigation,1
2026-09-20T12:00:23.183Z,tgm/flow-intelligence,343860167279ae6573a18340147b1a77,200,1,1409,monitoring,1
2026-09-20T12:00:23.235Z,tgm/who-bought-sold,3e263c6d15f3f758c52c880de4acf712,200,1,1075,investigation,1
2026-09-20T12:00:24.029Z,tgm/token-ohlcv,5da13e11ba184702ad69e9306559127c,200,1,831,monitoring,1
2026-09-20T12:00:24.589Z,tgm/token-ohlcv,16e89522a01df237f1ec2146f0c1a01b,200,1,1102,investigation,1
2026-09-20T12:00:32.047Z,tgm/flow-intelligence,9abf4f33be174910b26101207a6bc253,200,1,7709,monitoring,1
2026-09-20T12:00:32.633Z,tgm/token-ohlcv,331d7b16e691a6566c101d18fbb01c7a,200,1,582,monitoring,1
2026-09-20T12:02:02.104Z,tgm/flow-intelligence,6f95a661775e737f7c3ec2792e772617,200,1,13613,investigation,1
2026-09-20T12:02:03.978Z,tgm/flow-intelligence,81819506fd320e1c60cb540f3b001609,200,1,10799,monitoring,1
2026-09-20T12:02:07.883Z,tgm/token-ohlcv,09bffe641c3b5d04fc3b4f10b5a5e82f,200,1,3844,monitoring,1
2026-09-20T12:02:08.231Z,tgm/flow-intelligence,d859757735395a0fdb54471d70f8ef1a,200,1,6125,investigation,1
2026-09-20T12:02:20.343Z,tgm/flow-intelligence,4db8f960ad94e94a9dfaaa5e823cf716,200,1,12026,investigation,1
2026-09-20T12:02:23.779Z,tgm/flow-intelligence,8a5cfb1628fadc5bfbb729334674a77f,200,1,15894,monitoring,1
2026-09-20T12:02:24.170Z,tgm/flow-intelligence,7e932e2341d3a47d0ece04219f6a9956,200,1,3823,investigation,1
2026-09-20T12:02:27.090Z,tgm/flow-intelligence,91dbb631d5f95a3f4e618028e0f34a6f,200,1,2918,investigation,1
2026-09-20T12:02:30.792Z,tgm/flow-intelligence,e3116129c133ec63e832c43cab94965c,200,1,3700,investigation,1
2026-09-20T12:02:32.010Z,tgm/flows,245ca858b269a075255fa95369085d5c,200,1,1211,investigation,1
2026-09-20T12:02:32.915Z,tgm/who-bought-sold,eb96d3499cfc753b7a9eca64cb76c262,200,1,894,investigation,1
2026-09-20T12:02:35.891Z,tgm/flow-intelligence,6b34fa76c3a14a4ddb0cde1f3833fe28,200,1,12110,monitoring,1
2026-09-20T12:02:36.237Z,tgm/token-ohlcv,7873f92d676479555dbc087aac62774a,200,1,1148,investigation,1
2026-09-20T12:02:38.493Z,tgm/flow-intelligence,95bf6d3f6421c54c87847579cdeb414e,200,1,2597,monitoring,1
2026-09-20T12:02:39.928Z,tgm/token-ohlcv,6ff2d86c87c9a3016b96bd1985a42055,200,1,1311,monitoring,1
2026-09-20T12:02:40.783Z,tgm/flow-intelligence,6b6a3367db4a8a0e4e83373a9eaccb78,200,1,1138,investigation,1
2026-09-20T12:02:41.081Z,tgm/flow-intelligence,f447456c370875721044a42763040179,200,1,1150,monitoring,1
2026-09-20T12:02:42.020Z,tgm/flow-intelligence,d487d56ac20b7e538b036e210cf06f0c,200,1,1228,investigation,1
2026-09-20T12:02:44.216Z,tgm/flow-intelligence,d77b523d691d15726707847ecbc39729,200,1,3133,monitoring,1
2026-09-20T12:02:44.230Z,tgm/flow-intelligence,37da0104cebde974ab4528590c02f814,200,1,2206,investigation,1
2026-09-20T12:02:46.676Z,tgm/flow-intelligence,3d7eb7231b55a038dab0b01005d09e05,200,1,2443,investigation,1
2026-09-20T12:02:46.678Z,tgm/who-bought-sold,2b534c612809a2090379bd2a52155472,200,1,2452,monitoring,1
2026-09-20T12:02:47.125Z,tgm/flow-intelligence,2379483daf9f782e90c0016de969ba54,200,1,433,investigation,1
2026-09-20T12:02:49.034Z,tgm/flow-intelligence,1a955d013ad9360c71424b327f07dd0b,200,1,2350,monitoring,1
2026-09-20T12:02:49.035Z,tgm/flow-intelligence,68891c5140cfe35257d6f124da984b56,200,1,1906,investigation,1
2026-09-20T12:02:54.450Z,tgm/flows,44273203770679737184413ff61b5e55,200,1,5407,investigation,1
2026-09-20T12:02:54.462Z,tgm/token-ohlcv,c0d7990f174d2c201831a8294b0a3a02,200,1,5425,monitoring,1
2026-09-20T12:02:55.430Z,tgm/flow-intelligence,3da70333a799f7744b9f4e0a0f72a800,200,1,965,monitoring,1
2026-09-20T12:02:55.441Z,tgm/who-bought-sold,20ad7528967e9936f6c4d55fe3b43847,200,1,978,investigation,1
2026-09-20T12:02:56.364Z,tgm/flow-intelligence,7f7ceb2cc21cd96c0db2105a83c1e574,200,1,918,monitoring,1
2026-09-20T12:02:57.124Z,tgm/token-ohlcv,354575770f8d44441b0b00425334d20d,200,1,1485,investigation,1
2026-09-20T12:02:57.532Z,tgm/who-bought-sold,0a05977bd9e3991309bf0800de0ef315,200,1,767,monitoring,1
2026-09-20T12:03:02.190Z,tgm/flow-intelligence,0e611633154cb178f1638235341eec19,200,1,4653,monitoring,1
2026-09-20T12:03:05.831Z,tgm/token-ohlcv,c9b1082e7d5ad77b1648e9690bbe6514,200,1,3638,monitoring,1
2026-09-20T12:03:12.157Z,tgm/flow-intelligence,61e6cc637626c650119cfc260375935d,200,1,6321,monitoring,1
2026-09-20T12:03:14.769Z,tgm/flow-intelligence,027ea1004fa9f370647e7b38c714b564,200,1,2608,monitoring,1
2026-09-20T12:03:19.638Z,tgm/who-bought-sold,ca354451d130bf597dc1b36fcd1ff72f,200,1,779,monitoring,1
2026-09-20T12:03:22.402Z,tgm/flow-intelligence,d9f16c58bfbf7e591882d155c7136c56,200,1,8588,investigation,1
2026-09-20T12:03:23.277Z,tgm/flow-intelligence,fecaa1206b9f4f5d87f369517a118b03,200,1,828,investigation,1
2026-09-20T12:03:23.989Z,tgm/flow-intelligence,29b51706cd3baf36f5c38702243ec344,200,1,686,investigation,1
2026-09-20T12:03:24.908Z,tgm/flow-intelligence,8e22e214283d8f1d8c18566212bc6d48,200,1,798,investigation,1
2026-09-20T12:03:25.637Z,tgm/flow-intelligence,7a6c2564824d49434cd1531e31ae596b,200,1,728,investigation,1
2026-09-20T12:03:26.354Z,tgm/flow-intelligence,f6f3c45a3b9cf57083169764eb12f944,200,1,714,investigation,1
2026-09-20T12:03:27.270Z,tgm/flows,514bb05721de3d36ab83136e96d03d38,200,1,906,investigation,1
2026-09-20T12:03:27.950Z,tgm/who-bought-sold,142f692f0935d506f4560171492ddc50,200,1,669,investigation,1
2026-09-20T12:03:29.383Z,tgm/token-ohlcv,b28b1405c832782b0f68ff7b1cc43279,200,1,1095,investigation,1
2026-09-20T12:03:36.515Z,tgm/flow-intelligence,a90fee6013fbe949baa2ac06e7264f79,200,1,3565,investigation,1
2026-09-20T12:03:37.411Z,tgm/flow-intelligence,2ff2915b965be72801955114aedb2a3d,200,1,893,investigation,1
2026-09-20T12:03:38.432Z,tgm/flow-intelligence,933b5d75a4fc147f6b222e1040954269,200,1,1008,investigation,1
2026-09-20T12:03:39.261Z,tgm/flow-intelligence,0a3b61617b0d4f463d8f5b4185f31609,200,1,826,investigation,1
2026-09-20T12:03:40.050Z,tgm/flow-intelligence,1f942722b5b71a7590eaee69daed5573,200,1,777,investigation,1
2026-09-20T12:03:40.967Z,tgm/flow-intelligence,3e5f2e22935e555bada57d446e51c07d,200,1,854,investigation,1
2026-09-20T12:03:42.119Z,tgm/flows,96a7917018849102ed68d81f92440838,200,1,763,investigation,1
2026-09-20T12:03:42.807Z,tgm/who-bought-sold,95226d2b2130cb0b20c0d249f9dcdc24,200,1,611,investigation,1
2026-09-20T12:03:44.353Z,tgm/token-ohlcv,3a12461a4732895b43ecbf45d9d0d31e,200,1,908,investigation,1
2026-09-20T12:03:48.717Z,tgm/flow-intelligence,d14ca774877adf310dafa7054dfdd360,200,1,1377,investigation,1
2026-09-20T12:03:49.590Z,tgm/flow-intelligence,240fe96d4436d90800cc1950307c402a,200,1,870,investigation,1
2026-09-20T12:03:50.739Z,tgm/flow-intelligence,bd755260f8a9700c8e102d73e21faf47,200,1,1146,investigation,1
2026-09-20T12:03:51.517Z,tgm/flow-intelligence,3f1ad2635a1b0c41fe0ebd2a826fd35e,200,1,736,investigation,1
2026-09-20T12:03:52.115Z,tgm/flow-intelligence,544ea336a21fab172e995d1f80b5157d,200,1,596,investigation,1
2026-09-20T12:03:53.062Z,tgm/flow-intelligence,22beb34084f7703187e52573cd0db739,200,1,947,investigation,1
2026-09-20T12:03:53.993Z,tgm/flows,7602b75242af6b779368be2ffb552b6e,200,1,886,investigation,1
2026-09-20T12:03:54.841Z,tgm/who-bought-sold,a8223b41bad3336e9be405723405d863,200,1,653,investigation,1
2026-09-20T12:03:55.940Z,tgm/token-ohlcv,546f1528af4a3f72e19f7a12527eba23,200,1,988,investigation,1
2026-09-20T12:03:57.571Z,tgm/flow-intelligence,71a5664514282611fffe5159ff5a1938,200,1,685,investigation,1
2026-09-20T12:03:58.739Z,tgm/flow-intelligence,98488f52920b483d7da83023e7c9674f,200,1,1165,investigation,1
2026-09-20T12:03:59.368Z,tgm/flow-intelligence,fde150330f9347665faa70354af2112a,200,1,621,investigation,1
2026-09-20T12:04:00.208Z,tgm/flow-intelligence,4007ea219fe64e1e70e2b21a3f2c4242,200,1,839,investigation,1
2026-09-20T12:04:00.642Z,tgm/flow-intelligence,3a8c693530479d6a3b065526905c6b3a,200,1,432,investigation,1
2026-09-20T12:04:01.420Z,tgm/flow-intelligence,22f31c102bdf5a64082b7c3d9b774c09,200,1,760,investigation,1
2026-09-20T12:04:02.351Z,tgm/flows,32ceec1e8257a069c3ee44794eee7b34,200,1,922,investigation,1
2026-09-20T12:04:03.010Z,tgm/who-bought-sold,9212be1f851ef948e1f8987b323efc00,200,1,657,investigation,1
2026-09-20T12:04:04.114Z,tgm/token-ohlcv,b721bc4f12089e3add06ed44015b9b78,200,1,946,investigation,1
2026-09-20T12:04:06.058Z,tgm/flow-intelligence,62929b4e58f1e32d748fd6714ea8b82b,200,1,797,investigation,1
2026-09-20T12:04:06.733Z,tgm/flow-intelligence,a4764d680ad2a003b9a29d5837373b20,200,1,673,investigation,1
2026-09-20T12:04:08.475Z,tgm/flow-intelligence,4213c65eaec7b8120bad473323399149,200,1,1736,investigation,1
2026-09-20T12:04:09.469Z,tgm/flow-intelligence,84fe5213a9e6a252257a5c4f363b7e38,200,1,980,investigation,1
2026-09-20T12:04:10.189Z,tgm/flow-intelligence,4f1ead66760aec3d820c014d889eb616,200,1,718,investigation,1
2026-09-20T12:04:10.948Z,tgm/flow-intelligence,0614fa4a55e6147a03485864708b2045,200,1,758,investigation,1
2026-09-20T12:04:11.990Z,tgm/flows,bc07425b15f09d20887eb527213db03f,200,1,1018,investigation,1
2026-09-20T12:04:12.945Z,tgm/who-bought-sold,02875b2f1fbb44392a067c438c65306c,200,1,932,investigation,1
2026-09-20T12:04:14.749Z,tgm/token-ohlcv,85d2656b5e28cf5e5a4135360c5e4a03,200,1,1690,investigation,1
2026-09-20T12:04:17.184Z,tgm/flow-intelligence,d82b9b001e9f767813d1a749a9e1e328,200,1,941,investigation,1
2026-09-20T12:04:18.287Z,tgm/flow-intelligence,9b9b5d1485bd43141b724309e8bc0d59,200,1,1097,investigation,1
2026-09-20T12:04:19.455Z,tgm/flow-intelligence,2289604a5ed4e2678735984cfed9e92e,200,1,1166,investigation,1
2026-09-20T12:04:20.235Z,tgm/flow-intelligence,d9b3d10c3f3cb72d976738214f788070,200,1,774,investigation,1
2026-09-20T12:04:21.128Z,tgm/flow-intelligence,c272a76add00ff76e12d1c1dad183253,200,1,877,investigation,1
2026-09-20T12:04:21.520Z,tgm/flow-intelligence,d517aa643371fe58403a0f25665be80e,200,1,369,investigation,1
2026-09-20T12:04:21.686Z,tgm/flow-intelligence,a3face7b74b312064e3b63301256505a,200,1,1922,monitoring,1
2026-09-20T12:04:22.447Z,tgm/token-ohlcv,3396960ce7762e743710e1397fa38565,200,1,756,monitoring,1
2026-09-20T12:04:23.279Z,tgm/flows,b7d84c2b8c4b963e430bea27b6864129,200,1,1681,investigation,1
2026-09-20T12:04:23.545Z,tgm/flow-intelligence,06298027feeb4a5915fcd033303a1020,200,1,1075,monitoring,1
2026-09-20T12:04:24.142Z,tgm/who-bought-sold,a561cf59d4b4a617542ec305e4593925,200,1,861,investigation,1
2026-09-20T12:04:24.852Z,tgm/token-ohlcv,26f54a2f2cb3417cecb5637a1ee1f009,200,1,706,investigation,1
2026-09-20T12:04:25.161Z,tgm/flow-intelligence,0969cd5619a5357841409a5969cb6040,200,1,1614,monitoring,1
2026-09-20T12:04:26.948Z,tgm/who-bought-sold,3503ba6092372424e67d6a579274bd38,200,1,1756,monitoring,1
2026-09-20T12:04:27.858Z,tgm/flow-intelligence,55081e5188b2720d53e0d61b9b338569,200,1,904,monitoring,1
2026-09-20T12:04:27.859Z,tgm/flow-intelligence,e5ccab2cf1185f4aee428860e793063a,200,1,986,investigation,1
2026-09-20T12:04:28.422Z,tgm/flow-intelligence,57d1e9550e810c1797ae78480c6d2865,200,1,561,investigation,1
2026-09-20T12:04:28.601Z,tgm/token-ohlcv,ee2c166e463f6978ca51a313ff3b014a,200,1,741,monitoring,1
2026-09-20T12:04:29.333Z,tgm/flow-intelligence,7a98334bbce090215ed56b662db8fa01,200,1,909,investigation,1
2026-09-20T12:04:30.067Z,tgm/flow-intelligence,245bec3165460a666cf2ce3112880220,200,1,1268,monitoring,1
2026-09-20T12:04:30.346Z,tgm/flow-intelligence,a492c62cc6cb4402294121455ee5303f,200,1,1012,investigation,1
2026-09-20T12:04:31.225Z,tgm/flow-intelligence,47e4e211f56c9070a1778926010b1666,200,1,878,investigation,1
2026-09-20T12:04:31.358Z,tgm/flow-intelligence,5f990255b0121a1612b2f705f49d803e,200,1,1275,monitoring,1
2026-09-20T12:04:32.166Z,tgm/who-bought-sold,39d8a95be900ad355620b0675d33960d,200,1,762,monitoring,1
2026-09-20T12:04:32.169Z,tgm/flow-intelligence,ece64c2423fec9401a691b18f59a091b,200,1,940,investigation,1
2026-09-20T12:04:33.338Z,tgm/flow-intelligence,4340db013cdde27f9c8456278a24be13,200,1,1168,monitoring,1
2026-09-20T12:04:33.662Z,tgm/flows,324a73703dfcdf4d8b2fd479a562603b,200,1,1468,investigation,1
2026-09-20T12:04:34.262Z,tgm/token-ohlcv,92e57a190f40596aa6824c18ffdd8939,200,1,922,monitoring,1
2026-09-20T12:04:34.525Z,tgm/who-bought-sold,20800321aa1b7b338beb0a07cb29cd0b,200,1,861,investigation,1
2026-09-20T12:04:35.072Z,tgm/flow-intelligence,c718ce08212eac4f51dea824f9624179,200,1,809,monitoring,1
2026-09-20T12:04:35.327Z,tgm/token-ohlcv,2c66af7230d9220623161163a0bcab07,200,1,741,investigation,1
2026-09-20T12:04:36.254Z,tgm/flow-intelligence,5ed04c397f710219f53d5b3425e91a42,200,1,1179,monitoring,1
2026-09-20T12:04:36.960Z,tgm/who-bought-sold,02a26f40a1dc6c6a60a5182e0150874d,200,1,704,monitoring,1
2026-09-20T12:04:37.784Z,tgm/flow-intelligence,51bd9d55a9442d4082d0123e0d9b1139,200,1,607,monitoring,1
2026-09-20T12:04:37.876Z,tgm/flow-intelligence,a076224d35c0a1599c65f975fe466f06,200,1,651,investigation,1
2026-09-20T12:04:38.434Z,tgm/token-ohlcv,d7bf5803417ce603559b8d61f9e9d97a,200,1,649,monitoring,1
2026-09-20T12:04:38.497Z,tgm/flow-intelligence,fd8de4731f92f055487a0a65e978056a,200,1,620,investigation,1
2026-09-20T12:04:39.096Z,tgm/flow-intelligence,0f2d4b265a6e55690a4be35511cfba66,200,1,661,monitoring,1
2026-09-20T12:04:39.398Z,tgm/flow-intelligence,fc4ac2536af0fb03121f423488e0df39,200,1,657,investigation,1
2026-09-20T12:04:39.853Z,tgm/flow-intelligence,9feba07aaf6de60daf3272143f62c347,200,1,735,monitoring,1
2026-09-20T12:04:40.409Z,tgm/flow-intelligence,a155a31a43cc0c17aee5f2329ee3870e,200,1,887,investigation,1
2026-09-20T12:04:40.416Z,tgm/who-bought-sold,625efd6cf65ffd17875c8d7870fd611a,200,1,558,monitoring,1
2026-09-20T12:04:41.060Z,tgm/flow-intelligence,2d27e46e39167348dd433e12a126f92f,200,1,651,investigation,1
2026-09-20T12:04:41.075Z,tgm/flow-intelligence,53ac7440b327eb64138430638c150b4e,200,1,656,monitoring,1
2026-09-20T12:04:41.890Z,tgm/token-ohlcv,8c9def7d728f5e4db03ff84c7d74d428,200,1,813,monitoring,1
2026-09-20T12:04:42.165Z,tgm/flow-intelligence,927a181d1f21bc76e2afec523166b917,200,1,1103,investigation,1
2026-09-20T12:04:42.969Z,tgm/flow-intelligence,ce8ea20492e25e6771c87c5fb2bc2a6c,200,1,1077,monitoring,1
2026-09-20T12:04:43.012Z,tgm/flows,e67b9833877e9c5eafbcfb3800cca32c,200,1,824,investigation,1
2026-09-20T12:04:43.710Z,tgm/flow-intelligence,0f4b6c44394dd67b70b2a35eb0a00f5f,200,1,684,monitoring,1
2026-09-20T12:04:43.734Z,tgm/who-bought-sold,7c19e3121f9896114f84976dde77e07f,200,1,695,investigation,1
2026-09-20T12:04:44.154Z,tgm/who-bought-sold,fe07b06203602e2308a04c17e5834816,200,1,411,monitoring,1
2026-09-20T12:04:44.526Z,tgm/token-ohlcv,4acc28071fd30700305ec5012847f378,200,1,780,investigation,1
2026-09-20T12:04:44.617Z,tgm/flow-intelligence,b4c7f24354b0217e8d30335130e1d556,200,1,450,monitoring,1
2026-09-20T12:04:46.028Z,tgm/token-ohlcv,7348b80fdcb4ca3e0f59b65689404c39,200,1,1409,monitoring,1
2026-09-20T12:04:46.592Z,tgm/flow-intelligence,ef9b384cba8d5310c80a6c19f35c1c52,200,1,562,monitoring,1
2026-09-20T12:04:46.719Z,tgm/flow-intelligence,071a874658830e40da1c9e488ca58f42,200,1,619,investigation,1
2026-09-20T12:04:47.365Z,tgm/flow-intelligence,fbf9947befb0ee12c2566c1e65e78e51,200,1,726,monitoring,1
2026-09-20T12:04:47.621Z,tgm/flow-intelligence,d61ec764389505729144af0ec6baff30,200,1,900,investigation,1
2026-09-20T12:04:47.845Z,tgm/who-bought-sold,b1e0df162830f92d89c5a45277992c3b,200,1,451,monitoring,1
2026-09-20T12:04:48.247Z,tgm/flow-intelligence,875ad9739665402a3fe42b101f2c746f,200,1,388,monitoring,1
2026-09-20T12:04:48.438Z,tgm/flow-intelligence,6acb992aa4b27e3ebe76160a72e52071,200,1,794,investigation,1
2026-09-20T12:04:48.892Z,tgm/token-ohlcv,0c35df207576d826e82fe017e253a605,200,1,605,monitoring,1
2026-09-20T12:04:49.223Z,tgm/flow-intelligence,67aae91631959e7d7f32f50e63e07615,200,1,783,investigation,1
2026-09-20T12:04:49.288Z,tgm/flow-intelligence,d845173cfa2b021d70326d3d866a6e77,200,1,381,monitoring,1
2026-09-20T12:04:49.710Z,tgm/flow-intelligence,cddbc203a4ac79208374331c3130dd7b,200,1,362,investigation,1
2026-09-20T12:04:49.717Z,tgm/flow-intelligence,e7ac6e510b60b269719936585c9ff505,200,1,428,monitoring,1
2026-09-20T12:04:50.319Z,tgm/who-bought-sold,102c2000d3ace8492430ec451c61ff20,200,1,585,monitoring,1
2026-09-20T12:04:50.635Z,tgm/flow-intelligence,919d0e7898edc924ff97243ddc7e902b,200,1,921,investigation,1
2026-09-20T12:04:51.372Z,tgm/flow-intelligence,08ea0d171bd97466dd3c91389240c97e,200,1,1044,monitoring,1
2026-09-20T12:04:51.439Z,tgm/flows,2215b309d278922d465e9960de184b02,200,1,798,investigation,1
2026-09-20T12:04:52.165Z,tgm/who-bought-sold,e5fd7a5ed7285038f0357f2ca0612a70,200,1,708,investigation,1
2026-09-20T12:04:52.413Z,tgm/token-ohlcv,8cf97407a8470a0e82324339d51c3678,200,1,1037,monitoring,1
2026-09-20T12:04:53.180Z,tgm/token-ohlcv,7c82200d7151ca7bc2d50b53a59cd807,200,1,998,investigation,1
2026-09-20T12:04:55.452Z,tgm/flow-intelligence,4869101d1dd1c65b87b2f53574110f36,200,1,768,investigation,1
2026-09-20T12:04:56.836Z,tgm/flow-intelligence,216aa5775981c12a85f5b34e53974461,200,1,1382,investigation,1
2026-09-20T12:04:56.839Z,tgm/flow-intelligence,97640255ea1d4333998b0a2efc426237,200,1,4424,monitoring,1
2026-09-20T12:04:57.503Z,tgm/flow-intelligence,cb360c5fdaefec5d260e794f49ab4578,200,1,597,monitoring,1
2026-09-20T12:04:57.573Z,tgm/flow-intelligence,d02fc9247a541e2cccf186590ed46b32,200,1,728,investigation,1
2026-09-20T12:04:58.284Z,tgm/flow-intelligence,6360e54d895c9076331f28222e97f12c,200,1,704,investigation,1
2026-09-20T12:04:58.908Z,tgm/flow-intelligence,287248279fc9bb396aaaf77e74522346,200,1,622,investigation,1
2026-09-20T12:05:20.008Z,tgm/flow-intelligence,ec267d604a3d0a249e4d45134e2c5a34,200,1,21093,investigation,1
2026-09-20T12:05:20.309Z,tgm/who-bought-sold,4ce0da1e44dea16f9bcbc63917090a06,200,1,22784,monitoring,1
2026-09-20T12:05:20.710Z,tgm/flow-intelligence,f33bb92708ef6074a9dd870991638a18,200,1,380,monitoring,1
2026-09-20T12:05:21.128Z,tgm/flows,b264de284b08cb4697b1372ca764e270,200,1,1007,investigation,1
2026-09-20T12:05:21.249Z,tgm/token-ohlcv,c11a151c7957623ec0cff033cd0a720f,200,1,537,monitoring,1
2026-09-20T12:05:21.891Z,tgm/flow-intelligence,07d9363dfae39d703a62100d2c06c911,200,1,641,monitoring,1
2026-09-20T12:05:22.530Z,tgm/flow-intelligence,30d6b22861029e02fb6d95242c4f065b,200,1,617,monitoring,1
2026-09-20T12:05:23.035Z,tgm/who-bought-sold,b5c59f3fcd040b2827524f1f0bdca902,200,1,501,monitoring,1
2026-09-20T12:05:23.235Z,tgm/who-bought-sold,ba35672632781b6f7bfd7d7b8e2e7610,200,1,2070,investigation,1
2026-09-20T12:05:23.518Z,tgm/flow-intelligence,a1377051df65da5dd054bd5fdd4f0e41,200,1,436,monitoring,1
2026-09-20T12:05:24.199Z,tgm/token-ohlcv,721b9c600f7d2444bfec4255840aa421,200,1,674,monitoring,1
2026-09-20T12:05:24.757Z,tgm/token-ohlcv,7466ef15940646188cde257a3ee8250f,200,1,1434,investigation,1
2026-09-20T12:05:25.172Z,tgm/flow-intelligence,4a188e6b0f3166767103eb5abc332a4c,200,1,962,monitoring,1
2026-09-20T12:05:26.173Z,tgm/flow-intelligence,f2525e5e6b910b24bb288173308c7d74,200,1,967,monitoring,1
2026-09-20T12:05:26.727Z,tgm/flow-intelligence,1274476089b5673d7947de47184b5236,200,1,1009,investigation,1
2026-09-20T12:05:26.853Z,tgm/who-bought-sold,0f039844b8ed6036b51cf002802da601,200,1,647,monitoring,1
2026-09-20T12:05:27.264Z,tgm/flow-intelligence,375f6d73cdace5408ab4c4616816ed7b,200,1,374,monitoring,1
2026-09-20T12:05:27.370Z,tgm/flow-intelligence,b3ea5b2c0130ed3aab0acf79607e2a1a,200,1,641,investigation,1
2026-09-20T12:05:27.824Z,tgm/token-ohlcv,f365d71813598154ac6f275705da1e79,200,1,557,monitoring,1
2026-09-20T12:05:28.442Z,tgm/flow-intelligence,fbf2997cfba4b4519e1e5965d5301935,200,1,1057,investigation,1
2026-09-20T12:05:28.500Z,tgm/flow-intelligence,2df1472df8ce0a0a9e3d8961d0c8311d,200,1,674,monitoring,1
2026-09-20T12:05:29.295Z,tgm/flow-intelligence,0f508b3fca32456cb1888b7fab622912,200,1,845,investigation,1
2026-09-20T12:05:29.334Z,tgm/flow-intelligence,9e103c59a3c8a41affd55b02cab59636,200,1,827,monitoring,1
2026-09-20T12:05:30.013Z,tgm/who-bought-sold,fcbe4a1359ad4123213c5372651fc002,200,1,644,monitoring,1
2026-09-20T12:05:30.440Z,tgm/flow-intelligence,8cb7933f5711635e02e6cf3789607759,200,1,421,monitoring,1
2026-09-20T12:05:30.446Z,tgm/flow-intelligence,fca8e319e4cc0d1691ce0740e4100b79,200,1,1148,investigation,1
2026-09-20T12:05:31.073Z,tgm/token-ohlcv,1b4b687fc254430afbdffd2f4b91bd6f,200,1,627,monitoring,1
2026-09-20T12:05:31.484Z,tgm/flow-intelligence,84eeec650c175149c85ad95ab6c9656d,200,1,1037,investigation,1
2026-09-20T12:05:32.034Z,tgm/flow-intelligence,3008494492f51e188fd2d96d6e395a57,200,1,954,monitoring,1
2026-09-20T12:05:32.392Z,tgm/flows,1d7aec5197448b0e03b66715f743492d,200,1,905,investigation,1
2026-09-20T12:05:32.750Z,tgm/flow-intelligence,6020b4369aedbc4384d5c769789c1863,200,1,654,monitoring,1
2026-09-20T12:05:33.127Z,tgm/who-bought-sold,c23a4d3760e8342ed0279536fec12d65,200,1,690,investigation,1
2026-09-20T12:05:33.870Z,tgm/who-bought-sold,789c3420269c4a0ade66e12f0ec48326,200,1,1096,monitoring,1
2026-09-20T12:05:34.185Z,tgm/token-ohlcv,1dd55a731889f34f31fa2931df0fa82a,200,1,1040,investigation,1
2026-09-20T12:05:34.573Z,tgm/flow-intelligence,ee89400627edcc429cea323495b63543,200,1,695,monitoring,1
2026-09-20T12:05:35.276Z,tgm/token-ohlcv,8e1d1e6ee579894c751060568e87f454,200,1,701,monitoring,1
2026-09-20T12:05:36.175Z,tgm/flow-intelligence,e2795c75f56caf3483b01272448c784f,200,1,896,monitoring,1
2026-09-20T12:05:36.805Z,tgm/flow-intelligence,aee1dc3503284e451595340d94fb8429,200,1,1059,investigation,1
2026-09-20T12:05:36.826Z,tgm/flow-intelligence,514a7251555a6566a31c6d522ce8ed53,200,1,649,monitoring,1
2026-09-20T12:05:37.503Z,tgm/who-bought-sold,ece94d5a2daae85bb74abd12d58e6a0a,200,1,675,monitoring,1
2026-09-20T12:05:37.670Z,tgm/flow-intelligence,9b54241fbeef4f40239aa34826865c39,200,1,852,investigation,1
2026-09-20T12:05:38.365Z,tgm/flow-intelligence,48d7f476d9479d06a5e53a31d455fb08,200,1,850,monitoring,1
2026-09-20T12:05:38.635Z,tgm/flow-intelligence,83e5d544105d9452b1704f461b3b8279,200,1,959,investigation,1
2026-09-20T12:05:38.886Z,tgm/token-ohlcv,3f6c537ae8eea144d014cd7bc1c5ee28,200,1,515,monitoring,1
2026-09-20T12:05:39.499Z,tgm/flow-intelligence,41e1ba047d79ee5a6c8b8b0d5cf97e75,200,1,862,investigation,1
2026-09-20T12:05:39.850Z,tgm/flow-intelligence,e929d11284e8456cd1e147783bc1906e,200,1,958,monitoring,1
2026-09-20T12:05:40.460Z,tgm/flow-intelligence,d5265b57669a75183ea5b2684e4aea5d,200,1,942,investigation,1
2026-09-20T12:05:40.973Z,tgm/flow-intelligence,05ead950f021d6157183b3255cb64d1e,200,1,511,investigation,1
2026-09-20T12:05:41.052Z,tgm/token-ohlcv,076ded49e25f77071640c0424f44e240,200,1,1187,monitoring,1
2026-09-20T12:05:41.402Z,tgm/flow-intelligence,05365048868b71649ab95c12ee5f215b,200,1,332,monitoring,1
2026-09-20T12:05:42.140Z,tgm/flows,ff1b135ce525bc3e6098514806c10b20,200,1,1135,investigation,1
2026-09-20T12:05:42.199Z,tgm/token-ohlcv,97e2a74bd7206d7769069860e7c7ef08,200,1,740,monitoring,1
2026-09-20T12:05:42.940Z,tgm/flow-intelligence,dc94265aaa321505aa9251374de6975c,200,1,731,monitoring,1
2026-09-20T12:05:43.076Z,tgm/who-bought-sold,ce0ca255be5ce8762994300cd9805926,200,1,911,investigation,1
2026-09-20T12:05:43.836Z,tgm/flow-intelligence,eaee370cd17cf8554f0f611509b5a474,200,1,894,monitoring,1
2026-09-20T12:05:44.485Z,tgm/token-ohlcv,2155fb7f36f83f3e279724395753ba68,200,1,1350,investigation,1
2026-09-20T12:05:44.832Z,tgm/who-bought-sold,4a4b6305883ace2d5af7433f34927849,200,1,971,monitoring,1
2026-09-20T12:05:47.587Z,tgm/flow-intelligence,879ffd4cf4a6e37a0e4ced0a91369661,200,1,1385,investigation,1
2026-09-20T12:05:48.685Z,tgm/flow-intelligence,1e6f8069693f7c24fcdb4f4261bbea3f,200,1,1097,investigation,1
2026-09-20T12:05:49.662Z,tgm/flow-intelligence,181ac83ecc6fd37d9f980e5f9f5e2900,200,1,973,investigation,1
2026-09-20T12:05:50.813Z,tgm/flow-intelligence,e23ce62240f45e1af85e5b6f7a402042,200,1,1135,investigation,1
2026-09-20T12:05:52.398Z,tgm/flow-intelligence,8185eb0c349ab63f2434384ca841b77d,200,1,1583,investigation,1
2026-09-20T12:05:53.553Z,tgm/flow-intelligence,6229902e92ccc6538ab75a387a43586d,200,1,1151,investigation,1
2026-09-20T12:05:58.446Z,tgm/flows,439b2424359aea0566967a34f8a7272a,200,1,4769,investigation,1
2026-09-20T12:05:59.643Z,tgm/who-bought-sold,5c7c624b2ac9ac422aa69314a1e47a1a,200,1,1111,investigation,1
2026-09-20T12:06:02.278Z,tgm/token-ohlcv,1a79934b44ae5d0861f5930e085e933a,200,1,2557,investigation,1
2026-09-20T12:06:06.821Z,tgm/flow-intelligence,73a52a52150ff67f3216001ce0ba236f,200,1,3335,investigation,1
2026-09-20T12:06:08.567Z,tgm/flow-intelligence,231c1c6243d1c229a015ad3f52850a3e,200,1,1743,investigation,1
2026-09-20T12:06:13.746Z,tgm/flow-intelligence,446134757ac1694daf6a2d13e46f5607,200,1,5176,investigation,1
2026-09-20T12:06:19.357Z,tgm/flow-intelligence,f046693f785a9c2d5fd77463eb316270,200,1,5609,investigation,1
2026-09-20T12:06:19.756Z,tgm/flow-intelligence,642ba65a3de96c74b3196f1190f2bb2d,200,1,390,investigation,1
2026-09-20T12:06:31.809Z,tgm/flow-intelligence,a1fbf5278c3e845911603d42e8983d76,200,1,12051,investigation,1
2026-09-20T12:06:38.458Z,tgm/who-bought-sold,252baa5fb0230c7489dc392b3eecce35,200,1,6445,investigation,1
2026-09-20T12:06:40.320Z,tgm/token-ohlcv,3d0b2760c0ff617f7c5acb2833c5d261,200,1,960,investigation,1
2026-09-20T12:06:42.801Z,tgm/flow-intelligence,8352b718cfbff86393b4734d13fe765d,200,1,799,investigation,1
2026-09-20T12:06:44.009Z,tgm/flow-intelligence,bb7c20511a4a5841ce785e29eb851a4c,200,1,1169,investigation,1
2026-09-20T12:06:45.233Z,tgm/flow-intelligence,c4f32b3a041b673fe47c7626591ce440,200,1,1221,investigation,1
2026-09-20T12:06:46.191Z,tgm/flow-intelligence,8012a3578d8d4b0c22b228365aa16245,200,1,954,investigation,1
2026-09-20T12:06:46.797Z,tgm/flow-intelligence,8a6b5c489211b13387ebf70ca83c606a,200,1,1881,monitoring,1
2026-09-20T12:06:47.089Z,tgm/flow-intelligence,bb55201e718c4f1d401da05fa47fbe12,200,1,897,investigation,1
2026-09-20T12:06:47.574Z,tgm/token-ohlcv,31c1110ee4906551f468f308911abb2c,200,1,773,monitoring,1
2026-09-20T12:06:48.257Z,tgm/flow-intelligence,069b1d5a76c6867560506a0e22a4fa49,200,1,1166,investigation,1
2026-09-20T12:06:48.493Z,tgm/flow-intelligence,b0062d65a455795dea546371e1c73e73,200,1,916,monitoring,1
2026-09-20T12:06:48.885Z,tgm/flow-intelligence,05a4c52b5e7b1060f309164463515364,200,1,391,monitoring,1
2026-09-20T12:06:49.376Z,tgm/flows,4cdfbd399f8bac6faadac448d5c59c68,200,1,1068,investigation,1
2026-09-20T12:06:49.819Z,tgm/who-bought-sold,52ebd6495b78626fffcd9a16d2bd5b42,200,1,924,monitoring,1
2026-09-20T12:06:50.056Z,tgm/who-bought-sold,d1bba1451979f42774ab3d41831bac74,200,1,644,investigation,1
2026-09-20T12:06:50.223Z,tgm/flow-intelligence,b749d06e3c30cf3a458bd75507647531,200,1,397,monitoring,1
2026-09-20T12:06:50.780Z,tgm/token-ohlcv,13fff177a37d270c05a3e818b3f7ad5d,200,1,550,monitoring,1
2026-09-20T12:06:51.864Z,tgm/token-ohlcv,28176c7870c5e2005c18232667dd4c2b,200,1,1803,investigation,1
2026-09-20T12:06:52.156Z,tgm/flow-intelligence,36c20349997b94188d58823b3b66c974,200,1,1373,monitoring,1
2026-09-20T12:06:52.560Z,tgm/flow-intelligence,e58148284d015d0e770711116118914a,200,1,402,monitoring,1
2026-09-20T12:06:53.808Z,tgm/flow-intelligence,fa5b6143d94e3a577af6381f6ce06b5a,200,1,1125,investigation,1
2026-09-20T12:06:54.288Z,tgm/who-bought-sold,f22994623f17656a23a2da24aae7ce5d,200,1,1665,monitoring,1
2026-09-20T12:06:54.614Z,tgm/flow-intelligence,b690981350062622bde9ab06615c4d50,200,1,801,investigation,1
2026-09-20T12:06:55.272Z,tgm/flow-intelligence,aa702a327341173d07a5bd249c9abe14,200,1,978,monitoring,1
2026-09-20T12:06:55.635Z,tgm/flow-intelligence,96ec1b4cd4c3b7474136594f873d1a7f,200,1,1017,investigation,1
2026-09-20T12:06:55.930Z,tgm/token-ohlcv,7a6c5b24b08f9d1600f6df5f24dd8556,200,1,655,monitoring,1
2026-09-20T12:06:56.334Z,tgm/flow-intelligence,a5c3015f0bd8de6c2a52283d6c3b2d5f,200,1,392,monitoring,1
2026-09-20T12:06:56.555Z,tgm/flow-intelligence,61badf4556858b622899c37a8b839864,200,1,919,investigation,1
2026-09-20T12:06:56.727Z,tgm/flow-intelligence,17c73b1bd4aa627edd92dc1a0da28c4d,200,1,391,monitoring,1
2026-09-20T12:06:57.395Z,tgm/flow-intelligence,0453c47b971ece0fae58432c560c6340,200,1,838,investigation,1
2026-09-20T12:06:57.974Z,tgm/who-bought-sold,1c6350294e06b0626b58c829046c4a25,200,1,1222,monitoring,1
2026-09-20T12:06:58.740Z,tgm/flow-intelligence,eed8c037a0b795416e49312f61426e70,200,1,760,monitoring,1
2026-09-20T12:06:59.091Z,tgm/flow-intelligence,aa392e7e5af05c13a740a514b6927e1f,200,1,1694,investigation,1
2026-09-20T12:07:00.299Z,tgm/flows,5a1171418e6c8a465ca37e0ed52da35e,200,1,1190,investigation,1
2026-09-20T12:07:00.354Z,tgm/token-ohlcv,1c3fd8487c2e20605b459707c864395d,200,1,1612,monitoring,1
2026-09-20T12:07:01.262Z,tgm/flow-intelligence,191d372af14c650f8f2d8e47e5f9f63f,200,1,906,monitoring,1
2026-09-20T12:07:02.084Z,tgm/who-bought-sold,d324740835529b6ce858637b9a10c457,200,1,1525,investigation,1
2026-09-20T12:07:02.192Z,tgm/flow-intelligence,a1f8292038aba53b45b4fb493e832061,200,1,842,monitoring,1
2026-09-20T12:07:02.982Z,tgm/who-bought-sold,ddf8294a3de97928f04b994dd8c7a44a,200,1,787,monitoring,1
2026-09-20T12:07:03.622Z,tgm/flow-intelligence,3c6aac10b9a1a24468b5d66ce9214f12,200,1,635,monitoring,1
2026-09-20T12:07:04.574Z,tgm/token-ohlcv,28c51b652c703a4b22dda3791ea8be10,200,1,2406,investigation,1
2026-09-20T12:07:04.595Z,tgm/token-ohlcv,0159d142c6b25a1e61b2a3337db72418,200,1,949,monitoring,1
2026-09-20T12:07:06.031Z,tgm/flow-intelligence,2a5476625ddb1b67d1d29b4b74a02b21,200,1,1378,monitoring,1
2026-09-20T12:07:06.494Z,tgm/flow-intelligence,4fedb87d1309660cabea676a256fa075,200,1,458,monitoring,1
2026-09-20T12:07:06.495Z,tgm/flow-intelligence,1054ba49e6fd425d225919322c57f64a,200,1,787,investigation,1
2026-09-20T12:07:07.492Z,tgm/who-bought-sold,d3f7d4018837ec49085468007de57d4c,200,1,995,monitoring,1
2026-09-20T12:07:07.513Z,tgm/flow-intelligence,666d64558341242683d8962d56197573,200,1,1005,investigation,1
2026-09-20T12:07:08.035Z,tgm/flow-intelligence,11afeb351c6b2b49fcbca31796381f70,200,1,537,monitoring,1
2026-09-20T12:07:08.522Z,tgm/flow-intelligence,34fc3166f9dfba2ab1a665171d89e250,200,1,1008,investigation,1
2026-09-20T12:07:09.103Z,tgm/token-ohlcv,5cd346759117d3250c407d5036b5bf6c,200,1,976,monitoring,1
2026-09-20T12:07:09.775Z,tgm/flow-intelligence,815d7f39dc4ad87c0ea8283480c36c09,200,1,670,monitoring,1
2026-09-20T12:07:10.177Z,tgm/flow-intelligence,7b71aa33df6a8227facac14b6ed4a533,200,1,1652,investigation,1
2026-09-20T12:07:10.179Z,tgm/flow-intelligence,20296c69b5be25078aeab93028a6ea66,200,1,400,monitoring,1
2026-09-20T12:07:11.859Z,tgm/flow-intelligence,569c865308d65968a637c74e0a978f29,200,1,1681,investigation,1
2026-09-20T12:07:12.204Z,tgm/who-bought-sold,082b4a6318051d3b5b1ff116839cf416,200,1,2022,monitoring,1
2026-09-20T12:07:12.606Z,tgm/flow-intelligence,07de764bfa328c1c832ae1132b70b154,200,1,398,monitoring,1
2026-09-20T12:07:13.618Z,tgm/flow-intelligence,81d1ee01a882c05937825e760821676b,200,1,1757,investigation,1
2026-09-20T12:07:14.480Z,tgm/token-ohlcv,6de0d764d0b07f2eab93aa3fd86ecc6f,200,1,1868,monitoring,1
2026-09-20T12:07:15.479Z,tgm/flows,6688af6f6bac2e4bedebdf6bb2fdad6d,200,1,1599,investigation,1
2026-09-20T12:07:15.731Z,tgm/flow-intelligence,cac80c63d35c6a2440d093446de1b911,200,1,1249,monitoring,1
2026-09-20T12:07:16.277Z,tgm/flow-intelligence,4f082b483194c062b625fa6440d1064f,200,1,544,monitoring,1
2026-09-20T12:07:16.351Z,tgm/who-bought-sold,242f3077523f1648ed89543ac5e9ae04,200,1,843,investigation,1
2026-09-20T12:07:17.566Z,tgm/who-bought-sold,1df56b5b4bd0067e75b12e39709c9473,200,1,1250,monitoring,1
2026-09-20T12:07:18.044Z,tgm/token-ohlcv,3dace309119c006023834b46ebf02410,200,1,1612,investigation,1
2026-09-20T12:07:18.982Z,tgm/flow-intelligence,7a44f06bc63689644c7da03ab7f0d375,200,1,1412,monitoring,1
2026-09-20T12:07:20.543Z,tgm/token-ohlcv,2c03c70ce89fdb5d08173f531e578f16,200,1,1523,monitoring,1
2026-09-20T12:07:20.765Z,tgm/flow-intelligence,7813ba1765ff3b6d93122e2cd3483e57,200,1,782,investigation,1
2026-09-20T12:07:21.950Z,tgm/flow-intelligence,ca6f6f603658e75a8fa54759c9cc695a,200,1,1183,investigation,1
2026-09-20T12:07:22.126Z,tgm/flow-intelligence,811155050344793e1f22c84c64e1c304,200,1,1581,monitoring,1
2026-09-20T12:07:22.616Z,tgm/flow-intelligence,3197e75ad74b210639c4e75936579566,200,1,488,monitoring,1
2026-09-20T12:07:22.923Z,tgm/flow-intelligence,fb5444713b698f3129632d541ce2d21b,200,1,972,investigation,1
2026-09-20T12:07:23.865Z,tgm/flow-intelligence,7ff31b6109f7dc662250bf44735ff078,200,1,940,investigation,1
2026-09-20T12:07:24.200Z,tgm/flow-intelligence,3e99002f52d4d22492ed2039fd25216d,200,1,333,investigation,1
2026-09-20T12:07:24.366Z,tgm/who-bought-sold,8e13e609499b34067a51950d5983556a,200,1,1703,monitoring,1
2026-09-20T12:07:24.574Z,tgm/flow-intelligence,468a45312c9edc6cfaf7ad0c77212d0c,200,1,372,investigation,1
2026-09-20T12:07:25.161Z,tgm/flow-intelligence,6b25232f7f5a5768b5fd985427749a50,200,1,789,monitoring,1
2026-09-20T12:07:26.418Z,tgm/flows,de065a279d71fb28223e6454ecf0681e,200,1,1826,investigation,1
2026-09-20T12:07:26.872Z,tgm/token-ohlcv,c63587039c4de65e2ada6f3a1592166e,200,1,1707,monitoring,1
2026-09-20T12:07:26.875Z,tgm/who-bought-sold,06ec4806757fda728b52891ee66c8e1c,200,1,414,investigation,1
2026-09-20T12:07:28.858Z,tgm/token-ohlcv,44a94b4327ce84503a8aa05ed19f0c6e,200,1,1888,investigation,1
2026-09-20T12:07:33.698Z,tgm/flow-intelligence,0b48b0421675af788a9c6b4f0d12154c,200,1,6824,monitoring,1
2026-09-20T12:07:45.688Z,tgm/flow-intelligence,d72631212998d12ca334433114f8ca6a,200,1,11988,monitoring,1
2026-09-20T12:08:49.934Z,tgm/flow-intelligence,eb9a985d68e6744b8d258e05db561054,200,1,4164,monitoring,1
2026-09-20T12:08:51.871Z,tgm/token-ohlcv,95f9163c453b283ccd974d346a08f859,200,1,1935,monitoring,1
2026-09-20T12:08:52.676Z,tgm/flow-intelligence,bf49b829b904d57e196d0a53376d6664,200,1,803,monitoring,1
2026-09-20T12:08:53.780Z,tgm/flow-intelligence,8533e7403e805465cd9d2f167b3d7f64,200,1,1102,monitoring,1
2026-09-20T12:08:54.535Z,tgm/who-bought-sold,e195fa4fd5fd080395919a2c47a19a7b,200,1,730,monitoring,1
2026-09-20T12:08:56.020Z,tgm/flow-intelligence,5565ac1105dec9438351cc442301cd11,200,1,1481,monitoring,1
2026-09-20T12:08:57.086Z,tgm/token-ohlcv,8c00596e2db0957ea41bd36f8c6f4575,200,1,1062,monitoring,1
2026-09-20T12:08:58.254Z,tgm/flow-intelligence,da75230161b1c9047e5f617892223767,200,1,1167,monitoring,1
2026-09-20T12:08:59.435Z,tgm/flow-intelligence,b5211f3b3e2a6d202d6df939336b101c,200,1,1180,monitoring,1
2026-09-20T12:09:00.227Z,tgm/who-bought-sold,da979f56a5f6086db8c0512e0b6ad035,200,1,780,monitoring,1
2026-09-20T12:09:01.778Z,tgm/flow-intelligence,08e53a040bb1e54a9d23fb4badd44c37,200,1,1548,monitoring,1
2026-09-20T12:09:04.341Z,tgm/flow-intelligence,ae077867bfbfbf5975be3216e1468f02,200,1,5634,investigation,1
2026-09-20T12:09:04.342Z,tgm/token-ohlcv,d7c4c83c39751102ab2d4a45b16dde78,200,1,2562,monitoring,1
2026-09-20T12:09:05.203Z,tgm/flow-intelligence,1df26321ac43056c44f91b7b2648641d,200,1,861,investigation,1
2026-09-20T12:09:05.484Z,tgm/flow-intelligence,411764080ee17d13d914734abbc55201,200,1,1141,monitoring,1
2026-09-20T12:09:06.013Z,tgm/flow-intelligence,681aca381ca50c2d4f28734a1458f71a,200,1,808,investigation,1
2026-09-20T12:09:06.579Z,tgm/flow-intelligence,9d6a5c43fd229b295526664f7dae3b63,200,1,1094,monitoring,1
2026-09-20T12:09:06.813Z,tgm/flow-intelligence,c9544e2ede175c2a414466755557954b,200,1,800,investigation,1
2026-09-20T12:09:07.550Z,tgm/who-bought-sold,529db2534c6d8e38bdd7b60b6f54eb0a,200,1,964,monitoring,1
2026-09-20T12:09:07.567Z,tgm/flow-intelligence,1f34d5744440600bc7a9c83b59022a38,200,1,749,investigation,1
2026-09-20T12:09:07.914Z,tgm/flow-intelligence,3f14ab64bd96c1185d91f43b0ebd1f4d,200,1,354,monitoring,1
2026-09-20T12:09:08.502Z,tgm/flow-intelligence,ed63fb6da56b73177f2be0793f01ae41,200,1,933,investigation,1
2026-09-20T12:09:08.829Z,tgm/token-ohlcv,e0444a53db3b1b2604ac9f101f59f537,200,1,908,monitoring,1
2026-09-20T12:09:10.248Z,tgm/flows,de8cbc119b57b91e5a762e6d765f9950,200,1,1677,investigation,1
2026-09-20T12:09:10.745Z,tgm/flow-intelligence,df32c1181d2a3a3e4263800078d2037c,200,1,1912,monitoring,1
2026-09-20T12:09:11.120Z,tgm/who-bought-sold,f0806c3d75035c28282961587bca8a28,200,1,863,investigation,1
2026-09-20T12:09:11.131Z,tgm/flow-intelligence,8dca6307c35b9876c82a1b27cb719a40,200,1,380,monitoring,1
2026-09-20T12:09:12.342Z,tgm/who-bought-sold,30e07a112ec718110095b84ff6a8d06a,200,1,1208,monitoring,1
2026-09-20T12:09:12.643Z,tgm/token-ohlcv,4d09b076e19ed05a03ee5e16e4c62926,200,1,1514,investigation,1
2026-09-20T12:09:14.590Z,tgm/flow-intelligence,c477385e273899449ab87335b6ac0d0d,200,1,1008,investigation,1
2026-09-20T12:09:15.575Z,tgm/flow-intelligence,18fbfb43c5e1813d272661488d546045,200,1,831,investigation,1
2026-09-20T12:09:16.345Z,tgm/flow-intelligence,fb6d236ff4648e26adc4e21c91316276,200,1,767,investigation,1
2026-09-20T12:09:17.457Z,tgm/flow-intelligence,b838c33cbd4162018be2d54ad1271149,200,1,1109,investigation,1
2026-09-20T12:09:18.061Z,tgm/flow-intelligence,f76e7d0d14e508053feccb7c141aa23f,200,1,603,investigation,1
2026-09-20T12:09:19.050Z,tgm/flow-intelligence,2c83111b4bc4c17fbe4fd73913ec5e0c,200,1,988,investigation,1
2026-09-20T12:09:20.265Z,tgm/flows,2c587658d5dfe92585b46829f311eb31,200,1,1152,investigation,1
2026-09-20T12:09:21.013Z,tgm/who-bought-sold,3ac34770b78ac419c6d04b4d339da772,200,1,732,investigation,1
2026-09-20T12:09:22.049Z,tgm/token-ohlcv,cb3729015267a849f0901f40151b143f,200,1,965,investigation,1
2026-09-20T12:09:29.706Z,tgm/flow-intelligence,67409f50e44a8f4b38208a467a68153a,200,1,6284,investigation,1
2026-09-20T12:09:30.684Z,tgm/flow-intelligence,2cf2da6dae122a3e4716730fb812f05a,200,1,973,investigation,1
2026-09-20T12:09:34.104Z,tgm/flow-intelligence,4cbf2e7cc8ee357187cb9053da1e8874,200,1,3415,investigation,1
2026-09-20T12:09:44.934Z,tgm/flow-intelligence,1da1d41f8e778e0f651546544dfef930,200,1,10825,investigation,1
2026-09-20T12:09:45.336Z,tgm/flow-intelligence,1442a628b4673653e397213534a3281b,200,1,400,investigation,1
2026-09-20T12:09:45.969Z,tgm/flow-intelligence,112df83d8d5845313040fc7238207e48,200,1,631,investigation,1
2026-09-20T12:09:54.303Z,tgm/flows,ce8cf2400cab8a539e3f005115cb842e,200,1,8331,investigation,1
2026-09-20T12:09:55.877Z,tgm/who-bought-sold,05eee41fa2333d1b8c51e17819428937,200,1,1571,investigation,1
2026-09-20T12:09:57.310Z,tgm/token-ohlcv,96fd42365d8a1737076c5617dc72444c,200,1,1339,investigation,1
2026-09-20T12:10:13.301Z,tgm/flow-intelligence,8c88c6743543fa7382f2cd16d9ee4a58,200,1,910,monitoring,1
2026-09-20T12:10:14.038Z,tgm/token-ohlcv,f3fc8863cb64cc280dd81a5972b9775a,200,1,732,monitoring,1
2026-09-20T12:10:14.919Z,tgm/flow-intelligence,dde9f83c479d380d5a6fe12e6972bf31,200,1,878,monitoring,1
2026-09-20T12:10:15.292Z,tgm/flow-intelligence,b70d882676dae30e1ff6d47817a40113,200,1,370,monitoring,1
2026-09-20T12:10:16.736Z,tgm/who-bought-sold,ae04e36d8d870d5b30f06341d96bf541,200,1,1163,monitoring,1
2026-09-20T12:10:17.114Z,tgm/flow-intelligence,ba048d55d1e13e325ee28b1e9133da34,200,1,374,monitoring,1
2026-09-20T12:10:18.976Z,tgm/token-ohlcv,331ad346dc9ed3163a747e598572b200,200,1,1861,monitoring,1
2026-09-20T12:10:19.683Z,tgm/flow-intelligence,eb658b0fe7032540fc866431e9784d11,200,1,705,monitoring,1
2026-09-20T12:10:20.379Z,tgm/flow-intelligence,c3a0ee2df169e75a4757c13465c8f65d,200,1,695,monitoring,1
2026-09-20T12:10:21.144Z,tgm/who-bought-sold,d14fd400fe94d656a9e99e3b9c1a6c18,200,1,752,monitoring,1
2026-09-20T12:10:26.090Z,tgm/flow-intelligence,82a2467a423eeb2b5441a60321441c68,200,1,4938,monitoring,1
2026-09-20T12:10:26.817Z,tgm/token-ohlcv,5e88b8369c444b666fa08238763a1310,200,1,726,monitoring,1
2026-09-20T12:10:27.803Z,tgm/flow-intelligence,03c3c169305e6e0f78c9d36b9f2a201f,200,1,985,monitoring,1
2026-09-20T12:10:28.630Z,tgm/flow-intelligence,dfd9e34919af0a1d441e1276d7f97f76,200,1,826,monitoring,1
2026-09-20T12:10:29.134Z,tgm/who-bought-sold,c455e026db96f44cc53d233375f9173f,200,1,491,monitoring,1
2026-09-20T12:10:31.623Z,tgm/flow-intelligence,154c7535991412597e501e62d9a1555c,200,1,2485,monitoring,1
2026-09-20T12:10:32.198Z,tgm/token-ohlcv,370d452b26455438530f64710aff163c,200,1,572,monitoring,1
2026-09-20T12:10:33.212Z,tgm/flow-intelligence,72e4dc5ef56a6e789378683aa9f1210a,200,1,1013,monitoring,1
2026-09-20T12:10:33.813Z,tgm/flow-intelligence,8f2d996b5127cb21722bae192b472b63,200,1,600,monitoring,1
2026-09-20T12:10:34.904Z,tgm/who-bought-sold,5d6d7d327f2ba40da0bd5e72e1f8521b,200,1,1059,monitoring,1
2026-09-20T12:10:38.001Z,tgm/flow-intelligence,dbba33746f6de66f8a7eb635e1d08823,200,1,3091,monitoring,1
2026-09-20T12:10:39.874Z,tgm/token-ohlcv,ee2d0434742d68275b9b44765b9f4b46,200,1,756,monitoring,1
2026-09-20T12:10:43.307Z,tgm/flow-intelligence,87191731d1e2a706e69ac84ceb16437b,200,1,3338,monitoring,1
2026-09-20T12:10:44.491Z,tgm/flow-intelligence,7b8d37776308a64943d5936ebe46bf6c,200,1,1162,monitoring,1
2026-09-20T12:10:45.494Z,tgm/who-bought-sold,004af6021813ac2af5ff12199b114b73,200,1,992,monitoring,1
2026-09-20T12:10:45.925Z,tgm/flow-intelligence,41ecb56c5aabad20c7fda74f4c459e1e,200,1,392,monitoring,1
2026-09-20T12:10:48.515Z,tgm/token-ohlcv,5d648c279bb9d046e5925d0de13e1c27,200,1,2589,monitoring,1
2026-09-20T12:10:52.767Z,tgm/flow-intelligence,4e233e12ad20fe20f1a68458f1cbc518,200,1,4161,monitoring,1
2026-09-20T12:10:54.133Z,tgm/flow-intelligence,f055b817afcc9d2cf3acb96cf2e6a659,200,1,1363,monitoring,1
2026-09-20T12:11:08.169Z,tgm/who-bought-sold,bef13c63ce838b70030e6164ae47f57a,200,1,14023,monitoring,1
2026-09-20T12:11:08.643Z,tgm/flow-intelligence,27f29005417322010c9dd906c9074703,200,1,463,monitoring,1
2026-09-20T12:11:10.353Z,tgm/token-ohlcv,063d7e029076c630162b5b0d52a0a857,200,1,1709,monitoring,1
2026-09-20T12:11:10.738Z,tgm/flow-intelligence,fa0e213e595149791ae5551fed725524,200,1,383,monitoring,1
2026-09-20T12:11:11.917Z,tgm/token-ohlcv,e742313985cd902e73df116180776308,200,1,1177,monitoring,1
2026-09-20T12:11:12.751Z,tgm/flow-intelligence,e64b58002bbf1077f9c99b29a11a8f7d,200,1,831,monitoring,1
2026-09-20T12:11:13.909Z,tgm/token-ohlcv,17b6581e3c7e1e2b4365ac7e949c7d2a,200,1,1155,monitoring,1
2026-09-20T12:11:16.953Z,tgm/flow-intelligence,ec59df18cb372a059fb89549d0314a5a,200,1,3036,monitoring,1
2026-09-20T12:11:21.224Z,tgm/token-ohlcv,7368f109da31735c2fde3e31893c6407,200,1,4270,monitoring,1
2026-09-20T12:11:22.097Z,tgm/flow-intelligence,aa6e76193609dd1b0b2589437145f140,200,1,872,monitoring,1
2026-09-20T12:11:23.129Z,tgm/flow-intelligence,64192d18dbbb90092c811c24ea592f6b,200,1,1029,monitoring,1
2026-09-20T12:11:24.170Z,tgm/who-bought-sold,ec42d77ee2c43e5e5ff805213b06296e,200,1,1039,monitoring,1
2026-09-20T12:11:26.029Z,tgm/flow-intelligence,98018f44540afc14f9ad68087f739b7d,200,1,1852,monitoring,1
2026-09-20T12:11:28.872Z,tgm/token-ohlcv,6f25e94c7ed22c312638f94f07277811,200,1,2572,monitoring,1
2026-09-20T12:11:30.387Z,tgm/flow-intelligence,28160f518bf1842b3ffb0e3670239852,200,1,1508,monitoring,1
2026-09-20T12:11:31.139Z,tgm/token-ohlcv,941a23611fc5f3752753e76244a5274e,200,1,751,monitoring,1
2026-09-20T12:11:31.669Z,tgm/flow-intelligence,fe04d2105d4ed576968e107d12cb4d07,200,1,527,monitoring,1
2026-09-20T12:11:33.253Z,tgm/token-ohlcv,65ee1276c61c4537706ab3558883724c,200,1,1582,monitoring,1
2026-09-20T12:11:33.939Z,tgm/flow-intelligence,44bebf3a8518eb426d437d65fcab404e,200,1,681,monitoring,1
2026-09-20T12:11:34.720Z,tgm/token-ohlcv,f63ad201fded280098008a49bc04872c,200,1,780,monitoring,1
2026-09-20T12:11:35.629Z,tgm/flow-intelligence,9c9cd0478faa8360166543665a0a533e,200,1,906,monitoring,1
2026-09-20T12:11:37.246Z,tgm/token-ohlcv,4244b663dfcb924a4d355e4246195c53,200,1,1613,monitoring,1
2026-09-20T12:11:38.002Z,tgm/flow-intelligence,666a571d45fc0729cb17e37e2916cb55,200,1,750,monitoring,1
2026-09-20T12:11:38.517Z,tgm/token-ohlcv,18724c5dd9fe8c62633fd24b3f39ca7c,200,1,514,monitoring,1
2026-09-20T12:11:39.046Z,tgm/flow-intelligence,8b374a1e38c60b2cf6f52c62a6e7c576,200,1,520,monitoring,1
2026-09-20T12:11:40.046Z,tgm/token-ohlcv,ebcfa51b0fc25b22d4c3417a8fff5857,200,1,997,monitoring,1
2026-09-20T12:11:40.487Z,tgm/flow-intelligence,f1fc53232a59707f5b7e39717d349e41,200,1,436,monitoring,1
2026-09-20T12:11:41.411Z,tgm/token-ohlcv,5c7f7a6931bec83f15a2c41a76841620,200,1,922,monitoring,1
2026-09-20T12:12:42.640Z,tgm/flow-intelligence,f56d4333e4e66d0beeee394637e1be08,200,1,1165,monitoring,1
2026-09-20T12:12:43.559Z,tgm/token-ohlcv,79b6ab501df4de58cba6d564b36f506e,200,1,882,monitoring,1
2026-09-20T12:12:44.340Z,tgm/flow-intelligence,23db4c147a3c9c3db6cf637ab47eab20,200,1,776,monitoring,1
2026-09-20T12:12:45.335Z,tgm/token-ohlcv,bfc512100b256836453baf3a283ee95e,200,1,993,monitoring,1
2026-09-20T12:12:46.068Z,tgm/flow-intelligence,49f06348c2961d0a4b65c4503e5ea77b,200,1,730,monitoring,1
2026-09-20T12:12:46.985Z,tgm/token-ohlcv,17ecc45b3be7ad23de106650edd63466,200,1,914,monitoring,1
2026-09-20T12:12:47.589Z,tgm/flow-intelligence,e1add558eeea5a652ae3706cff122040,200,1,404,monitoring,1
2026-09-20T12:12:48.608Z,tgm/token-ohlcv,9433521767c1ca46876cd8098a950d33,200,1,1017,monitoring,1
2026-09-20T12:12:49.130Z,tgm/flow-intelligence,422c0157b0e7615814448b3b2efa926d,200,1,520,monitoring,1
2026-09-20T12:12:50.189Z,tgm/token-ohlcv,01987d04234575385b5d1c4a56086f47,200,1,1058,monitoring,1
2026-09-20T12:12:50.820Z,tgm/flow-intelligence,4bbe9f799c8e492a099bd632dff1f110,200,1,627,monitoring,1
2026-09-20T12:12:51.684Z,tgm/token-ohlcv,2f58932e16232353e7f3da712387967b,200,1,714,monitoring,1
2026-09-20T12:12:52.420Z,tgm/flow-intelligence,6c934b021ec5a658da3bc21ecbd7902e,200,1,733,monitoring,1
2026-09-20T12:12:53.067Z,tgm/token-ohlcv,aa3a1a3bf9c1dd5a5e344b30b61e8f75,200,1,644,monitoring,1
2026-09-20T12:12:54.660Z,tgm/flow-intelligence,b6435c4241c56b33cce0e179e69bef70,200,1,1590,monitoring,1
2026-09-20T12:12:56.584Z,tgm/token-ohlcv,bb42fd65a48f0a548c6c352a0d787a4e,200,1,1918,monitoring,1
2026-09-20T12:12:57.624Z,tgm/flow-intelligence,fa37e977f242eb18bb07cd6a310a793c,200,1,1037,monitoring,1
2026-09-20T12:12:58.853Z,tgm/token-ohlcv,ea7ae36cad205146d46f540301788219,200,1,1217,monitoring,1
2026-09-20T12:12:59.570Z,tgm/flow-intelligence,16988845412e6128276dff1a55ae4517,200,1,713,monitoring,1
2026-09-20T12:13:00.152Z,tgm/token-ohlcv,7a75974042adc078d29f991654ba8939,200,1,580,monitoring,1
2026-09-20T12:13:01.589Z,tgm/flow-intelligence,e75019482e7ee81645710130865d741c,200,1,1271,monitoring,1
2026-09-20T12:13:02.659Z,tgm/token-ohlcv,94f3a83341df4d1911fa9e72c3f51e28,200,1,1068,monitoring,1
2026-09-20T12:13:03.594Z,tgm/flow-intelligence,462b7e6b22265d0945196845ccbcd33a,200,1,693,monitoring,1
2026-09-20T12:13:04.663Z,tgm/token-ohlcv,22f1291e3998624a4560566e20b4ee1c,200,1,1068,monitoring,1
2026-09-20T12:13:05.540Z,tgm/flow-intelligence,7bffd24476057270bfdf694fdd94931c,200,1,875,monitoring,1
2026-09-20T12:13:06.177Z,tgm/token-ohlcv,bfba9e2d5e670e5c05ba451f52844d67,200,1,634,monitoring,1
2026-09-20T12:13:06.797Z,tgm/flow-intelligence,08315436af8fb14eefd314788430277b,200,1,426,monitoring,1
2026-09-20T12:13:08.122Z,tgm/token-ohlcv,86123744c659332fc0defd4d39b05f6b,200,1,1324,monitoring,1
2026-09-20T12:13:08.714Z,tgm/flow-intelligence,8a256438db72e64712ce0e1e90147803,200,1,354,monitoring,1
2026-09-20T12:13:09.912Z,tgm/token-ohlcv,e1462d1302fd802066addd1d01563c51,200,1,1140,monitoring,1
2026-09-20T12:14:11.804Z,tgm/flow-intelligence,3f49572ad6c8b65bc3e4fd5a65c3764c,200,1,1827,monitoring,1
2026-09-20T12:14:12.542Z,tgm/token-ohlcv,7296026ed4543520b512747b5eec1e0b,200,1,735,monitoring,1
2026-09-20T12:14:13.053Z,tgm/flow-intelligence,13aebf2ea2143c18096b82289b46bb50,200,1,508,monitoring,1
2026-09-20T12:14:14.821Z,tgm/token-ohlcv,16c6553b0d14ea2c45fa73776df6e737,200,1,1764,monitoring,1
2026-09-20T12:14:15.295Z,tgm/flow-intelligence,a5a0811dae2f872cdb025a036880ca37,200,1,470,monitoring,1
2026-09-20T12:14:15.935Z,tgm/token-ohlcv,7d4e58696603d84272a84832553dd055,200,1,638,monitoring,1
2026-09-20T12:17:18.716Z,tgm/flow-intelligence,57df7c3ccadc13546c451763e38e4c76,200,1,2641,monitoring,1
2026-09-20T12:17:19.730Z,tgm/token-ohlcv,eb633028999fce5a63836c58e47d2d63,200,1,993,monitoring,1
2026-09-20T12:17:20.241Z,tgm/flow-intelligence,e9b91058d2e8e8585431386e99c1674a,200,1,506,monitoring,1
2026-09-20T12:17:21.369Z,tgm/token-ohlcv,43b8f408a904ef7bfb91fe6f2f1c2531,200,1,1123,monitoring,1
2026-09-20T12:17:21.879Z,tgm/flow-intelligence,41f1804752516b747026f438831e1307,200,1,501,monitoring,1
2026-09-20T12:17:23.243Z,tgm/token-ohlcv,84164d21ba8ece315dba05648025ce21,200,1,1356,monitoring,1
2026-09-20T12:17:24.085Z,tgm/flow-intelligence,7518fd639c86544ba036660ce9460408,200,1,836,monitoring,1
2026-09-20T12:17:24.790Z,tgm/token-ohlcv,a2a9e648b0405c52b41e3978b94c1866,200,1,696,monitoring,1
2026-09-20T12:17:25.539Z,tgm/flow-intelligence,b5de9a0a0979b76a9e00a91f7bd75f6f,200,1,737,monitoring,1
2026-09-20T12:17:26.327Z,tgm/token-ohlcv,a8fdff1721d1c83ec63c0d409ed75229,200,1,785,monitoring,1
2026-09-20T12:17:27.282Z,tgm/flow-intelligence,d3380f5e0ef94a3e7b6fb30377aace2d,200,1,951,monitoring,1
2026-09-20T12:17:28.248Z,tgm/token-ohlcv,5078fc3b7cdd9e06d700ae46d7720570,200,1,963,monitoring,1
2026-09-20T12:17:28.669Z,tgm/flow-intelligence,46a40d49c9c8c3543e60eb2891ef6d62,200,1,418,monitoring,1
2026-09-20T12:17:29.329Z,tgm/token-ohlcv,fe911278927e437d65c2643e8fbd6d7d,200,1,656,monitoring,1
2026-09-20T12:18:30.518Z,tgm/flow-intelligence,d5501206c8845d554beea95a3f174d51,200,1,1087,monitoring,1
2026-09-20T12:18:31.332Z,tgm/token-ohlcv,d024940d5d24aa4cd6382e248dd9781b,200,1,786,monitoring,1
2026-09-20T12:18:32.205Z,tgm/flow-intelligence,580efb67745508173e487b0f71864f3d,200,1,859,monitoring,1
2026-09-20T12:18:33.349Z,tgm/token-ohlcv,41ab6f7d0d94d57a41360a5311d0030b,200,1,1142,monitoring,1
2026-09-20T12:18:34.181Z,tgm/flow-intelligence,c3c800302ad95463d07982056267803d,200,1,827,monitoring,1
2026-09-20T12:18:34.984Z,tgm/token-ohlcv,95e72a79d2ce006464351c42b843e672,200,1,799,monitoring,1
2026-09-20T12:18:35.510Z,tgm/flow-intelligence,30135e7044d14d046220f24d8dc3fe0d,200,1,520,monitoring,1
2026-09-20T12:18:36.398Z,tgm/token-ohlcv,75282c341016526592913b28599d692b,200,1,792,monitoring,1
2026-09-20T12:18:37.189Z,tgm/flow-intelligence,efd6852618862f2ad413b414fedec052,200,1,444,monitoring,1
2026-09-20T12:18:37.771Z,tgm/token-ohlcv,7c081f4bf63bb62805b86640f1304b7f,200,1,567,monitoring,1
2026-09-20T12:18:38.183Z,tgm/flow-intelligence,0652080e9749a2684bceb42a688bc606,200,1,406,monitoring,1
2026-09-20T12:18:38.892Z,tgm/token-ohlcv,6ed7593e8f510578ac70915dde82ce60,200,1,708,monitoring,1
2026-09-20T12:18:39.313Z,tgm/flow-intelligence,fa3b66041a11320c289c7a49a1377047,200,1,416,monitoring,1
2026-09-20T12:18:40.305Z,tgm/token-ohlcv,08fc942cc428530748c8ab1a0e4e9d3a,200,1,989,monitoring,1
2026-09-20T12:19:41.495Z,tgm/flow-intelligence,5695f81bdda0c369c5571b73014d2d32,200,1,1140,monitoring,1
2026-09-20T12:19:42.425Z,tgm/token-ohlcv,c9ee5f24e16bc57651930339df85a24d,200,1,928,monitoring,1
2026-09-20T12:19:42.932Z,tgm/flow-intelligence,2ae4c67c71b4c259d1601a52d8993e58,200,1,502,monitoring,1
2026-09-20T12:19:43.790Z,tgm/token-ohlcv,022f5f526c8bcb056b9e534dda796b5b,200,1,849,monitoring,1
2026-09-20T12:19:44.212Z,tgm/flow-intelligence,5bbbef2ef0f922699f8c8765a884776b,200,1,417,monitoring,1
2026-09-20T12:19:44.822Z,tgm/token-ohlcv,0e4a3749e6678f0bd42ae4536375b241,200,1,609,monitoring,1
2026-09-20T12:19:45.252Z,tgm/flow-intelligence,00367629bb43c71c5b9839150265d57b,200,1,412,monitoring,1
2026-09-20T12:19:46.070Z,tgm/token-ohlcv,a8eae65dac08bc25d9dd6d3a6c0a0650,200,1,815,monitoring,1
2026-09-20T12:19:46.644Z,tgm/flow-intelligence,d50fc33de50c1701331ad509e459fa06,200,1,568,monitoring,1
2026-09-20T12:19:48.603Z,tgm/token-ohlcv,de5cfa726e43651f55777d7a8647e150,200,1,1957,monitoring,1
2026-09-20T12:19:48.999Z,tgm/flow-intelligence,1cf839046a12333198c54f4f2e41d43f,200,1,391,monitoring,1
2026-09-20T12:19:49.600Z,tgm/token-ohlcv,ea256a4dd92e63269acb566e8e5d8328,200,1,598,monitoring,1
2026-09-20T12:19:50.353Z,tgm/flow-intelligence,87f70553d70e870bc3f1cd1d4a9d456a,200,1,748,monitoring,1
2026-09-20T12:19:51.134Z,tgm/token-ohlcv,0708ef1f863c2b44ce881e7123002924,200,1,780,monitoring,1
2026-09-20T12:19:52.013Z,tgm/flow-intelligence,9078e257b89afe01d21c996b29e6bb0e,200,1,877,monitoring,1
2026-09-20T12:19:52.765Z,tgm/token-ohlcv,91287817766b0d79edee6a10f6968947,200,1,718,monitoring,1
2026-09-20T12:20:53.987Z,tgm/flow-intelligence,be6240109e192c4e9854495cf2810740,200,1,1146,monitoring,1
2026-09-20T12:20:54.766Z,tgm/token-ohlcv,a12e9d5d49d63a29d7533663a02e8d5a,200,1,774,monitoring,1
2026-09-20T12:20:55.381Z,tgm/flow-intelligence,d389327d630ab21807a2827d40d7b108,200,1,608,monitoring,1
2026-09-20T12:20:56.496Z,tgm/token-ohlcv,96c86766f0ba436ff9d67752898b314c,200,1,1109,monitoring,1
2026-09-20T12:20:56.988Z,tgm/flow-intelligence,f80a47725026a6364be6c648cc94796f,200,1,489,monitoring,1
2026-09-20T12:20:57.540Z,tgm/token-ohlcv,558d697afb4e70366b8b1e11d35c4b41,200,1,545,monitoring,1
2026-09-20T12:20:58.038Z,tgm/flow-intelligence,93b5ce7c83dedf3af35aca6575f2676c,200,1,495,monitoring,1
2026-09-20T12:20:58.727Z,tgm/token-ohlcv,b9fb403abe4112576722ea566d53ac18,200,1,687,monitoring,1
2026-09-20T12:20:59.228Z,tgm/flow-intelligence,a7ea3b0f59bd392255fe477e5a1b945e,200,1,498,monitoring,1
2026-09-20T12:21:00.058Z,tgm/token-ohlcv,ac458368616a7376553e1c30f77c0847,200,1,828,monitoring,1
2026-09-20T12:21:00.483Z,tgm/flow-intelligence,c7e6f357e18118235badbb333b6ccb1f,200,1,408,monitoring,1
2026-09-20T12:21:01.041Z,tgm/token-ohlcv,45bad03c97ef8d4b5b7a72330bf7693e,200,1,546,monitoring,1
2026-09-20T12:22:01.970Z,tgm/flow-intelligence,4df9490a21bc601269bb730b72342772,200,1,856,monitoring,1
2026-09-20T12:22:02.975Z,tgm/token-ohlcv,ba6f525f5e54ac25d1daf53ec25fe651,200,1,1000,monitoring,1
2026-09-20T12:22:03.740Z,tgm/flow-intelligence,43ca562389b3546592f8205dade6da56,200,1,756,monitoring,1
2026-09-20T12:22:04.903Z,tgm/token-ohlcv,a5d73c60715b807c19a7ea4476f31013,200,1,1150,monitoring,1
2026-09-20T12:22:05.962Z,tgm/flow-intelligence,ac1d674fe28e2f290aaa2e2313f2d02c,200,1,1051,monitoring,1
2026-09-20T12:22:07.050Z,tgm/token-ohlcv,2cc0f30a080cca3e85e0e26598eddc1a,200,1,1085,monitoring,1
2026-09-20T12:22:07.439Z,tgm/flow-intelligence,8c524c0f8552706e8fe3ac05ce50ce0d,200,1,381,monitoring,1
2026-09-20T12:22:07.938Z,tgm/token-ohlcv,db1d16672f35ae51dcda6201c24ce85e,200,1,493,monitoring,1
2026-09-20T12:22:08.321Z,tgm/flow-intelligence,eae77577972d7c0a0af7a974a87c6660,200,1,376,monitoring,1
2026-09-20T12:22:09.033Z,tgm/token-ohlcv,2501430162e31546bd08c95450cd8b71,200,1,614,monitoring,1
2026-09-20T12:22:09.428Z,tgm/flow-intelligence,43ae5b1813e0f561f2f21f68995f372b,200,1,387,monitoring,1
2026-09-20T12:22:10.052Z,tgm/token-ohlcv,86c1b835bf8c7f211e6d145e0eb7e77c,200,1,612,monitoring,1
2026-09-20T12:22:10.424Z,tgm/flow-intelligence,d6ee8618dfd28c0f19877e1ec8bebd3b,200,1,367,monitoring,1
2026-09-20T12:22:10.973Z,tgm/token-ohlcv,99dca92fe1e5cb45a7bbaa3d6fcb3048,200,1,546,monitoring,1
2026-09-20T12:22:12.004Z,tgm/flow-intelligence,2beb37519f5ea85e9306474bba61881b,200,1,1028,monitoring,1
2026-09-20T12:22:12.552Z,tgm/token-ohlcv,da79da404660783ac7df5e533011d85a,200,1,535,monitoring,1
2026-09-20T12:22:12.952Z,tgm/flow-intelligence,7d19db2f33c1ed4e010bf217b72d7558,200,1,392,monitoring,1
2026-09-20T12:22:13.638Z,tgm/token-ohlcv,c517520b9711f9556d90806e15e4f179,200,1,680,monitoring,1
2026-09-20T12:22:14.015Z,tgm/flow-intelligence,183ae63185daca34b97f602cdd51383d,200,1,367,monitoring,1
2026-09-20T12:22:14.627Z,tgm/token-ohlcv,c414865b1681f16222680076fbe5be3c,200,1,608,monitoring,1
2026-09-20T12:22:15.027Z,tgm/flow-intelligence,dd36061ce8f5ad4e8f56307afa22ca26,200,1,392,monitoring,1
2026-09-20T12:22:15.789Z,tgm/token-ohlcv,0e068f69818c5a3188bcf550d21a1545,200,1,757,monitoring,1
2026-09-20T12:22:16.201Z,tgm/flow-intelligence,4340a5199f573d2219e3192f9ced4912,200,1,404,monitoring,1
2026-09-20T12:22:16.845Z,tgm/token-ohlcv,a4cae5690cc2fa5f735a580b3e95f774,200,1,637,monitoring,1
2026-09-20T12:22:17.255Z,tgm/flow-intelligence,6d59f22138e8cb2cec3077356bc13c09,200,1,406,monitoring,1
2026-09-20T12:22:17.827Z,tgm/token-ohlcv,6ea54a03b2b26757816db43dd1c3804a,200,1,571,monitoring,1
2026-09-20T12:22:18.297Z,tgm/flow-intelligence,0c85cd2500522075ace517437a2a1829,200,1,464,monitoring,1
2026-09-20T12:22:18.868Z,tgm/token-ohlcv,39e6764c0cc77770377e8b2052cc7e0b,200,1,567,monitoring,1
2026-09-20T12:22:19.682Z,tgm/flow-intelligence,83f7f3101f5f7a5e3accd14988cd4e59,200,1,803,monitoring,1
2026-09-20T12:22:20.215Z,tgm/token-ohlcv,ecdda67336261521bca0c56bb7dd2a0f,200,1,531,monitoring,1
2026-09-20T12:22:20.587Z,tgm/flow-intelligence,e1df712eea339574ab42a575a1096d4b,200,1,369,monitoring,1
2026-09-20T12:22:21.181Z,tgm/token-ohlcv,fa236a4db365116635791428987eda3d,200,1,591,monitoring,1
2026-09-20T12:23:22.017Z,tgm/flow-intelligence,8c2765500f51fb3068f36715955add57,200,1,782,monitoring,1
2026-09-20T12:23:22.643Z,tgm/token-ohlcv,4c96ba27472215533aec6c564efd6040,200,1,617,monitoring,1
2026-09-20T12:23:23.017Z,tgm/flow-intelligence,a02b911e42e6240b535cd34d09f07c69,200,1,346,monitoring,1
2026-09-20T12:23:23.658Z,tgm/token-ohlcv,1aaf3e18acf7f752fbbbfa087b6bfe1e,200,1,620,monitoring,1
2026-09-20T12:23:24.043Z,tgm/flow-intelligence,ef76ed265a80c467e390904e3b0da84e,200,1,381,monitoring,1
2026-09-20T12:23:24.713Z,tgm/token-ohlcv,b72d1c6d46206019e8957977504d4240,200,1,666,monitoring,1
2026-09-20T12:23:26.046Z,tgm/flow-intelligence,59206f3ac597c3537594cd637c71790c,200,1,327,monitoring,1
2026-09-20T12:23:26.624Z,tgm/token-ohlcv,204f7a4472093e5624d84c03d77c9631,200,1,577,monitoring,1
2026-09-20T12:23:27.090Z,tgm/flow-intelligence,b0478c762d8b21405bd8f55fb5ff707c,200,1,461,monitoring,1
2026-09-20T12:23:27.705Z,tgm/token-ohlcv,a83d033a794572037d8a272d6a2e5046,200,1,613,monitoring,1
2026-09-20T12:23:28.318Z,tgm/flow-intelligence,c37cac6d5ea35528d5bde20154eade29,200,1,609,monitoring,1
2026-09-20T12:23:28.944Z,tgm/token-ohlcv,a7d3b25b98451c31c929fa453b5be73b,200,1,616,monitoring,1
2026-09-20T12:23:29.498Z,tgm/flow-intelligence,8fad821636b8ff7573b65c6c532a2f04,200,1,547,monitoring,1
2026-09-20T12:23:30.141Z,tgm/token-ohlcv,7c60463952aa9c54655f7f3d249e4973,200,1,640,monitoring,1
2026-09-20T12:23:30.490Z,tgm/flow-intelligence,f56410431efbce411a01c65c25973328,200,1,343,monitoring,1
2026-09-20T12:23:31.051Z,tgm/token-ohlcv,a8f75966249bc7241404eb034fcb0c42,200,1,510,monitoring,1
2026-09-20T12:23:31.426Z,tgm/flow-intelligence,7e683d62269eec4ebc13676a0e16c078,200,1,368,monitoring,1
2026-09-20T12:23:31.969Z,tgm/token-ohlcv,2a07014ac9c98848bd3e690b34244c35,200,1,542,monitoring,1
2026-09-20T12:23:32.338Z,tgm/flow-intelligence,8a2dd9515c3dfa76dea6a447470ebd27,200,1,365,monitoring,1
2026-09-20T12:23:32.853Z,tgm/token-ohlcv,2c69ff00262acc18db73b33ca3a70246,200,1,511,monitoring,1
2026-09-20T12:23:33.198Z,tgm/flow-intelligence,c6f2ad4c163c1215752ffd6d23afe55e,200,1,341,monitoring,1
2026-09-20T12:23:34.318Z,tgm/token-ohlcv,fbbe77606623aa171010f43025c6782a,200,1,1088,monitoring,1
2026-09-20T12:23:34.649Z,tgm/flow-intelligence,05d31a1f38d1d24c2490a555ecb6583e,200,1,327,monitoring,1
2026-09-20T12:23:35.412Z,tgm/token-ohlcv,9e63e4796cc9b4487c92f0432991bd4b,200,1,761,monitoring,1
2026-09-20T12:24:36.532Z,tgm/flow-intelligence,6230f14886a11723aad32f17e53e3779,200,1,1069,monitoring,1
2026-09-20T12:24:37.029Z,tgm/token-ohlcv,e06ba110e8bce003cba80468e3982449,200,1,495,monitoring,1
2026-09-20T12:25:40.007Z,tgm/flow-intelligence,00f90e33b23fc66cea14292d93f5c375,200,1,956,monitoring,1
2026-09-20T12:25:40.826Z,tgm/token-ohlcv,981f9c7f19e64f7b7e4e347923ce7665,200,1,814,monitoring,1
2026-09-20T12:25:41.289Z,tgm/flow-intelligence,67830f32ea62a62e8bb5285b3d5d6c0e,200,1,459,monitoring,1
2026-09-20T12:25:41.914Z,tgm/token-ohlcv,cb77cb0ffd215969cff5a76e53aa6702,200,1,610,monitoring,1
2026-09-20T12:25:42.309Z,tgm/flow-intelligence,e4a32c59ff94133b8ded5376d4f69951,200,1,388,monitoring,1
2026-09-20T12:25:43.311Z,tgm/token-ohlcv,fe59122d1967b27b76a33c06109ad82f,200,1,997,monitoring,1
2026-09-20T12:25:43.710Z,tgm/flow-intelligence,8624920630e04e5a539a3703d5696439,200,1,391,monitoring,1
2026-09-20T12:25:44.489Z,tgm/token-ohlcv,bcfb202e2cf9ed6289f887536c2fa244,200,1,770,monitoring,1
2026-09-20T12:29:54.068Z,tgm/flow-intelligence,27795a20a1f3585367d18264a413e266,200,1,9359,monitoring,1
2026-09-20T12:29:54.919Z,tgm/token-ohlcv,3a73436cabd1c314a7b372410ff47170,200,1,848,monitoring,1
2026-09-20T12:29:55.296Z,tgm/flow-intelligence,078ecd5bb3cc5537af2d213a5c16a00e,200,1,371,monitoring,1
2026-09-20T12:29:55.805Z,tgm/token-ohlcv,86f7ce74f24c8b02b8b734137b744b1f,200,1,507,monitoring,1
2026-09-20T12:29:57.031Z,tgm/flow-intelligence,49b4033eba5e59224113e6591a840e44,200,1,1212,monitoring,1
2026-09-20T12:29:57.774Z,tgm/token-ohlcv,16b06c1eb0a7c97e6022fe048a9dfe5d,200,1,737,monitoring,1
2026-09-20T12:29:58.199Z,tgm/flow-intelligence,5d07d46060922d4e52830b40c3658257,200,1,418,monitoring,1
2026-09-20T12:29:58.701Z,tgm/token-ohlcv,bdfdc27b2e8f563fb9c0b77898470063,200,1,496,monitoring,1
2026-09-20T12:29:59.127Z,tgm/flow-intelligence,9694b37003814f5c45ffaa0b7ef3366e,200,1,417,monitoring,1
2026-09-20T12:29:59.741Z,tgm/token-ohlcv,e13e991764ce236f01e49135d9eac914,200,1,609,monitoring,1
2026-09-20T12:30:00.070Z,tgm/flow-intelligence,d4fcc530120a9a5ce336b77131049a11,200,1,325,monitoring,1
2026-09-20T12:30:00.541Z,tgm/token-ohlcv,5ff9a00ac5ea95343544f957bf254b54,200,1,461,monitoring,1
2026-09-20T12:30:03.150Z,tgm/flow-intelligence,1646645c7eaf5b55aebfe01a687c2d53,200,1,2542,monitoring,1
2026-09-20T12:30:03.738Z,tgm/token-ohlcv,60732c05441544114e7dfd297bee502f,200,1,585,monitoring,1
2026-09-20T12:31:12.613Z,tgm/flow-intelligence,4e44470ae55c8f4d44e1f0732035e07d,200,1,8750,monitoring,1
2026-09-20T12:31:13.254Z,tgm/token-ohlcv,6f575c06ac5b0b3ebbf4bf54a60d4574,200,1,628,monitoring,1
2026-09-20T12:31:14.018Z,tgm/flow-intelligence,acf51e0fa1955c161ac352001b4d7b15,200,1,758,monitoring,1
2026-09-20T12:31:14.604Z,tgm/token-ohlcv,83ed732a8cf7f013d744102d1e34ae46,200,1,572,monitoring,1
2026-09-20T12:31:15.376Z,tgm/flow-intelligence,686dcf0f9df6ba4720a85800cbe4224c,200,1,764,monitoring,1
2026-09-20T12:31:15.996Z,tgm/token-ohlcv,d9f0642f707fd02432115b43cbe67732,200,1,616,monitoring,1
2026-09-20T12:31:16.678Z,tgm/flow-intelligence,af423d287b2c946821bf2b7e8833a257,200,1,674,monitoring,1
2026-09-20T12:31:17.172Z,tgm/token-ohlcv,a44d5c36fb56d21ac05ee103494b2048,200,1,477,monitoring,1
2026-09-20T12:31:18.283Z,tgm/flow-intelligence,e0d2ed01e1bd623929dca13610245476,200,1,1103,monitoring,1
2026-09-20T12:31:19.187Z,tgm/token-ohlcv,d1d37a364d95235d257d203e7233c821,200,1,883,monitoring,1
2026-09-20T12:31:20.001Z,tgm/flow-intelligence,c7fe8136c8331e1cd826dc0974562b4e,200,1,811,monitoring,1
2026-09-20T12:31:20.515Z,tgm/token-ohlcv,a12409192bad686d39b14568e1ef6b57,200,1,510,monitoring,1
2026-09-20T12:31:21.188Z,tgm/flow-intelligence,5207f74211425e0be8a1c46919067979,200,1,665,monitoring,1
2026-09-20T12:31:21.689Z,tgm/token-ohlcv,d64e0f737084016ebf45886a05f5ea28,200,1,498,monitoring,1
2026-09-20T12:32:23.400Z,tgm/flow-intelligence,b6530d2b770dac40b67eeb3c4f03d054,200,1,1644,monitoring,1
2026-09-20T12:32:24.164Z,tgm/token-ohlcv,3f6bed5acc20ea1db9fd5f3185c3361e,200,1,754,monitoring,1
2026-09-20T12:32:25.374Z,tgm/flow-intelligence,d0b7a027e498d37d02f22830b5db0f53,200,1,1204,monitoring,1
2026-09-20T12:32:26.356Z,tgm/token-ohlcv,6f678204716cd55c8b61f053a4c4f24d,200,1,969,monitoring,1
2026-09-20T12:32:27.265Z,tgm/flow-intelligence,37b5773e13b7ea3ebd358450b3f42b7e,200,1,902,monitoring,1
2026-09-20T12:32:28.633Z,tgm/token-ohlcv,7652c26dd0ce0126be01050d9c84d754,200,1,1361,monitoring,1
2026-09-20T12:32:30.355Z,tgm/flow-intelligence,59a61e5ad77fc63ead4eb246908fb04d,200,1,1719,monitoring,1
2026-09-20T12:32:30.924Z,tgm/token-ohlcv,1d92cc1e2a244f320c17762d4b62625c,200,1,563,monitoring,1
2026-09-20T12:32:31.815Z,tgm/flow-intelligence,96c7005a7d40443dfbfaab53dae33433,200,1,883,monitoring,1
2026-09-20T12:32:32.440Z,tgm/token-ohlcv,31f4c9215b1e3d4d5fe5e86c04837023,200,1,614,monitoring,1
2026-09-20T12:32:33.378Z,tgm/flow-intelligence,792ab04005927b4ff28c671061278b2b,200,1,934,monitoring,1
2026-09-20T12:32:33.962Z,tgm/token-ohlcv,b8cc486f8de8451e5c1af3739facd94d,200,1,578,monitoring,1
2026-09-20T12:32:34.749Z,tgm/flow-intelligence,d3da5368932b19514ce9f2357a8c2009,200,1,784,monitoring,1
2026-09-20T12:32:35.381Z,tgm/token-ohlcv,2cae05061b0fea2301044803a5d8b546,200,1,572,monitoring,1
2026-09-20T12:32:36.520Z,tgm/flow-intelligence,1c801f4b7db82b51e603b271d44c683a,200,1,1135,monitoring,1
2026-09-20T12:32:37.204Z,tgm/token-ohlcv,a5adb6240d2d3e2d3d70b211c64e1c18,200,1,670,monitoring,1
2026-09-20T12:33:42.870Z,tgm/flow-intelligence,703c477dcb5f1c21757a657a3247e847,200,1,5584,monitoring,1
2026-09-20T12:33:43.432Z,tgm/token-ohlcv,df10ac75d42e47099e90455826618546,200,1,560,monitoring,1
2026-09-20T12:34:45.002Z,tgm/flow-intelligence,04e7d450ebcca91264d602510fc73837,200,1,1429,monitoring,1
2026-09-20T12:34:46.209Z,tgm/token-ohlcv,f707b64bc0355174529bb62905ea712f,200,1,1202,monitoring,1
2026-09-20T12:34:47.306Z,tgm/flow-intelligence,db8eff0ce7a67624858d6c33b912cf1c,200,1,1062,monitoring,1
2026-09-20T12:34:51.165Z,tgm/token-ohlcv,e93a1a5a2c0b8211ec04832e5928f160,200,1,3858,monitoring,1
2026-09-20T12:34:52.011Z,tgm/flow-intelligence,4bd4ed1ebe66f5236e9172352177f001,200,1,842,monitoring,1
2026-09-20T12:34:53.230Z,tgm/token-ohlcv,2f611425c2ba34223dd36447fbf7726c,200,1,1210,monitoring,1
2026-09-20T12:34:53.621Z,tgm/flow-intelligence,7fecfe614d2d3d7fcd6e293093496c26,200,1,386,monitoring,1
2026-09-20T12:34:54.147Z,tgm/token-ohlcv,546fda4a0a7b45781f1f9c2d7a0a6c50,200,1,524,monitoring,1
2026-09-20T12:35:56.074Z,tgm/flow-intelligence,06789508c36fca36d81c31023468c138,200,1,1843,monitoring,1
2026-09-20T12:35:56.679Z,tgm/token-ohlcv,4173d6485f335930369eb06cac4d963a,200,1,602,monitoring,1
2026-09-20T12:35:57.465Z,tgm/flow-intelligence,8fedd87b64d74c17a432ac7c1dfb847f,200,1,782,monitoring,1
2026-09-20T12:35:58.193Z,tgm/token-ohlcv,c5c6f969452fe90841049d40b7f1fd2b,200,1,721,monitoring,1
2026-09-20T12:36:59.912Z,tgm/flow-intelligence,a13a102681292846ab8eaa60d56ef36b,200,1,1641,monitoring,1
2026-09-20T12:37:01.158Z,tgm/token-ohlcv,6633c91f85bd8a37cfb9a423df15080a,200,1,1241,monitoring,1
2026-09-20T12:38:02.978Z,tgm/flow-intelligence,9ca5d15102d74770b40b1037ce8c757a,200,1,1753,monitoring,1
2026-09-20T12:38:04.108Z,tgm/token-ohlcv,3120f555b0174a105f3e644c17271b15,200,1,1119,monitoring,1
2026-09-20T12:38:04.991Z,tgm/flow-intelligence,be9a962a5131897b94547d28b18aaa44,200,1,880,monitoring,1
2026-09-20T12:38:05.737Z,tgm/token-ohlcv,1056837fb56c086c49100131868caf19,200,1,741,monitoring,1
2026-09-20T12:38:06.506Z,tgm/flow-intelligence,cfe866261126e70aa05c224793140940,200,1,760,monitoring,1
2026-09-20T12:38:07.251Z,tgm/token-ohlcv,6bac432a7514461f39293c6453ccbb47,200,1,741,monitoring,1
2026-09-20T12:38:08.080Z,tgm/flow-intelligence,3fa04b7df1e6466d730f7e28b9d30001,200,1,823,monitoring,1
2026-09-20T12:38:08.982Z,tgm/token-ohlcv,58cacc67b81c4a1c1736474d2ddfb513,200,1,843,monitoring,1
2026-09-20T12:38:09.978Z,tgm/flow-intelligence,c9518c3bb2047e6c84b70562bd775f4b,200,1,975,monitoring,1
2026-09-20T12:38:10.952Z,tgm/token-ohlcv,c2f2917b37bc855c5b05976f8fb2c12b,200,1,971,monitoring,1
2026-09-20T12:42:12.073Z,tgm/flow-intelligence,52d3075278e12248895c713ac6e9a857,200,1,930,monitoring,1
2026-09-20T12:42:13.019Z,tgm/token-ohlcv,b33e662e63f56923d8ff487c84842009,200,1,941,monitoring,1
2026-09-20T12:42:14.514Z,tgm/flow-intelligence,d6814e508de21d27f2b8ec2989c0b47e,200,1,1486,monitoring,1
2026-09-20T12:42:15.659Z,tgm/token-ohlcv,c1ca6048713a3503ea16d45869777048,200,1,1141,monitoring,1
2026-09-20T12:42:16.967Z,tgm/flow-intelligence,dca8c10395fba131f3083059ad527a57,200,1,1301,monitoring,1
2026-09-20T12:42:18.132Z,tgm/token-ohlcv,c55abd5773aed0552dfcfe7cd128cd3d,200,1,1161,monitoring,1
2026-09-20T12:42:18.925Z,tgm/flow-intelligence,4fb6b608d5e82f0a56491557704de571,200,1,787,monitoring,1
2026-09-20T12:42:19.745Z,tgm/token-ohlcv,43ef6d6044e4403105901a2ab8376e1b,200,1,808,monitoring,1
2026-09-20T12:42:20.543Z,tgm/flow-intelligence,23ae8d5d0217b448e6621b3a2a2f201f,200,1,791,monitoring,1
2026-09-20T12:42:21.344Z,tgm/token-ohlcv,db28be48a317955a19d7d1392525f13a,200,1,796,monitoring,1
2026-09-20T12:42:22.245Z,tgm/flow-intelligence,65265e70a8985e75241c3f45db5ec118,200,1,892,monitoring,1
2026-09-20T12:42:23.309Z,tgm/token-ohlcv,db3a63740bc43c65deb4501999fe3108,200,1,1061,monitoring,1
2026-09-20T12:42:24.252Z,tgm/flow-intelligence,0bbd2d249f74891a2e70b20e937ead45,200,1,938,monitoring,1
2026-09-20T12:42:25.227Z,tgm/token-ohlcv,691fe20b3ccb3062cd48d83706c39234,200,1,969,monitoring,1
2026-09-20T12:43:26.343Z,tgm/flow-intelligence,7ef59b3cbd4e1866ae158c392dd73a5f,200,1,1011,monitoring,1
2026-09-20T12:43:26.942Z,tgm/token-ohlcv,a3416d3e77b12050629d2e065de46363,200,1,593,monitoring,1
2026-09-20T12:43:27.899Z,tgm/flow-intelligence,1765444d4f45765168ba23118d96ab0b,200,1,950,monitoring,1
2026-09-20T12:43:28.620Z,tgm/token-ohlcv,94cc6b1d9e4e081f8d8ef12dc67c5338,200,1,710,monitoring,1
2026-09-20T12:43:29.830Z,tgm/flow-intelligence,5b7751482894ed3faf55665af5906b68,200,1,987,monitoring,1
2026-09-20T12:43:30.433Z,tgm/token-ohlcv,ba24d15e662eda76f7384e0a3f7a8564,200,1,598,monitoring,1
2026-09-20T12:43:31.178Z,tgm/flow-intelligence,bd99303374e760482b76bb196f868874,200,1,733,monitoring,1
2026-09-20T12:43:31.872Z,tgm/token-ohlcv,8e90b92b5c29944b030a316778c1c343,200,1,689,monitoring,1
2026-09-20T12:43:33.594Z,tgm/flow-intelligence,e03f4e7b7d8b8e1fdac4311e6ed00727,200,1,1711,monitoring,1
2026-09-20T12:43:34.504Z,tgm/token-ohlcv,61d9104bebb0197b782e7c1e4b129907,200,1,685,monitoring,1
2026-09-20T12:43:35.803Z,tgm/flow-intelligence,e608b615e4f7164c7f9cbc6d65bf4b72,200,1,1290,monitoring,1
2026-09-20T12:43:36.695Z,tgm/token-ohlcv,3095d40df6e27b40dcae5026a104b532,200,1,889,monitoring,1
2026-09-20T12:44:45.807Z,tgm/flow-intelligence,f2a3737c53413a5ad784df6ca83e2e0d,200,1,9015,monitoring,1
2026-09-20T12:44:46.708Z,tgm/token-ohlcv,e9424a4678072a65f02ec06d91235052,200,1,893,monitoring,1
2026-09-20T12:44:47.105Z,tgm/flow-intelligence,f5f75b59b3fe747f6e378f042e1fe116,200,1,385,monitoring,1
2026-09-20T12:44:47.916Z,tgm/token-ohlcv,f7d036300180cc6827125958bab1d56c,200,1,802,monitoring,1
2026-09-20T12:44:48.605Z,tgm/flow-intelligence,334cf226d3c21457946b9440e0a8b27e,200,1,681,monitoring,1
2026-09-20T12:44:49.389Z,tgm/token-ohlcv,a69c314f8156f666829018305d300866,200,1,779,monitoring,1
2026-09-20T12:44:50.349Z,tgm/flow-intelligence,8e70a962396ed329d94f4923c58d5d0a,200,1,949,monitoring,1
2026-09-20T12:44:51.424Z,tgm/token-ohlcv,472ca4214b7b2b3b9b1ebb1092f0f150,200,1,754,monitoring,1
2026-09-20T12:44:52.379Z,tgm/flow-intelligence,57584569b4abc1791897c34efdf47638,200,1,946,monitoring,1
2026-09-20T12:44:53.013Z,tgm/token-ohlcv,f2c5a649c129f7179554025099ee770b,200,1,629,monitoring,1
2026-09-20T12:44:53.421Z,tgm/flow-intelligence,fcd0847a03de3d274140a95343fd281c,200,1,401,monitoring,1
2026-09-20T12:44:54.308Z,tgm/token-ohlcv,977ee66fcdfd5c4397a51a0a0be3303d,200,1,885,monitoring,1
2026-09-20T12:44:55.226Z,tgm/flow-intelligence,068a9f585873f5550d9a686994fa483b,200,1,667,monitoring,1
2026-09-20T12:44:55.890Z,tgm/token-ohlcv,95f2e2763bed5c245a211679ed4a2860,200,1,638,monitoring,1
2026-09-20T12:45:57.490Z,tgm/flow-intelligence,884ffb0d6f4ca91c07559c38aa420f25,200,1,1509,monitoring,1
2026-09-20T12:45:58.307Z,tgm/token-ohlcv,7392556a5a95d467cd32384636abf312,200,1,814,monitoring,1
2026-09-20T12:45:58.797Z,tgm/flow-intelligence,65d1151926c7143d5de03707d530f875,200,1,480,monitoring,1
2026-09-20T12:45:59.384Z,tgm/token-ohlcv,c4fa39768e04015c399d7f0176a1384e,200,1,564,monitoring,1
2026-09-20T12:47:00.258Z,tgm/flow-intelligence,aa69cc6506ebab23a6846628f9320f22,200,1,781,monitoring,1
2026-09-20T12:47:05.169Z,tgm/token-ohlcv,d86d9d6afc234a61428e63691d93e24e,200,1,4903,monitoring,1
2026-09-20T12:47:06.139Z,tgm/flow-intelligence,45b88e7c49e5be5f8ed903279de8786d,200,1,830,monitoring,1
2026-09-20T12:47:07.829Z,search/general,a610ad575770c73bf8dcc70b4346c20c,200,0,1513,search,1
2026-09-20T12:47:08.080Z,search/general,5113d52adf0ab722bfd7d72c0125877b,200,0,1467,search,1
2026-09-20T12:47:10.576Z,tgm/token-ohlcv,6871b635bbf1d6713b985228a4979c21,200,1,4422,monitoring,1
2026-09-20T12:47:20.281Z,tgm/flow-intelligence,b6c9a17e7de3813e84613d0316fbb328,200,1,9699,monitoring,1
2026-09-20T12:47:21.496Z,tgm/token-ohlcv,3f720a52b5e8761f2b343c46edaf1461,200,1,1211,monitoring,1
2026-09-20T12:47:22.124Z,tgm/flow-intelligence,8206c342b36a6a6e8218ec17c278cd14,200,1,424,monitoring,1
2026-09-20T12:47:22.829Z,tgm/token-ohlcv,105812183f45703f4715bc038734e42e,200,1,701,monitoring,1
2026-09-20T12:47:48.874Z,search/general,1784d870c7589e537b823552c8b6b051,200,0,1088,search,1
2026-09-20T12:47:49.343Z,search/general,bf36633579c58d1e1151e307361fda40,200,0,1261,search,1
2026-09-20T12:48:01.180Z,search/general,17c74f482a41ad369d5a685afbbc375d,200,0,1033,search,1
2026-09-20T12:48:02.513Z,search/general,da0e1d716a6b893f122100038d74051c,200,0,1497,search,1
2026-09-20T12:48:19.614Z,search/general,4dce0864995f652d8733f318bc855f44,200,0,1100,search,1
2026-09-20T12:48:23.360Z,tgm/flow-intelligence,15ec377ed9a5fa336514dc2a98e50c37,200,1,382,monitoring,1
2026-09-20T12:48:24.551Z,tgm/token-ohlcv,022ad4360bbdcd5f12d4e9043d47be4e,200,1,1186,monitoring,1
2026-09-20T12:48:24.917Z,tgm/flow-intelligence,6b34fa1b06dcd9078225f87fa323042d,200,1,359,monitoring,1
2026-09-20T12:48:25.515Z,tgm/token-ohlcv,312840103a2ee14a1e0a504c7c460073,200,1,592,monitoring,1
2026-09-20T12:48:34.135Z,search/general,5f08e61df4897d5c9c145e0ff37a8e43,200,0,1391,search,1
2026-09-20T12:48:34.348Z,search/general,9865be4bd29a26765b7d7b457465a40e,200,0,988,search,1
2026-09-20T12:48:35.106Z,search/general,d59a6771a72a6a281a7dc22d34a34d0f,200,0,1339,search,1
2026-09-20T12:49:46.742Z,tgm/flow-intelligence,3b2cc06e83273b79420dfc282b567142,200,1,21135,monitoring,1
2026-09-20T12:49:47.551Z,tgm/token-ohlcv,32aed25df99bde240cd3f648be2b0101,200,1,806,monitoring,1
2026-09-20T12:50:47.295Z,search/general,916686466bbeb9052a034d421ec5510d,200,0,2715,search,1
2026-09-20T12:50:48.115Z,search/general,b9d8eb79b8c6be4eb5bf3f130c482e68,200,0,1581,search,1
2026-09-20T12:50:48.120Z,tgm/flow-intelligence,b22d634daff527733d9ae669de830275,200,1,483,monitoring,1
2026-09-20T12:50:48.980Z,tgm/token-ohlcv,0a8e39615d326c0acc1c51095c291062,200,1,858,monitoring,1
2026-09-20T12:50:50.099Z,tgm/flow-intelligence,3087ff5046927b1cdfd15b6d3d118966,200,1,1114,monitoring,1
2026-09-20T12:50:51.330Z,tgm/token-ohlcv,1cdf2767981e1a5a10526c4bf8c9e94b,200,1,1229,monitoring,1
2026-09-20T12:50:52.296Z,tgm/flow-intelligence,272fdb7d67fbc131e118423aea639230,200,1,961,monitoring,1
2026-09-20T12:50:52.981Z,tgm/token-ohlcv,90f6f00884f0456f4146f45aa5074040,200,1,682,monitoring,1
2026-09-20T12:50:55.327Z,tgm/flow-intelligence,a6d499318e8eb3131b6f8f16cd03752f,200,1,2021,monitoring,1
2026-09-20T12:50:56.270Z,tgm/token-ohlcv,f5897545fc87d150b8670760a1610e25,200,1,938,monitoring,1
2026-09-20T12:51:12.688Z,search/general,0b1e0a2c9b6bf7225e822624dac8635a,200,0,3030,search,1
2026-09-20T12:51:12.704Z,search/general,fd99ee403422af461e4f144d8ec15d00,200,0,3509,search,1
2026-09-20T12:51:17.041Z,search/general,e1299a7482714172e14f247ac1295b44,200,0,481,search,1
2026-09-20T12:54:03.080Z,tgm/flow-intelligence,15e0e337aaa10d281712a01ed67a587f,200,1,1280,investigation,1
2026-09-20T12:54:04.174Z,tgm/flow-intelligence,27d3a40d96f0032800eaa0633c864973,200,1,1090,investigation,1
2026-09-20T12:54:05.155Z,tgm/flow-intelligence,509eb57c9b19080f22ae656029028e07,200,1,978,investigation,1
2026-09-20T12:54:06.008Z,tgm/flow-intelligence,eb41295df819d4168bdbd55db3e21309,200,1,844,investigation,1
2026-09-20T12:54:06.418Z,tgm/flow-intelligence,cb23aa58d1b83233db34fc47659ef351,200,1,405,investigation,1
2026-09-20T12:54:07.361Z,tgm/flow-intelligence,9f57c0186375b4027afabd03bbd9c146,200,1,939,investigation,1
2026-09-20T12:54:08.131Z,tgm/flows,98d8431cdae8783c48eec13207e80144,200,1,758,investigation,1
2026-09-20T12:54:08.890Z,tgm/who-bought-sold,a2da053b25b05867112fd73175d5f943,200,1,750,investigation,1
2026-09-20T12:54:09.980Z,tgm/token-ohlcv,984961557fbd412a4c924a5f56361e58,200,1,1076,investigation,1
2026-09-20T12:54:57.776Z,tgm/flow-intelligence,6b5207418d201026a005344aec0d9805,200,1,1221,monitoring,1
2026-09-20T12:54:58.408Z,tgm/token-ohlcv,15a5477af610793b17c61819936b0f21,200,1,628,monitoring,1
2026-09-20T12:54:58.919Z,tgm/flow-intelligence,7ba8aa71ed325b345e9a1a254de1cc23,200,1,495,monitoring,1
2026-09-20T12:54:59.752Z,tgm/token-ohlcv,fb44b5258af4256232a838326697bc66,200,1,829,monitoring,1
2026-09-20T12:55:00.543Z,tgm/flow-intelligence,4520e705c416b338c5a69242b15b657d,200,1,784,monitoring,1
2026-09-20T12:55:01.333Z,tgm/token-ohlcv,d32ec732cbaff94a8279e91cce737c58,200,1,788,monitoring,1
2026-09-20T12:55:02.011Z,tgm/flow-intelligence,004f371a5b6d5e27847cda56ec0b584a,200,1,659,monitoring,1
2026-09-20T12:55:02.735Z,tgm/token-ohlcv,7659dc664bfbff534b500b124988a319,200,1,703,monitoring,1
2026-09-20T12:55:03.977Z,tgm/flow-intelligence,ac4b890c85bb6950afe0311123a56573,200,1,1213,monitoring,1
2026-09-20T12:55:04.591Z,tgm/token-ohlcv,3affb925d8dd1f2f293e615cbf5a8b25,200,1,581,monitoring,1
2026-09-20T12:55:05.058Z,tgm/flow-intelligence,8a3bcc2e929fb26ddbbe4c62c43a8654,200,1,460,monitoring,1
2026-09-20T12:55:05.590Z,tgm/token-ohlcv,37eafc080ab7162a1d7cf54df3f47013,200,1,526,monitoring,1
2026-09-20T12:55:06.082Z,tgm/flow-intelligence,2551be2f44bc775abbe2d55c1c187750,200,1,486,monitoring,1
2026-09-20T12:55:06.676Z,tgm/token-ohlcv,3acf163b7f760d7b21c69c1f3b053065,200,1,573,monitoring,1
2026-09-20T12:56:08.301Z,tgm/flow-intelligence,d35918722ee3543dfb58096cd299f23a,200,1,1535,monitoring,1
2026-09-20T12:56:08.845Z,tgm/token-ohlcv,b6ae271b043fd431ba8f1d10e7f8b933,200,1,539,monitoring,1
2026-09-20T12:56:09.243Z,tgm/flow-intelligence,2f467c5020a1384734107e3fd951dd45,200,1,392,monitoring,1
2026-09-20T12:56:10.124Z,tgm/token-ohlcv,086744708430bc741a300f1322ae4205,200,1,604,monitoring,1
2026-09-20T12:56:10.823Z,tgm/flow-intelligence,cdc9ba6bd06acf730d2bf63ea4e19b0f,200,1,693,monitoring,1
2026-09-20T12:56:11.458Z,tgm/token-ohlcv,2dfbee25feb6837fed04726884664d22,200,1,494,monitoring,1
2026-09-20T12:56:11.892Z,tgm/flow-intelligence,15b51161e270c12219bec84e99810006,200,1,406,monitoring,1
2026-09-20T12:56:12.499Z,tgm/token-ohlcv,f5ce841d1d75ca7f82f88e4525522100,200,1,599,monitoring,1
2026-09-20T12:56:12.867Z,tgm/flow-intelligence,1a5d1879a81db431ed87ef1e27178116,200,1,357,monitoring,1
2026-09-20T12:56:13.409Z,tgm/token-ohlcv,8fef7d225399b9222674695bc3010a0d,200,1,540,monitoring,1
2026-09-20T12:56:13.880Z,tgm/flow-intelligence,350a4b1b49942f05967cb10fec03e41d,200,1,467,monitoring,1
2026-09-20T12:56:14.475Z,tgm/token-ohlcv,2af8dc5831fa8a34ad95397a4455f551,200,1,593,monitoring,1
2026-09-20T12:56:15.306Z,tgm/flow-intelligence,86d9b52c8480cb24582413786005fc2a,200,1,812,monitoring,1
2026-09-20T12:56:16.029Z,tgm/token-ohlcv,7235430a38f6832a8a3ae347109b1b19,200,1,664,monitoring,1
2026-09-20T12:57:17.557Z,tgm/flow-intelligence,3313b82b4c86e570796aa0171be80428,200,1,1399,monitoring,1
2026-09-20T12:57:18.282Z,tgm/token-ohlcv,6e65d937802b7f102a33163fc4007325,200,1,718,monitoring,1
2026-09-20T12:57:18.773Z,tgm/flow-intelligence,b2ef0b30750e8901880ed73b86bf0224,200,1,485,monitoring,1
2026-09-20T12:57:19.319Z,tgm/token-ohlcv,445b456f1b9c687f25431622267a8d60,200,1,543,monitoring,1
2026-09-20T12:57:19.757Z,tgm/flow-intelligence,d031b70f8abb0f577f8a161e5884aa1d,200,1,433,monitoring,1
2026-09-20T12:57:20.316Z,tgm/token-ohlcv,2951ac1afd15841e0a12e36c512d3348,200,1,543,monitoring,1
2026-09-20T12:57:20.799Z,tgm/flow-intelligence,a215007a54b3a3250d6c051f14533144,200,1,472,monitoring,1
2026-09-20T12:57:21.476Z,tgm/token-ohlcv,4b496114a8607417f23d8918399f9c0b,200,1,656,monitoring,1
2026-09-20T12:57:21.835Z,tgm/flow-intelligence,65372968a2f22371b60de36a3569e077,200,1,351,monitoring,1
2026-09-20T12:57:22.430Z,tgm/token-ohlcv,2ba89b75b716390f4584a27ed8bbf742,200,1,590,monitoring,1
2026-09-20T12:57:23.299Z,tgm/flow-intelligence,4d63c647aca25d2ee578e06bef78c641,200,1,680,monitoring,1
2026-09-20T12:57:24.034Z,tgm/token-ohlcv,28733807040d363cba1ebc44a701b722,200,1,497,monitoring,1
2026-09-20T12:57:24.423Z,tgm/flow-intelligence,2912e5375acb340426b6a96e55e3ec57,200,1,381,monitoring,1
2026-09-20T12:57:25.179Z,tgm/token-ohlcv,195ee36294b4f070fc22724bb31d3f15,200,1,745,monitoring,1
2026-09-20T12:58:32.691Z,tgm/flow-intelligence,00e7174d59c6d705e3fc492f37be9249,200,1,7426,monitoring,1
2026-09-20T12:58:33.472Z,tgm/token-ohlcv,f7dcd03f6581cb7808ff050d5d6c7223,200,1,776,monitoring,1
2026-09-20T12:58:34.110Z,tgm/flow-intelligence,dd15f230332bf049918f2b1e69fba83e,200,1,628,monitoring,1
2026-09-20T12:58:34.954Z,tgm/token-ohlcv,c7f7942157323257f84f6e4ca2674555,200,1,830,monitoring,1
2026-09-20T12:59:35.949Z,tgm/flow-intelligence,cdb96c60eac2557343f07e0dbfc59300,200,1,920,monitoring,1
2026-09-20T12:59:37.237Z,tgm/token-ohlcv,5b87f401048e3a3bbfe0c77446a10067,200,1,1276,monitoring,1
2026-09-20T12:59:38.189Z,tgm/flow-intelligence,07065f4815e3972f32f9fb764746767f,200,1,945,monitoring,1
2026-09-20T12:59:39.490Z,tgm/token-ohlcv,93983875ca47ca0072332d7b7380a574,200,1,1297,monitoring,1
2026-09-20T12:59:39.889Z,tgm/flow-intelligence,f271ce12ee1371084f172043b00ec63d,200,1,391,monitoring,1
2026-09-20T12:59:40.854Z,tgm/token-ohlcv,eb086d00227d1d263b652a49d2c0be6b,200,1,898,monitoring,1
2026-09-20T12:59:41.388Z,tgm/flow-intelligence,39d3991685812255ca9f174a02c49901,200,1,525,monitoring,1
2026-09-20T12:59:42.031Z,tgm/token-ohlcv,d3bfdc4ba1e1fa57fdbd401ca4ca145e,200,1,638,monitoring,1
2026-09-20T13:00:43.388Z,tgm/flow-intelligence,65036807a779a05824bba356dade3f53,200,1,1257,monitoring,1
2026-09-20T13:00:44.603Z,tgm/token-ohlcv,a7c7a92a8b23832f3835aa51ad846a57,200,1,1208,monitoring,1
2026-09-20T13:00:45.477Z,tgm/flow-intelligence,0e27c1246007163040a78c6b2d7a6807,200,1,862,monitoring,1
2026-09-20T13:00:46.014Z,tgm/token-ohlcv,1663ba063b1f6c7727daff1b50f39a11,200,1,513,monitoring,1
2026-09-20T13:02:47.925Z,tgm/flow-intelligence,9cadbf2c1e0ab35bc8c5113d2a762704,200,1,1666,monitoring,1
2026-09-20T13:02:48.566Z,tgm/token-ohlcv,a2668309577b05203ecc6c14f23c8f64,200,1,638,monitoring,1
2026-09-20T13:03:50.146Z,tgm/flow-intelligence,4b62ec31b6b0ba263c4a992cc5318201,200,1,1517,monitoring,1
2026-09-20T13:03:50.998Z,tgm/token-ohlcv,f8c480238fbd3349b1b6786c8c3f2979,200,1,850,monitoring,1
2026-09-20T13:03:51.696Z,tgm/flow-intelligence,d0b32e78e3114967af23f0145b3b585c,200,1,694,monitoring,1
2026-09-20T13:03:52.590Z,tgm/token-ohlcv,f44ff70484302d7d9244f63b7e715b5c,200,1,890,monitoring,1
2026-09-20T13:03:53.943Z,tgm/flow-intelligence,e0680c1468eedd45adcd30104b91e813,200,1,1344,monitoring,1
2026-09-20T13:03:54.550Z,tgm/token-ohlcv,8dc04f5a927b3a6a3a896359c3b94e4b,200,1,597,monitoring,1
2026-09-20T13:03:55.798Z,tgm/flow-intelligence,86afba4c13bccf18c98edb0dc21b7a18,200,1,1240,monitoring,1
2026-09-20T13:03:56.293Z,tgm/token-ohlcv,65ee0457c62fbd42a549f322eab93921,200,1,483,monitoring,1
2026-09-20T13:03:57.073Z,tgm/flow-intelligence,442b4d1f86ab157fe0f76a61cada076c,200,1,769,monitoring,1
2026-09-20T13:03:57.735Z,tgm/token-ohlcv,bc92f82eb0530529e286822d388d8834,200,1,509,monitoring,1
2026-09-20T13:08:00.289Z,tgm/flow-intelligence,2e8cfa39188b65747e431d51a359b17f,200,1,2331,monitoring,1
2026-09-20T13:08:01.809Z,tgm/token-ohlcv,672c86587ab44d5230b18c6d95b88012,200,1,1519,monitoring,1
2026-09-20T13:08:02.238Z,tgm/flow-intelligence,da73374dc682d75f66274c5f4e40d044,200,1,424,monitoring,1
2026-09-20T13:08:03.363Z,tgm/token-ohlcv,44c7c11c384df7030864163a9046983f,200,1,1123,monitoring,1
2026-09-20T13:08:04.547Z,tgm/flow-intelligence,6e5739728d7cef489b06fa6a60a6ac18,200,1,1177,monitoring,1
2026-09-20T13:08:06.024Z,tgm/token-ohlcv,eb72a70658cc611880991b3b8f0dd130,200,1,1455,monitoring,1
2026-09-20T13:08:07.075Z,tgm/flow-intelligence,10ce543a5fd878311510f47d7155f763,200,1,1047,monitoring,1
2026-09-20T13:08:07.680Z,tgm/token-ohlcv,b3f9a96a26e5a56922367a2b5f9ebf60,200,1,604,monitoring,1
2026-09-20T13:08:08.397Z,tgm/flow-intelligence,18d4727bb562ae2108cfa37813cf1653,200,1,713,monitoring,1
2026-09-20T13:08:09.212Z,tgm/token-ohlcv,efa5af0e06294b0ef0c70d76077a220a,200,1,811,monitoring,1
2026-09-20T13:08:10.310Z,tgm/flow-intelligence,313be82ed91bb338d1f49f50bdc9d018,200,1,1087,monitoring,1
2026-09-20T13:08:11.161Z,tgm/token-ohlcv,e2ff644e7b998264eda8d0302e9d2713,200,1,846,monitoring,1
2026-09-20T13:08:12.207Z,tgm/flow-intelligence,d6ff9833dcaf7d63b521014cae0d985a,200,1,955,monitoring,1
2026-09-20T13:08:13.297Z,tgm/token-ohlcv,3752b27f24563c179278fe4cdadcbd4e,200,1,1087,monitoring,1
2026-09-20T13:09:16.263Z,tgm/flow-intelligence,79eaf834392f55513a6dff4bcaacef3f,200,1,2838,monitoring,1
2026-09-20T13:09:17.304Z,tgm/token-ohlcv,0d91be17c4c4cf59ee25ee22b9d8f11d,200,1,1035,monitoring,1
2026-09-20T13:09:18.266Z,tgm/flow-intelligence,eace9a6917fd540d5c9ee931308dc844,200,1,953,monitoring,1
2026-09-20T13:09:19.127Z,tgm/token-ohlcv,32b092783c59b647f28cc85735c6d013,200,1,850,monitoring,1
2026-09-20T13:09:22.523Z,tgm/flow-intelligence,dff09905bd4ff94588a6097d5ce70939,200,1,3390,monitoring,1
2026-09-20T13:09:33.821Z,tgm/token-ohlcv,bb7dca57345fd502ad7aa049fc73384d,200,1,11296,monitoring,1
2026-09-20T13:09:34.592Z,tgm/flow-intelligence,9a5f4c4d11dbad5de87cb979b69ab129,200,1,766,monitoring,1
2026-09-20T13:09:35.540Z,tgm/token-ohlcv,50f2863797c66318fca22e73abb37374,200,1,945,monitoring,1
2026-09-20T13:09:39.863Z,tgm/flow-intelligence,61c32128a0b37d6902e2dc40b1b5a85f,200,1,4316,monitoring,1
2026-09-20T13:09:46.740Z,tgm/token-ohlcv,88195c7043b4ec1a4379b962b99da704,200,1,6553,monitoring,1
2026-09-20T13:09:47.454Z,tgm/flow-intelligence,485eef29117cc62d42d06e1130d9a339,200,1,706,monitoring,1
2026-09-20T13:09:49.317Z,tgm/token-ohlcv,75a695129a97b174cb76e1363c4de239,200,1,1862,monitoring,1
2026-09-20T13:09:51.542Z,tgm/flow-intelligence,0274d576f1841622df10900e407a0a25,200,1,2221,monitoring,1
2026-09-20T13:09:52.847Z,tgm/token-ohlcv,ee2bdf7c077a464f87b8d9143dabcc7b,200,1,1291,monitoring,1
2026-09-20T13:10:56.280Z,tgm/flow-intelligence,1fef1e474e73f0154f9e402e794b7d3f,200,1,3326,monitoring,1
2026-09-20T13:10:57.464Z,tgm/token-ohlcv,081e8119f852e826a81a65008059ab2c,200,1,1182,monitoring,1
2026-09-20T13:10:58.436Z,tgm/flow-intelligence,9a45e760810297391a2fc63ca9f22940,200,1,958,monitoring,1
2026-09-20T13:10:59.204Z,tgm/token-ohlcv,fceb9b31ff56bb59e38b1721dc5be712,200,1,760,monitoring,1
2026-09-20T13:10:59.957Z,tgm/flow-intelligence,178ef8116cf20b1e85479b0d915a9d5b,200,1,750,monitoring,1
2026-09-20T13:11:00.682Z,tgm/token-ohlcv,337c4776d0819644dedddc4ee9f2673b,200,1,720,monitoring,1
2026-09-20T13:11:01.615Z,tgm/flow-intelligence,e8faf72c2ca9853b7df2fb26f73cf025,200,1,929,monitoring,1
2026-09-20T13:11:03.195Z,tgm/token-ohlcv,57c73c21153a016102673e3dfd3e9e63,200,1,1414,monitoring,1
2026-09-20T13:11:03.718Z,tgm/flow-intelligence,d418f614059457740e1a1e751e9a1100,200,1,379,monitoring,1
2026-09-20T13:11:04.528Z,tgm/token-ohlcv,7ec0847b20b7cc44d1b045709284b23a,200,1,806,monitoring,1
2026-09-20T13:11:05.248Z,tgm/flow-intelligence,9a49790d7af97105c1508a7c6c632b7c,200,1,707,monitoring,1
2026-09-20T13:11:05.879Z,tgm/token-ohlcv,509bab40f91f29688995a543b1f91840,200,1,623,monitoring,1
2026-09-20T13:11:06.890Z,tgm/flow-intelligence,fe5eee2d27e5b6548c117e07322dde66,200,1,977,monitoring,1
2026-09-20T13:11:07.702Z,tgm/token-ohlcv,fd5c381efa0b1045f03d4c6713923c2a,200,1,808,monitoring,1
2026-09-20T13:11:08.981Z,tgm/flow-intelligence,e77eff6006cee54618d9bf71dc14cd72,200,1,1260,monitoring,1
2026-09-20T13:11:09.954Z,tgm/token-ohlcv,29ae887551849c79b6e33c5fb2bf4677,200,1,964,monitoring,1
2026-09-20T13:11:16.563Z,tgm/flow-intelligence,6eba0a369d5c531e5e7bc92dadfb421a,200,1,6589,monitoring,1
2026-09-20T13:11:17.324Z,tgm/token-ohlcv,4bf56522554ce37e785738410f6faf50,200,1,759,monitoring,1
2026-09-20T13:12:19.417Z,tgm/flow-intelligence,624d8f2d15775b2506ac3821ed504109,200,1,1996,monitoring,1
2026-09-20T13:12:21.623Z,tgm/token-ohlcv,7f3bd65c4cc9853ec9d45175faf0884f,200,1,2202,monitoring,1
2026-09-20T13:12:22.893Z,tgm/flow-intelligence,111acc488edd915c61af8d77fbe15305,200,1,1263,monitoring,1
2026-09-20T13:12:24.178Z,tgm/token-ohlcv,2a8d7a0367cc1f6661b978482cb8cb5f,200,1,1283,monitoring,1
2026-09-20T13:12:24.766Z,tgm/flow-intelligence,bbe2b54bf17e433464a8ed4ab14a2d07,200,1,580,monitoring,1
2026-09-20T13:12:25.462Z,tgm/token-ohlcv,14f77f6b82f87971c2b5bf0b73b69b7f,200,1,694,monitoring,1
2026-09-20T13:12:26.738Z,tgm/flow-intelligence,58b75a796132da19839da4248344d57c,200,1,1271,monitoring,1
2026-09-20T13:12:27.705Z,tgm/token-ohlcv,6585cd6fee6e1a45f942ea5825b3287a,200,1,964,monitoring,1
2026-09-20T13:13:29.479Z,tgm/flow-intelligence,31d3070d54fb157995cead17a34bca0e,200,1,1685,monitoring,1
2026-09-20T13:13:30.176Z,tgm/token-ohlcv,b1b8790e0a2e577050f886266526c436,200,1,692,monitoring,1
2026-09-20T13:13:31.084Z,tgm/flow-intelligence,56d096198bc0052012edfe46d9859f08,200,1,903,monitoring,1
2026-09-20T13:13:31.701Z,tgm/token-ohlcv,e8c58457f96b56791e411d7e3e961b71,200,1,615,monitoring,1
2026-09-20T13:15:33.623Z,tgm/flow-intelligence,d1a9e705326599679657015c7d6ca46c,200,1,1797,monitoring,1
2026-09-20T13:15:35.007Z,tgm/token-ohlcv,bf8270167bbe9e142507da1a639cf37f,200,1,1379,monitoring,1
2026-09-20T13:16:36.988Z,tgm/flow-intelligence,564e570f7261b75846b2be0a737eeb1b,200,1,1909,monitoring,1
2026-09-20T13:16:37.738Z,tgm/token-ohlcv,0a1cee1773f46969b172520789c8fa22,200,1,575,monitoring,1
2026-09-20T13:16:38.675Z,tgm/flow-intelligence,55c9fa61906031414817356e6e5f4351,200,1,934,monitoring,1
2026-09-20T13:16:39.760Z,tgm/flow-intelligence,1fe9d047b7ca961f3d37244a74b2cb29,200,1,1082,monitoring,1
2026-09-20T13:16:40.603Z,tgm/who-bought-sold,ca5a7a2be9e68e0b34c5d628cc4f9c4f,200,1,837,monitoring,1
2026-09-20T13:16:40.982Z,tgm/flow-intelligence,9ad39e56d7d3523fb8ae1e002189625c,200,1,373,monitoring,1
2026-09-20T13:16:41.620Z,tgm/token-ohlcv,3ffd632de5511558b8c4862e8ffc3f2f,200,1,629,monitoring,1
2026-09-20T13:16:42.464Z,tgm/flow-intelligence,c3a1125871f9ca6d32e3b36d693ebd20,200,1,841,monitoring,1
2026-09-20T13:16:43.414Z,tgm/flow-intelligence,68d53261774957041cda6b5c72f12079,200,1,909,monitoring,1
2026-09-20T13:16:44.162Z,tgm/who-bought-sold,60cbf26a3632f60e10b65b533e557168,200,1,743,monitoring,1
2026-09-20T13:16:44.857Z,tgm/flow-intelligence,6f74be382669354a256b7f60cf3fb123,200,1,688,monitoring,1
2026-09-20T13:16:46.779Z,tgm/token-ohlcv,2117a1421eba3426005cfe1577b6f62a,200,1,1804,monitoring,1
2026-09-20T13:16:47.642Z,tgm/flow-intelligence,78396b0c1c0be3587b590609026aab79,200,1,830,monitoring,1
2026-09-20T13:16:48.387Z,tgm/flow-intelligence,4222a8174184d33c2ea5dc14f424361e,200,1,743,monitoring,1
2026-09-20T13:16:49.219Z,tgm/who-bought-sold,b024a13b90b2fa337b10130d66cee551,200,1,795,monitoring,1
2026-09-20T13:16:49.653Z,tgm/flow-intelligence,8653fc3c436faa235585fd09be19e17b,200,1,423,monitoring,1
2026-09-20T13:16:50.170Z,tgm/token-ohlcv,fd5b4114b33b2d2d18efdd5e7743767f,200,1,510,monitoring,1
2026-09-20T13:16:53.554Z,tgm/flow-intelligence,f150d51c60ef444ae349e64e072be03f,200,1,3230,monitoring,1
2026-09-20T13:16:55.078Z,tgm/flow-intelligence,a91442095f15252869abe207aca93732,200,1,1523,monitoring,1
2026-09-20T13:16:57.164Z,tgm/who-bought-sold,b0452a306d9b841bffa15e547b8b7d67,200,1,1967,monitoring,1
2026-09-20T13:16:58.225Z,tgm/flow-intelligence,3fd0ad214dfaf701fcf2e405049e0b40,200,1,1051,monitoring,1
2026-09-20T13:16:59.081Z,search/general,bdbda61166685c070dc78f1395428266,200,0,1340,search,1
2026-09-20T13:16:59.110Z,tgm/token-ohlcv,926c9057a53860535b07d118ffe05e74,200,1,879,monitoring,1
2026-09-20T13:16:59.882Z,tgm/flow-intelligence,054ddb6cbc8fc65ffc717c4c6e1c6303,200,1,769,monitoring,1
2026-09-20T13:17:00.735Z,tgm/flow-intelligence,87f38c68ff60e164c3987552a55a6358,200,1,844,monitoring,1
2026-09-20T13:17:02.095Z,tgm/who-bought-sold,36732930582f615777144312918edf59,200,1,1332,monitoring,1
2026-09-20T13:20:05.012Z,tgm/flow-intelligence,673aac53adc55d30ff7a631c25e77f5c,200,1,2766,monitoring,1
2026-09-20T13:20:05.986Z,tgm/token-ohlcv,1f76760866d4dc526e74a161385b0d1b,200,1,971,monitoring,1
2026-09-20T13:20:07.498Z,tgm/flow-intelligence,3216857cb7e9f71b3b8cc5693c44ae3d,200,1,1511,monitoring,1
2026-09-20T13:20:09.588Z,tgm/flow-intelligence,7da6ed64e39c135e9fc3293f08a03636,200,1,2089,monitoring,1
2026-09-20T13:20:11.758Z,tgm/who-bought-sold,a66d212ceeb2c9150a98111c9173c768,200,1,2167,monitoring,1
2026-09-20T13:21:13.376Z,tgm/flow-intelligence,64d66006285d9874652045425eeac470,200,1,1557,monitoring,1
2026-09-20T13:21:14.252Z,tgm/token-ohlcv,96b83f7cbbeb8b17c6064466c09b0503,200,1,873,monitoring,1
2026-09-20T13:21:15.556Z,tgm/flow-intelligence,ea7b6043455b2a59d947101308512b7d,200,1,1297,monitoring,1
2026-09-20T13:21:17.360Z,tgm/flow-intelligence,6afe3e1f63db314aa4703b3f2a53d47b,200,1,1802,monitoring,1
2026-09-20T13:21:18.728Z,tgm/who-bought-sold,d7843f35b9f879698bac91203d8dec15,200,1,1333,monitoring,1
2026-09-20T13:21:20.064Z,tgm/flow-intelligence,5b7cce78b7950e5f4e97ea0631f3d778,200,1,1331,monitoring,1
2026-09-20T13:21:21.241Z,tgm/token-ohlcv,a7aa435d8af07946ba7dd3213939b404,200,1,1036,monitoring,1
2026-09-20T13:21:22.367Z,tgm/flow-intelligence,5eeb292dcc156e4a5425cf1511a4fd4e,200,1,1124,monitoring,1
2026-09-20T13:21:23.810Z,tgm/flow-intelligence,27158b4cbe23f80ec01e7b0603051120,200,1,1438,monitoring,1
2026-09-20T13:21:25.181Z,tgm/who-bought-sold,115c64365e1c81267079af624fbbd719,200,1,1201,monitoring,1
2026-09-20T13:21:27.523Z,tgm/flow-intelligence,2eb5d02e93ab831ee714d35f124f1f72,200,1,2332,monitoring,1
2026-09-20T13:21:28.558Z,tgm/token-ohlcv,0e2c27678a39be658732186854f4cc4b,200,1,1031,monitoring,1
2026-09-20T13:21:29.824Z,tgm/flow-intelligence,fdc2da291a5eec15b1fcb8647373706a,200,1,1185,monitoring,1
2026-09-20T13:21:30.424Z,tgm/flow-intelligence,8cbfb064bd5775334c9a1b6e7add4b5a,200,1,598,monitoring,1
2026-09-20T13:21:31.137Z,tgm/who-bought-sold,ad5a001372113e68fa96501b88bed06c,200,1,706,monitoring,1
2026-09-20T13:21:32.404Z,tgm/flow-intelligence,4d1ebe6bfd2ad91dfaf60a54a0583207,200,1,1238,monitoring,1
2026-09-20T13:21:33.061Z,tgm/token-ohlcv,bc541e043e54797e33136f7324d8ab50,200,1,653,monitoring,1
2026-09-20T13:21:34.015Z,tgm/flow-intelligence,8fc82e67dcc8b54f134447538d67f31c,200,1,950,monitoring,1
2026-09-20T13:21:35.048Z,tgm/flow-intelligence,0112ae10bda6bf12b235a302c126de03,200,1,1031,monitoring,1
2026-09-20T13:21:35.846Z,tgm/who-bought-sold,d9ca71155a4b785b8ad6d02cda596628,200,1,740,monitoring,1
2026-09-20T13:21:36.778Z,tgm/flow-intelligence,ba2cfe4ad14ed76748566609357fb364,200,1,924,monitoring,1
2026-09-20T13:21:37.367Z,tgm/token-ohlcv,f2311d400395e93a0fe2cf7f77570e52,200,1,575,monitoring,1
2026-09-20T13:21:38.164Z,tgm/flow-intelligence,851bf8111ecf342d25a00a15b7d84100,200,1,793,monitoring,1
2026-09-20T13:21:38.905Z,tgm/flow-intelligence,9248e16c6ba9ee2fc51a320ec32e3a1c,200,1,737,monitoring,1
2026-09-20T13:21:39.590Z,tgm/who-bought-sold,4305a820a4d6e37d789a50160af46f3a,200,1,680,monitoring,1
2026-09-20T13:21:40.381Z,tgm/flow-intelligence,439403101f40e25e0dd85b5ed93b4675,200,1,772,monitoring,1
2026-09-20T13:21:40.991Z,tgm/token-ohlcv,be031f589e88723b1cbf436b78b96a1f,200,1,607,monitoring,1
2026-09-20T13:21:41.662Z,tgm/flow-intelligence,fca1305e156bba43d0e40a7b0e64fb1b,200,1,669,monitoring,1
2026-09-20T13:21:42.347Z,tgm/flow-intelligence,d355946944d07c5e79717b7ea2420134,200,1,683,monitoring,1
2026-09-20T13:21:42.969Z,tgm/who-bought-sold,51e57d5e56912a333935ce60dce96260,200,1,618,monitoring,1
2026-09-20T13:22:45.198Z,tgm/flow-intelligence,6d919026082e277d3353af4d27247673,200,1,2154,monitoring,1
2026-09-20T13:22:45.802Z,tgm/token-ohlcv,bc431954a953703f09b82b034b299847,200,1,591,monitoring,1
2026-09-20T13:22:46.554Z,tgm/flow-intelligence,bcdb3d076277eb264d3ae801e8586b26,200,1,748,monitoring,1
2026-09-20T13:22:47.344Z,tgm/flow-intelligence,b94b5a51666a8a3804d1dd2f15d9a97e,200,1,788,monitoring,1
2026-09-20T13:22:48.372Z,tgm/who-bought-sold,f841607bd720bc264f823a5dedac1f07,200,1,1024,monitoring,1
2026-09-20T13:22:49.205Z,tgm/flow-intelligence,b3ec696ec6b41e14685ef402ee18342c,200,1,825,monitoring,1
2026-09-20T13:22:49.693Z,tgm/token-ohlcv,d86d1f6d5f4d866ce0f8336f6f921a70,200,1,474,monitoring,1
2026-09-20T13:22:50.493Z,tgm/flow-intelligence,5376c74e4b5b8d7da611f346e4043d3e,200,1,796,monitoring,1
2026-09-20T13:22:51.349Z,tgm/flow-intelligence,6592d30eafcbbe499ae41e20140de74a,200,1,852,monitoring,1
2026-09-20T13:22:52.261Z,tgm/who-bought-sold,576fb1592f7a892ee143663f6c38b670,200,1,908,monitoring,1
2026-09-20T13:22:53.078Z,tgm/flow-intelligence,73686e65415646710cfbff5840d77257,200,1,812,monitoring,1
2026-09-20T13:22:53.757Z,tgm/token-ohlcv,a9b6af765c89ee0672cfa6575c0b130b,200,1,670,monitoring,1
2026-09-20T13:22:54.561Z,tgm/flow-intelligence,4488a7617c476f7a3284b435410dee55,200,1,802,monitoring,1
2026-09-20T13:22:55.603Z,tgm/flow-intelligence,dd646b2016192a3e33db325e5d301661,200,1,824,monitoring,1
2026-09-20T13:22:56.296Z,tgm/who-bought-sold,59f4520610fb4f2ad4732f241739bd65,200,1,688,monitoring,1
2026-09-20T13:22:56.680Z,tgm/flow-intelligence,af1d7a3a937db31512e8d34ba211bf4b,200,1,379,monitoring,1
2026-09-20T13:22:57.417Z,tgm/token-ohlcv,f3a3c85305de500ffce39a2fb4a86a22,200,1,735,monitoring,1
2026-09-20T13:22:58.657Z,tgm/flow-intelligence,e408402bd3cd223709e1265305e0cb77,200,1,1125,monitoring,1
2026-09-20T13:22:59.475Z,tgm/flow-intelligence,c71c2938a176d71a736c1f2252d3b37b,200,1,815,monitoring,1
2026-09-20T13:23:00.159Z,tgm/who-bought-sold,8d22e5353e8ad1776317512acad7b14a,200,1,651,monitoring,1
2026-09-20T13:23:01.051Z,tgm/flow-intelligence,249ad63519aba134a23c5b5311e0bf58,200,1,879,monitoring,1
2026-09-20T13:23:01.600Z,tgm/token-ohlcv,f2184c3a6195b217ab84911ece06bb25,200,1,543,monitoring,1
2026-09-20T13:23:02.266Z,tgm/flow-intelligence,67f1145a7bb5e636ec1cf60d2e875540,200,1,663,monitoring,1
2026-09-20T13:23:03.141Z,tgm/flow-intelligence,2733e82279db6259acb659201dc5b82b,200,1,731,monitoring,1
2026-09-20T13:23:04.071Z,tgm/who-bought-sold,8480884de6148f49ad999d62f0f5a236,200,1,793,monitoring,1
2026-09-20T13:23:04.758Z,tgm/flow-intelligence,c81c3a372a104f5cc1dfde700925aa76,200,1,683,monitoring,1
2026-09-20T13:23:05.545Z,tgm/token-ohlcv,8fa8c24e58d334075b23cb150ed04327,200,1,774,monitoring,1
2026-09-20T13:23:06.268Z,tgm/flow-intelligence,242ccc6ce402bc0c244b095802975000,200,1,722,monitoring,1
2026-09-20T13:23:07.541Z,tgm/flow-intelligence,63314860e1b27878045ef62c885d144d,200,1,1270,monitoring,1
2026-09-20T13:23:08.521Z,tgm/who-bought-sold,1ad5ef339bada857ecbdf66665e3d370,200,1,978,monitoring,1
2026-09-20T13:23:09.681Z,tgm/flow-intelligence,5627c52f8a7f283518170c6f54783a3b,200,1,1154,monitoring,1
2026-09-20T13:23:10.437Z,tgm/token-ohlcv,bafe757cf0581a258fa13d03eaca066e,200,1,752,monitoring,1
2026-09-20T13:23:11.285Z,tgm/flow-intelligence,8369067b8300766e5306750f1aedcb34,200,1,847,monitoring,1
2026-09-20T13:23:12.431Z,tgm/flow-intelligence,35dba957d8afae3abdfb477a952eb116,200,1,1144,monitoring,1
2026-09-20T13:23:14.231Z,tgm/who-bought-sold,e04fb75a93ac732c3412f518f4b52941,200,1,1763,monitoring,1
2026-09-20T13:24:16.529Z,tgm/flow-intelligence,8c8e902d7146497a869e72184db12525,200,1,2224,monitoring,1
2026-09-20T13:24:17.281Z,tgm/token-ohlcv,e466517452d45f3fcccb646ecd930357,200,1,738,monitoring,1
2026-09-20T13:24:18.312Z,tgm/flow-intelligence,e00339010f2ed8475dbc0a06eddf9f0d,200,1,1026,monitoring,1
2026-09-20T13:24:19.419Z,tgm/flow-intelligence,7c138c7154ff646de629d1013326e178,200,1,1105,monitoring,1
2026-09-20T13:24:20.558Z,tgm/who-bought-sold,e72e586cdddf402e2543557554390049,200,1,1046,monitoring,1
2026-09-20T13:24:21.155Z,tgm/flow-intelligence,488eda3b791e964131cefd043ccd473d,200,1,574,monitoring,1
2026-09-20T13:24:22.097Z,tgm/token-ohlcv,5f85634af76dea323d5dc75044d10115,200,1,907,monitoring,1
2026-09-20T13:24:23.718Z,tgm/flow-intelligence,83588504a659095c9bd42f443bdb7765,200,1,1620,monitoring,1
2026-09-20T13:24:25.349Z,tgm/flow-intelligence,f8f5676437e105299e20530d12333f57,200,1,1628,monitoring,1
2026-09-20T13:24:26.190Z,tgm/who-bought-sold,25a9595e96618d470f2697436b5e1814,200,1,821,monitoring,1
2026-09-20T13:24:27.071Z,tgm/flow-intelligence,4165217e24434422d2634a001a3f646f,200,1,868,monitoring,1
2026-09-20T13:24:27.859Z,tgm/token-ohlcv,118fd94490b4500f7a4ca23f8c41b838,200,1,783,monitoring,1
2026-09-20T13:24:28.723Z,tgm/flow-intelligence,9ceeda71701ed429dd681a0750672e3c,200,1,860,monitoring,1
2026-09-20T13:24:29.712Z,tgm/flow-intelligence,6a4f74486de1172b7c0e4f7c073e4f3a,200,1,987,monitoring,1
2026-09-20T13:24:30.603Z,tgm/who-bought-sold,53b2ac25bc483c2ddd8f2545245d7626,200,1,742,monitoring,1
2026-09-20T13:24:31.495Z,tgm/flow-intelligence,526c890011727170c5a92f455095d227,200,1,870,monitoring,1
2026-09-20T13:24:32.254Z,tgm/token-ohlcv,c8fc715b9478d1202e69237871b2cf03,200,1,754,monitoring,1
2026-09-20T13:24:33.045Z,tgm/flow-intelligence,475b5b775ec681398ce6d9030f58cd52,200,1,789,monitoring,1
2026-09-20T13:24:34.099Z,tgm/flow-intelligence,1970f942570bed13228dc60eb0496551,200,1,1052,monitoring,1
2026-09-20T13:24:34.848Z,tgm/who-bought-sold,50a2bc1073c0426c9491ba693304e34a,200,1,743,monitoring,1
2026-09-20T13:24:35.344Z,tgm/flow-intelligence,8cf9da31db85bd293988035b5218f318,200,1,489,monitoring,1
2026-09-20T13:24:35.986Z,tgm/token-ohlcv,dbcf6700afc678527d76ce5594795979,200,1,637,monitoring,1
2026-09-20T13:24:36.916Z,tgm/flow-intelligence,38f0061565998b208a1eb4191c08c67e,200,1,928,monitoring,1
2026-09-20T13:24:37.757Z,tgm/flow-intelligence,b2b87e1350ae0608dcf5744692f70805,200,1,838,monitoring,1
2026-09-20T13:24:38.641Z,tgm/who-bought-sold,27eb3f757f8d3b79ed2741467ef10526,200,1,859,monitoring,1
2026-09-20T13:24:39.589Z,tgm/flow-intelligence,d9f0c81afdd2a17b8e49b50600dc0810,200,1,943,monitoring,1
2026-09-20T13:24:40.580Z,tgm/token-ohlcv,28a52f14b54c9c701893dc7312458632,200,1,977,monitoring,1
2026-09-20T13:24:41.468Z,tgm/flow-intelligence,cfb1c4206a3fca0197b5d821c22fdb4c,200,1,882,monitoring,1
2026-09-20T13:24:42.230Z,tgm/flow-intelligence,2888e70127e02a70d3cafd23f739ac22,200,1,760,monitoring,1
2026-09-20T13:24:42.984Z,tgm/who-bought-sold,b1c82b7a18a3a27dc9256e2e0085eb19,200,1,741,monitoring,1
2026-09-20T13:24:43.509Z,tgm/flow-intelligence,6dbb9f60b574146ecc4a471b95438762,200,1,371,monitoring,1
2026-09-20T13:24:44.160Z,tgm/token-ohlcv,0a961b0545e7ba742b062b37a71c0c65,200,1,650,monitoring,1
2026-09-20T13:24:45.039Z,tgm/flow-intelligence,d798d03974f9115d4dfa485dc4e5e96f,200,1,877,monitoring,1
2026-09-20T13:24:45.919Z,tgm/flow-intelligence,ef40ee4b0688ca6924d62f3b26b1cb69,200,1,877,monitoring,1
2026-09-20T13:24:46.679Z,tgm/who-bought-sold,ceb55c6db6814473e5596a6d526b0c54,200,1,742,monitoring,1
2026-09-20T13:24:47.086Z,tgm/flow-intelligence,d2a4077f131d55497547e2780a7dcd2f,200,1,403,monitoring,1
2026-09-20T13:24:48.159Z,tgm/token-ohlcv,7057b72d806001130cf62a6d3e0d141b,200,1,912,monitoring,1
2026-09-20T13:24:49.184Z,tgm/flow-intelligence,51689438ad603720a6261d67874ada3e,200,1,1023,monitoring,1
2026-09-20T13:24:50.401Z,tgm/flow-intelligence,547e616c12fed253bff3830f1df9275c,200,1,949,monitoring,1
2026-09-20T13:24:51.544Z,tgm/who-bought-sold,1014746d1519ad44f6bb356584614a6e,200,1,1134,monitoring,1
2026-09-20T13:24:52.993Z,tgm/flow-intelligence,e053af372d6e395895016c0833264150,200,1,1431,monitoring,1
2026-09-20T13:24:53.540Z,tgm/token-ohlcv,89f96e739a0c405898f9545e1a18dd77,200,1,545,monitoring,1
2026-09-20T13:25:00.098Z,tgm/flow-intelligence,c824c86efb72824b4747d67bc673c439,200,1,6555,monitoring,1
2026-09-20T13:25:14.165Z,tgm/flow-intelligence,7d1a79652f676319ba729b7c444e4f74,200,1,14064,monitoring,1
2026-09-20T13:26:15.608Z,tgm/flow-intelligence,52534f103db12d74207f45703d34a257,200,1,1350,monitoring,1
2026-09-20T13:26:16.247Z,tgm/token-ohlcv,7d2e700a56788966f20812583b21576c,200,1,634,monitoring,1
2026-09-20T13:26:17.210Z,tgm/flow-intelligence,d967f66ee0c10071e9f41641586fb66f,200,1,961,monitoring,1
2026-09-20T13:26:18.231Z,tgm/flow-intelligence,b85f1e07bbde0d2df1e0b733992b2f0e,200,1,1018,monitoring,1
2026-09-20T13:26:19.436Z,tgm/who-bought-sold,a5e841236a701147d99f627551271575,200,1,989,monitoring,1
2026-09-20T13:26:20.404Z,tgm/flow-intelligence,07c6ae3e178d3d480e852f18f377882d,200,1,960,monitoring,1
2026-09-20T13:26:21.415Z,tgm/token-ohlcv,100fe24192942319d8f8c60dcda68c6e,200,1,1008,monitoring,1
2026-09-20T13:26:22.364Z,tgm/flow-intelligence,9876231a80f5cf7987f66d4b27968c18,200,1,896,monitoring,1
2026-09-20T13:26:23.239Z,tgm/flow-intelligence,af9e3e57b13fb239ed9c0767284b4c57,200,1,874,monitoring,1
2026-09-20T13:26:24.603Z,tgm/who-bought-sold,005da852204df155e4a71f2caffbe629,200,1,663,monitoring,1
2026-09-20T13:26:26.219Z,tgm/flow-intelligence,f353602cbb6744476093ea6e21e7ef16,200,1,1614,monitoring,1
2026-09-20T13:26:27.006Z,tgm/token-ohlcv,b020d3452024c65c5ca24306d734d503,200,1,784,monitoring,1
2026-09-20T13:26:27.884Z,tgm/flow-intelligence,a1fb5c44c24d47266727346da64bc92f,200,1,875,monitoring,1
2026-09-20T13:26:29.053Z,tgm/flow-intelligence,dd92683c0a61625aa69618187e8ec500,200,1,1167,monitoring,1
2026-09-20T13:26:30.009Z,tgm/who-bought-sold,743d6741f15c3d41ad9f7b2efd5cf852,200,1,945,monitoring,1
2026-09-20T13:26:30.484Z,tgm/flow-intelligence,a2f8f668734a3d04cf7e4d7ab7497344,200,1,466,monitoring,1
2026-09-20T13:26:31.100Z,tgm/token-ohlcv,36239e17adf57a46e1db7d58471e1c72,200,1,545,monitoring,1
2026-09-20T13:26:32.483Z,tgm/flow-intelligence,d391b32728aba41311ede7635eb0a704,200,1,1377,monitoring,1
2026-09-20T13:26:33.842Z,tgm/flow-intelligence,3fa13e25f61132221fac0100d835bc3b,200,1,1356,monitoring,1
2026-09-20T13:26:34.603Z,tgm/who-bought-sold,393dac136b2f0c248325b8574021816a,200,1,734,monitoring,1
2026-09-20T13:26:35.483Z,tgm/flow-intelligence,7f225f0798951e0419fd6c6727a62f1a,200,1,875,monitoring,1
2026-09-20T13:26:35.999Z,tgm/token-ohlcv,15f23a00296444368c0d417ca0f8057c,200,1,512,monitoring,1
2026-09-20T13:26:36.717Z,tgm/flow-intelligence,c9b7651e661dac2a5a56c47e33bcc848,200,1,715,monitoring,1
2026-09-20T13:26:37.593Z,tgm/flow-intelligence,dea8f23fa8fa6616700cb83dfad6ae44,200,1,860,monitoring,1
2026-09-20T13:26:38.376Z,tgm/who-bought-sold,ff688e26c7ad230c0de6cf167201187d,200,1,780,monitoring,1
2026-09-20T13:26:39.130Z,tgm/flow-intelligence,fec73359f17ca36fb54e64023d019e7a,200,1,750,monitoring,1
2026-09-20T13:26:39.682Z,tgm/token-ohlcv,b54cb871aac9f74da1bb5114f80c0d2c,200,1,550,monitoring,1
2026-09-20T13:26:40.402Z,tgm/flow-intelligence,8ed3bd6d45b3bb523118df5d4320765f,200,1,717,monitoring,1
2026-09-20T13:26:41.373Z,tgm/flow-intelligence,6501455c48af0c4f27442b0d557ef87c,200,1,743,monitoring,1
2026-09-20T13:26:42.085Z,tgm/who-bought-sold,b124d505a5f2925e2896fc6017261a62,200,1,708,monitoring,1
2026-09-20T13:27:42.953Z,tgm/flow-intelligence,d3850a5f2117797c0dcc4603770b8a6f,200,1,806,monitoring,1
2026-09-20T13:27:43.471Z,tgm/token-ohlcv,ad7c9d3cea39a05bc51a245fe7df701a,200,1,508,monitoring,1
2026-09-20T13:27:44.285Z,tgm/flow-intelligence,bcfa344e195af210e890164dde3e2941,200,1,812,monitoring,1
2026-09-20T13:27:45.104Z,tgm/flow-intelligence,a2ce894bd7ed2a145ec4b96f34679073,200,1,816,monitoring,1
2026-09-20T13:27:45.842Z,tgm/who-bought-sold,00ac8563a8424715dba2e61e51203a4f,200,1,704,monitoring,1
2026-09-20T13:28:47.513Z,tgm/flow-intelligence,044a9d44c070980e62fbdc19d6368c13,200,1,1590,monitoring,1
2026-09-20T13:28:48.304Z,tgm/token-ohlcv,0d0ce0465d3f2747a8e9ec24dd0ef84f,200,1,780,monitoring,1
2026-09-20T13:28:48.689Z,tgm/flow-intelligence,3cd3570602e6b37643aecd4342ec2025,200,1,380,monitoring,1
2026-09-20T13:28:50.247Z,tgm/token-ohlcv,a9a16f2e2bd9a60aa77ab54d4bdd8037,200,1,1555,monitoring,1
2026-09-20T13:29:53.996Z,tgm/flow-intelligence,09ac16296ee29810f51ab111c895d850,200,1,3683,monitoring,1
2026-09-20T13:29:54.941Z,tgm/token-ohlcv,54cfc8429c38ee1b855db61fefcae107,200,1,939,monitoring,1
2026-09-20T13:29:55.306Z,tgm/flow-intelligence,674d7b1a3189353c220f030a6ebe8636,200,1,359,monitoring,1
2026-09-20T13:29:55.891Z,tgm/token-ohlcv,9e8e5a7356be9612831b962138e4fd47,200,1,579,monitoring,1
2026-09-20T13:29:56.387Z,tgm/flow-intelligence,4f49e349bf399f521f3e54792e2c4d66,200,1,490,monitoring,1
2026-09-20T13:29:56.961Z,tgm/token-ohlcv,3480034955c4272fd316d32e57dd7213,200,1,571,monitoring,1
2026-09-20T13:33:02.286Z,tgm/flow-intelligence,098c502a84fcf34b6ad2ba1e5567000b,200,1,5182,monitoring,1
2026-09-20T13:33:03.017Z,tgm/token-ohlcv,4817605ef668d03ac57feb50ff85795f,200,1,706,monitoring,1
2026-09-20T13:34:05.078Z,tgm/flow-intelligence,af8f9a4bd1235c55e09ece12c7483913,200,1,1979,monitoring,1
2026-09-20T13:34:05.784Z,tgm/token-ohlcv,12dc732ec11d367f92e9a144ba9be351,200,1,697,monitoring,1
2026-09-20T13:34:07.052Z,tgm/flow-intelligence,6d6e465bbdbab858dc678d5d83e2a247,200,1,1262,monitoring,1
2026-09-20T13:34:08.033Z,tgm/token-ohlcv,cdad38768a3aef1e5cc54d39bab00875,200,1,977,monitoring,1
2026-09-20T13:34:08.735Z,tgm/flow-intelligence,dfc5f963c0e1e31ec22007404fc7c643,200,1,694,monitoring,1
2026-09-20T13:34:09.289Z,tgm/token-ohlcv,f26f2f2d43d7b871f3d3201326deca72,200,1,551,monitoring,1
2026-09-20T13:34:10.067Z,tgm/flow-intelligence,f795466eb4f969657b58b87718f6f74b,200,1,772,monitoring,1
2026-09-20T13:34:10.781Z,tgm/token-ohlcv,670bfc41a49d5d3c5c0a820c74824355,200,1,707,monitoring,1
2026-09-20T13:34:11.589Z,tgm/flow-intelligence,a0a135309b8287176dc35f0f6d816518,200,1,803,monitoring,1
2026-09-20T13:34:12.355Z,tgm/token-ohlcv,39be80661c99933bb8c4f72c9b94e714,200,1,754,monitoring,1
2026-09-20T13:34:13.474Z,tgm/flow-intelligence,f2bdac351aff211155f13a3510dd7e3e,200,1,1112,monitoring,1
2026-09-20T13:34:14.423Z,tgm/token-ohlcv,30b5f7733b93b43824c4345ada565458,200,1,937,monitoring,1
2026-09-20T13:35:16.319Z,tgm/flow-intelligence,7788fd1e6565003a5088924f56247e5d,200,1,1818,monitoring,1
2026-09-20T13:35:16.959Z,tgm/token-ohlcv,de4aba13faf4a618c22ed51402c33e2e,200,1,633,monitoring,1
2026-09-20T13:35:17.905Z,tgm/flow-intelligence,547c3c1e9df5bc7cea2f88357c768743,200,1,937,monitoring,1
2026-09-20T13:35:18.828Z,tgm/token-ohlcv,f41121551e5ba4410fc50a34dbadce38,200,1,909,monitoring,1
2026-09-20T13:35:19.598Z,tgm/flow-intelligence,dbdd7a158b8eab6845a63e6be6fe9d2d,200,1,764,monitoring,1
2026-09-20T13:35:20.256Z,tgm/token-ohlcv,e00c8a4df7fbc671239f9e6baac99942,200,1,653,monitoring,1
2026-09-20T13:35:21.002Z,tgm/flow-intelligence,a5fe3a4896a9877848ac3044a0538d41,200,1,741,monitoring,1
2026-09-20T13:35:21.605Z,tgm/token-ohlcv,8ef91e56cfcce021310b0f08d4757066,200,1,576,monitoring,1
2026-09-20T13:35:22.562Z,tgm/flow-intelligence,35f33c68e519bb7be5f9e56a04bdff57,200,1,951,monitoring,1
2026-09-20T13:35:23.189Z,tgm/token-ohlcv,bdf73c1018ae906e1ddef875c791e304,200,1,624,monitoring,1
2026-09-20T13:35:23.916Z,tgm/flow-intelligence,66d5841b7828041b1815644f23cdc12b,200,1,722,monitoring,1
2026-09-20T13:35:24.570Z,tgm/token-ohlcv,ebbbe05859092815584efa4dc0060464,200,1,630,monitoring,1
2026-09-20T13:35:25.486Z,tgm/flow-intelligence,f05d907fccda533773d335310d25af74,200,1,913,monitoring,1
2026-09-20T13:35:26.035Z,tgm/token-ohlcv,8c6aa81eda934a4f1ea5973698d21210,200,1,543,monitoring,1
2026-09-20T13:36:27.674Z,tgm/flow-intelligence,add1ba630a1df360c8bccb6a31c0a53d,200,1,1553,monitoring,1
2026-09-20T13:36:28.648Z,tgm/token-ohlcv,59be127bd8e4541160deb36e6c9b1c32,200,1,942,monitoring,1
2026-09-20T13:37:30.241Z,tgm/flow-intelligence,99baaa3c7e0fe0131903af04baf9b875,200,1,1447,monitoring,1
2026-09-20T13:37:30.905Z,tgm/token-ohlcv,2037f3759e1a45577ae55e08fdb6650b,200,1,661,monitoring,1
2026-09-20T13:37:31.682Z,tgm/flow-intelligence,29ef212ce3430875c6b6d871a6905b55,200,1,772,monitoring,1
2026-09-20T13:37:32.195Z,tgm/token-ohlcv,06957a146903a818b944736029299411,200,1,497,monitoring,1
2026-09-20T13:37:33.023Z,tgm/flow-intelligence,5bf48e0cae05520703d34b58204db254,200,1,819,monitoring,1
2026-09-20T13:37:33.594Z,tgm/token-ohlcv,0c7132091d6e9a63e196726bb945eb22,200,1,555,monitoring,1
2026-09-20T13:37:34.613Z,tgm/flow-intelligence,715a1c4b4645c00b95835a0e1692d750,200,1,868,monitoring,1
2026-09-20T13:37:35.467Z,tgm/token-ohlcv,1c16c07218d7975a6165053d70edb85e,200,1,650,monitoring,1
2026-09-20T13:37:36.414Z,tgm/flow-intelligence,6378ec00e8e163285cadb64d6fe91e0a,200,1,903,monitoring,1
2026-09-20T13:37:37.233Z,tgm/token-ohlcv,6195991299172357d6d06e0821333960,200,1,801,monitoring,1
2026-09-20T13:37:38.169Z,tgm/flow-intelligence,6433ec71aafdf574eab7363ede4dfe34,200,1,930,monitoring,1
2026-09-20T13:37:38.996Z,tgm/token-ohlcv,efb70f1eb308d068ee0e7337f5070e2a,200,1,823,monitoring,1
2026-09-20T13:37:40.298Z,tgm/flow-intelligence,f04cf921163e7d644a88ff6e89fb3243,200,1,1297,monitoring,1
2026-09-20T13:37:41.513Z,tgm/token-ohlcv,1de3820fdb15eb63fd1e5460854c5577,200,1,1213,monitoring,1
2026-09-20T13:37:41.890Z,tgm/flow-intelligence,cede877311d3b46a62b2fc6b6bf07157,200,1,370,monitoring,1
2026-09-20T13:37:42.696Z,tgm/token-ohlcv,93063611d689e34d6d35482dc037ad2c,200,1,787,monitoring,1
2026-09-20T13:38:44.503Z,tgm/flow-intelligence,418d821abe028c3fa2a2a4098c7eed3b,200,1,1691,monitoring,1
2026-09-20T13:38:45.353Z,tgm/token-ohlcv,81bec03052fda04afd1f4c2f8425c633,200,1,843,monitoring,1
2026-09-20T13:38:46.715Z,tgm/flow-intelligence,d9ec41081568af57c93efb4587e8fd5d,200,1,1357,monitoring,1
2026-09-20T13:38:47.702Z,tgm/token-ohlcv,c00d544b456100204bf2ff0d67381755,200,1,986,monitoring,1
2026-09-20T13:38:49.057Z,tgm/flow-intelligence,0d974820835d587be5ece953e7291931,200,1,1351,monitoring,1
2026-09-20T13:38:50.533Z,tgm/token-ohlcv,8437d16cef7c137e05f23e7db0def041,200,1,1413,monitoring,1
2026-09-20T13:38:51.763Z,tgm/flow-intelligence,70cb6127e43271614200e628f4023314,200,1,1150,monitoring,1
2026-09-20T13:38:52.813Z,tgm/token-ohlcv,f479df68ece9b730c8006450ab4fb166,200,1,1048,monitoring,1
2026-09-20T13:38:53.409Z,tgm/flow-intelligence,d9521a14697b451e13e8e37a34472f2c,200,1,590,monitoring,1
2026-09-20T13:38:54.168Z,tgm/token-ohlcv,4b8b417778e0dd3f1b1d8b74a39d5d0c,200,1,757,monitoring,1
2026-09-20T13:38:55.454Z,tgm/flow-intelligence,0583110fa841c05737c2672ad5aba078,200,1,1281,monitoring,1
2026-09-20T13:38:56.575Z,tgm/token-ohlcv,ff03d36022c1ef5108a9326b0cca6063,200,1,1117,monitoring,1
2026-09-20T13:39:57.999Z,tgm/flow-intelligence,41b33b1929c0fb4a3718c868a6012f20,200,1,1308,monitoring,1
2026-09-20T13:39:58.865Z,tgm/token-ohlcv,596b077027ae554b9211aa044603b304,200,1,862,monitoring,1
2026-09-20T13:41:00.612Z,tgm/flow-intelligence,f11f122233d23245e638fa4ebbdf7965,200,1,1517,monitoring,1
2026-09-20T13:41:01.535Z,tgm/token-ohlcv,3f14ba2494c9d026a094e1768f2e2e3d,200,1,916,monitoring,1
2026-09-20T13:41:02.584Z,tgm/flow-intelligence,ee9cea16273f767fa7b44d2c9f44d648,200,1,1040,monitoring,1
2026-09-20T13:41:03.889Z,tgm/token-ohlcv,31508f60e666e636b2237d69cbf6bc01,200,1,1298,monitoring,1
2026-09-20T13:42:05.535Z,tgm/flow-intelligence,08aae01788653600c33eba1a8e31f149,200,1,1479,monitoring,1
2026-09-20T13:42:06.290Z,tgm/token-ohlcv,28c30e34aba00b638c09c35e1e0ebe34,200,1,608,monitoring,1
2026-09-20T13:42:08.039Z,tgm/flow-intelligence,62c90d6eb30071195e503400ce2f7b10,200,1,1738,monitoring,1
2026-09-20T13:42:08.706Z,tgm/token-ohlcv,3a02ee784bb8350d7a0b6e0ae02b9424,200,1,662,monitoring,1
2026-09-20T13:42:09.727Z,tgm/flow-intelligence,776f3d10b5a23e727efae45d2ab86204,200,1,1013,monitoring,1
2026-09-20T13:42:10.447Z,tgm/token-ohlcv,6665e626b027f82057ca74521f0ba70d,200,1,715,monitoring,1
2026-09-20T13:45:14.913Z,tgm/flow-intelligence,297648315c50fb3a954180687ca4d63a,200,1,3681,monitoring,1
2026-09-20T13:45:15.724Z,tgm/token-ohlcv,cb21d86675e172526b61804cf826f33c,200,1,802,monitoring,1
2026-09-20T13:46:16.846Z,tgm/flow-intelligence,38939467b3b2142e7793f03448859d6d,200,1,1006,monitoring,1
2026-09-20T13:46:17.856Z,tgm/token-ohlcv,2d0adc43485de475b10e75358288667b,200,1,1006,monitoring,1
2026-09-20T13:46:18.419Z,tgm/flow-intelligence,d9d94574f1cbeb1d4f145c768552ed1f,200,1,555,monitoring,1
2026-09-20T13:46:19.199Z,tgm/token-ohlcv,d12fae6470cffb2de3251660d5a5eb58,200,1,678,monitoring,1
2026-09-20T13:46:20.041Z,tgm/flow-intelligence,50499169d8f6790181e647644e7a6643,200,1,835,monitoring,1
2026-09-20T13:46:20.944Z,tgm/token-ohlcv,6ab0ee691979ba77e6e0536b3be09c4e,200,1,891,monitoring,1
2026-09-20T13:46:21.337Z,tgm/flow-intelligence,ac256467988874614957005a4e39542a,200,1,384,monitoring,1
2026-09-20T13:46:21.915Z,tgm/token-ohlcv,19ba8d3d2d013559f5d3ba0269031f27,200,1,572,monitoring,1
2026-09-20T13:46:22.473Z,tgm/flow-intelligence,f292eb58c7785a277e3321725c43da42,200,1,550,monitoring,1
2026-09-20T13:46:23.118Z,tgm/token-ohlcv,4ed767708ba0da78a21c990353cf164b,200,1,642,monitoring,1
2026-09-20T13:46:24.073Z,tgm/flow-intelligence,015bdd5f5a9a1e6eba0bfb3d0364b57e,200,1,948,monitoring,1
2026-09-20T13:46:24.812Z,tgm/token-ohlcv,2ec4cc337b90c14d2d8d2e3e0eb6e152,200,1,734,monitoring,1
2026-09-20T13:47:25.899Z,tgm/flow-intelligence,5956f47411337b7f44e96b276316a358,200,1,896,monitoring,1
2026-09-20T13:47:26.861Z,tgm/token-ohlcv,7152d16be1896a51fbbe976ed6434514,200,1,957,monitoring,1
2026-09-20T13:47:27.372Z,tgm/flow-intelligence,956f827209629800740cae3731aceb36,200,1,500,monitoring,1
2026-09-20T13:47:27.885Z,tgm/token-ohlcv,0841387b8a35ad1d72d7f63979930967,200,1,508,monitoring,1
2026-09-20T13:47:28.535Z,tgm/flow-intelligence,e5ddb702d1e92c2e81454030ed1ef07d,200,1,643,monitoring,1
2026-09-20T13:47:29.113Z,tgm/token-ohlcv,48f20f21c6499b45114cfe0b1febda06,200,1,572,monitoring,1
2026-09-20T13:47:29.928Z,tgm/flow-intelligence,1edc0b1759c0c32815fa3c33573df74a,200,1,808,monitoring,1
2026-09-20T13:47:30.873Z,tgm/token-ohlcv,ba676e629cde916ce69e0d551b1b3475,200,1,942,monitoring,1
2026-09-20T13:47:31.671Z,tgm/flow-intelligence,e9bd306390cecb7121afae081631a457,200,1,792,monitoring,1
2026-09-20T13:47:32.187Z,tgm/token-ohlcv,7e51340bd06b552fc385490929e7df31,200,1,511,monitoring,1
2026-09-20T13:47:32.901Z,tgm/flow-intelligence,a0c43c388bef39176e1f0337c9c4c90f,200,1,706,monitoring,1
2026-09-20T13:47:33.725Z,tgm/token-ohlcv,fbc73305b2478962f4b0433143ba4326,200,1,821,monitoring,1
2026-09-20T13:48:35.319Z,tgm/flow-intelligence,66c5bd58e547814414e03c524e414f2c,200,1,1468,monitoring,1
2026-09-20T13:48:35.936Z,tgm/token-ohlcv,95ed573c6856ec5ebeaa713e8899aa7e,200,1,609,monitoring,1
2026-09-20T13:48:36.900Z,tgm/flow-intelligence,1fe4703189884676713ae44e38fc2837,200,1,953,monitoring,1
2026-09-20T13:48:38.030Z,tgm/token-ohlcv,64ec5f475dfb050ff1b411212c5f005b,200,1,1124,monitoring,1
2026-09-20T13:49:39.373Z,tgm/flow-intelligence,70902c0ac6e24f7bdb6390451d38027e,200,1,1181,monitoring,1
2026-09-20T13:49:40.279Z,tgm/token-ohlcv,15f9b124d31c63529619ff4dbc0b742e,200,1,704,monitoring,1
2026-09-20T13:49:41.105Z,tgm/flow-intelligence,73ccfb5f65d9334f5249e140c080a474,200,1,819,monitoring,1
2026-09-20T13:49:41.657Z,tgm/token-ohlcv,0618c538daf9fd179ae4312a10e8980c,200,1,533,monitoring,1
2026-09-20T13:49:42.166Z,tgm/flow-intelligence,f08f5d65c6ca47772e28e8359f92d138,200,1,501,monitoring,1
2026-09-20T13:49:42.679Z,tgm/token-ohlcv,f5110a6517f72310424c1d111c2f3b5e,200,1,506,monitoring,1
2026-09-20T13:49:43.151Z,tgm/flow-intelligence,de1bac1c3e501767e5b8d543c31ff072,200,1,427,monitoring,1
2026-09-20T13:49:43.871Z,tgm/token-ohlcv,5358f00ddfb32e1a5601017e18d9a246,200,1,715,monitoring,1
2026-09-20T13:49:44.779Z,tgm/flow-intelligence,8c9dda7ee176a4074eea8109006ad65e,200,1,900,monitoring,1
2026-09-20T13:49:45.511Z,tgm/token-ohlcv,02c9b4191dd4b6131190d25d30c2057b,200,1,724,monitoring,1
2026-09-20T13:50:47.049Z,tgm/flow-intelligence,7d5724669dea4467e0a3606280ecc567,200,1,1376,monitoring,1
2026-09-20T13:50:47.782Z,tgm/token-ohlcv,83d1616b02f7da76060f243c5d452318,200,1,726,monitoring,1
2026-09-20T13:50:48.280Z,tgm/flow-intelligence,b59de56f779e6d5a07b5b931d858f739,200,1,487,monitoring,1
2026-09-20T13:50:48.926Z,tgm/token-ohlcv,5f9d09133ad0a554d9629314f799b36f,200,1,640,monitoring,1
2026-09-20T13:50:49.318Z,tgm/flow-intelligence,f1fd011ae1081d092554d67235eaf17e,200,1,384,monitoring,1
2026-09-20T13:50:50.229Z,tgm/token-ohlcv,d0d01e1dee225c5002bec9438e60a175,200,1,905,monitoring,1
2026-09-20T13:50:51.247Z,tgm/flow-intelligence,92c8b7010e62df7f72490f231abe5c1a,200,1,1007,monitoring,1
2026-09-20T13:50:51.979Z,tgm/token-ohlcv,dbc7fb6c47b91053ff63e5023a650500,200,1,727,monitoring,1
2026-09-20T13:51:54.667Z,tgm/flow-intelligence,6ddeb2710a54ac3924b5496853edba05,200,1,2504,monitoring,1
2026-09-20T13:51:56.330Z,tgm/token-ohlcv,82ce3652b178c424591ae5344f1e6132,200,1,1657,monitoring,1
2026-09-20T13:51:56.738Z,tgm/flow-intelligence,014591792ca4ce534f9e8a3e35d98145,200,1,399,monitoring,1
2026-09-20T13:51:57.668Z,tgm/token-ohlcv,5fc7463552c0015154487521e1957d07,200,1,926,monitoring,1
2026-09-20T13:51:58.245Z,tgm/flow-intelligence,0439c675ad625a5630b4de39a3573d76,200,1,569,monitoring,1
2026-09-20T13:51:58.827Z,tgm/token-ohlcv,a0452e3107b70c52beb1e3372876e46e,200,1,571,monitoring,1
2026-09-20T13:51:59.203Z,tgm/flow-intelligence,d9f0e6174729151f0e3412330d53bb40,200,1,367,monitoring,1
2026-09-20T13:51:59.883Z,tgm/token-ohlcv,9e77fd08d50fe86eecb7b45f9fbc8e02,200,1,633,monitoring,1
2026-09-20T13:52:00.547Z,tgm/flow-intelligence,5523e70c4d9afb4e421b4328595cad02,200,1,612,monitoring,1
2026-09-20T13:52:01.035Z,tgm/token-ohlcv,408b0e4a498b4a0f28b1e06c9cbfaa2c,200,1,480,monitoring,1
2026-09-20T13:53:02.284Z,tgm/flow-intelligence,0e6f061370b5321de7b0c07beb024e0d,200,1,1065,monitoring,1
2026-09-20T13:53:02.888Z,tgm/token-ohlcv,13b5772dc4d0423b67fc25036a5eee24,200,1,597,monitoring,1
2026-09-20T13:55:04.934Z,tgm/flow-intelligence,c5d6c81f7fe12b15086c5b1886999f04,200,1,1628,monitoring,1
2026-09-20T13:55:05.445Z,tgm/token-ohlcv,83f8482cecb2e5572869176ff5ec7658,200,1,502,monitoring,1
2026-09-20T13:55:06.833Z,tgm/flow-intelligence,de8004126c15bc5e0e39582c80f9e369,200,1,1375,monitoring,1
2026-09-20T13:55:07.277Z,tgm/token-ohlcv,76b52161f04d3a490ec2067c4cd2e369,200,1,433,monitoring,1
2026-09-20T13:55:08.041Z,tgm/flow-intelligence,b80cd0279f048c5177da131b2aac552a,200,1,752,monitoring,1
2026-09-20T13:55:08.590Z,tgm/token-ohlcv,bc346c570e53833731fed90433ea8d38,200,1,533,monitoring,1
2026-09-20T13:58:09.688Z,tgm/flow-intelligence,34abc53dbc4dda2d1c130824e312a429,200,1,810,monitoring,1
2026-09-20T13:58:10.394Z,tgm/token-ohlcv,d0422f70543d1c3624993d3d2068a229,200,1,689,monitoring,1
2026-09-20T13:59:11.404Z,tgm/flow-intelligence,bb51a81f8a4dc55f5760d779214f9b46,200,1,825,monitoring,1
2026-09-20T13:59:12.221Z,tgm/token-ohlcv,a000780d0c9c8f3cf6a9be43c8338037,200,1,810,monitoring,1
2026-09-20T13:59:12.659Z,tgm/flow-intelligence,aa4d9811383b051829c6b32c8d220008,200,1,425,monitoring,1
2026-09-20T13:59:13.565Z,tgm/token-ohlcv,4c66377fc7495e7b08e72111e7b82d5f,200,1,890,monitoring,1
2026-09-20T13:59:13.990Z,tgm/flow-intelligence,12863c2198d5363363dbc963bcd3d432,200,1,414,monitoring,1
2026-09-20T13:59:14.505Z,tgm/token-ohlcv,7977360f6739a937497fbf5bc5dd6d0e,200,1,509,monitoring,1
2026-09-20T13:59:15.256Z,tgm/flow-intelligence,2e8307335166e16cad969b6dddf44f79,200,1,743,monitoring,1
2026-09-20T13:59:15.771Z,tgm/token-ohlcv,4b0a06224216f96f0eb3ed0646fe2e11,200,1,508,monitoring,1
2026-09-20T13:59:16.212Z,tgm/flow-intelligence,258a1922e488883c45be49686741f428,200,1,432,monitoring,1
2026-09-20T13:59:16.798Z,tgm/token-ohlcv,5907d20b6fada217d38a2a4bd27e081b,200,1,581,monitoring,1
2026-09-20T13:59:17.177Z,tgm/flow-intelligence,6e70cb1345f31117e25ea37bb97ad135,200,1,372,monitoring,1
2026-09-20T13:59:17.831Z,tgm/token-ohlcv,0a29c625b67e8612da6fd2512fb3df47,200,1,648,monitoring,1
2026-09-20T14:00:20.190Z,tgm/flow-intelligence,9026646a23703441e47a445599f4ee5b,200,1,2243,monitoring,1
2026-09-20T14:00:20.831Z,tgm/token-ohlcv,d6968d668c1902744b64b817084e976d,200,1,633,monitoring,1
2026-09-20T14:00:22.239Z,tgm/flow-intelligence,8b7515014a16ed1a79737458c03cc209,200,1,1396,monitoring,1
2026-09-20T14:00:22.849Z,tgm/token-ohlcv,3ec2b429d238ea297e98db3fc96cc11c,200,1,606,monitoring,1
2026-09-20T14:00:24.179Z,tgm/flow-intelligence,b21c6d1b926bd752f3cd1c63e1781e12,200,1,1323,monitoring,1
2026-09-20T14:00:24.796Z,tgm/token-ohlcv,f1c90b46d59b512fdd80c814d8b0a23e,200,1,612,monitoring,1
2026-09-20T14:00:25.916Z,tgm/flow-intelligence,800a683aa9c7bc55465ab74974d24e2f,200,1,1108,monitoring,1
2026-09-20T14:00:26.693Z,tgm/token-ohlcv,adac2b58a26509727d229502307ed502,200,1,771,monitoring,1
2026-09-20T14:00:27.659Z,tgm/flow-intelligence,33771c10f8c5a01b95aac42d4a7dec4b,200,1,958,monitoring,1
2026-09-20T14:00:28.482Z,tgm/token-ohlcv,d4039143970aad01d8cc9d740584986e,200,1,818,monitoring,1
2026-09-20T14:00:29.403Z,tgm/flow-intelligence,7cc2de16bf09733e45f7c7012c399345,200,1,911,monitoring,1
2026-09-20T14:00:30.121Z,tgm/token-ohlcv,8f02b71553331825b6f81e0f29f36c3e,200,1,714,monitoring,1
2026-09-20T14:01:31.868Z,tgm/flow-intelligence,98673b7dae4778025b359003b40dce4c,200,1,1564,monitoring,1
2026-09-20T14:01:32.485Z,tgm/token-ohlcv,a6be212716ad0a370f561a1b70893b46,200,1,611,monitoring,1
2026-09-20T14:01:34.530Z,tgm/flow-intelligence,e54c7209d10d214e26bf2e637db4ad06,200,1,2033,monitoring,1
2026-09-20T14:01:35.248Z,tgm/token-ohlcv,8ab361007302b94867b0ef7f42d9765a,200,1,713,monitoring,1
2026-09-20T14:02:36.791Z,tgm/flow-intelligence,e2ab2f7b1accf903323f4819b9466f1d,200,1,1387,monitoring,1
2026-09-20T14:02:37.409Z,tgm/token-ohlcv,8c1e186d280e980d6a5bea34e886be03,200,1,610,monitoring,1
2026-09-20T14:02:38.189Z,tgm/flow-intelligence,980b4e6133ed9f34c4323e760f87ac66,200,1,772,monitoring,1
2026-09-20T14:02:38.811Z,tgm/token-ohlcv,b37c8f01131306587db66a40f068717d,200,1,615,monitoring,1
2026-09-20T14:02:39.599Z,tgm/flow-intelligence,dde70f6fea32282faaa5f6608ce21529,200,1,778,monitoring,1
2026-09-20T14:02:41.139Z,tgm/token-ohlcv,173e145ff4a3bf6c5d898f3cf9e9435a,200,1,1536,monitoring,1
2026-09-20T14:02:42.009Z,tgm/flow-intelligence,6f8eb74e9a404a27611493725e84033e,200,1,864,monitoring,1
2026-09-20T14:02:42.931Z,tgm/token-ohlcv,64021c56e12bd00245163c56861ba60b,200,1,919,monitoring,1
2026-09-20T14:02:43.953Z,tgm/flow-intelligence,de037e4a95a554172b96084cb6169069,200,1,1016,monitoring,1
2026-09-20T14:02:44.658Z,tgm/token-ohlcv,a682050c172fc66b401992605e59756f,200,1,511,monitoring,1
2026-09-20T14:03:46.235Z,tgm/flow-intelligence,64b902739945b73dbb0e9c676d1fdc7b,200,1,1459,monitoring,1
2026-09-20T14:03:47.201Z,tgm/token-ohlcv,0d38d7652944af4a7ab1fb4606f9f346,200,1,960,monitoring,1
2026-09-20T14:03:48.053Z,tgm/flow-intelligence,c0539d658b462f63df79e363ce8b744b,200,1,843,monitoring,1
2026-09-20T14:03:48.675Z,tgm/token-ohlcv,dce595790f820157bea9277f3d749d51,200,1,616,monitoring,1
2026-09-20T14:03:54.990Z,tgm/flow-intelligence,55a6953736238e63192c6b093e51e837,200,1,6304,monitoring,1
2026-09-20T14:03:55.556Z,tgm/token-ohlcv,ec80e22ff20bf21e9229ef011c5ca039,200,1,561,monitoring,1
2026-09-20T14:03:56.254Z,tgm/flow-intelligence,467a556ea3aae12fd244595d87c9787b,200,1,687,monitoring,1
2026-09-20T14:03:57.364Z,tgm/token-ohlcv,1f516e15b7fa0c14108ee86dea993a76,200,1,1108,monitoring,1
2026-09-20T14:04:59.227Z,tgm/flow-intelligence,f15deb596d80fa518d3bf43a5293687f,200,1,1764,monitoring,1
2026-09-20T14:05:00.334Z,tgm/token-ohlcv,f3699a174ff23530dae92a0cc85cef45,200,1,1021,monitoring,1
2026-09-20T14:05:01.274Z,tgm/flow-intelligence,df68e92552f02c52de41464529898414,200,1,932,monitoring,1
2026-09-20T14:05:01.991Z,tgm/token-ohlcv,e963ba4ed73d130eac6a8134cc1d4d10,200,1,712,monitoring,1
2026-09-20T14:05:02.495Z,tgm/flow-intelligence,d6e58c5d690b787c5e1b0c650aa6db21,200,1,495,monitoring,1
2026-09-20T14:05:03.429Z,tgm/token-ohlcv,9ccaf117618dce364edaaf4601b5ad31,200,1,926,monitoring,1
2026-09-20T14:05:04.647Z,tgm/flow-intelligence,3602c14967946f7b6b3f3760ee1ec314,200,1,1007,monitoring,1
2026-09-20T14:05:05.604Z,tgm/token-ohlcv,a45b4e7496951b10ad6bf65927f99563,200,1,914,monitoring,1
2026-09-20T14:05:06.610Z,tgm/flow-intelligence,63aa34148cabb5610e96f8083c02020d,200,1,983,monitoring,1
2026-09-20T14:05:07.419Z,tgm/token-ohlcv,e606cd51389678724b6b296bbce81f67,200,1,806,monitoring,1
2026-09-20T14:06:08.816Z,tgm/flow-intelligence,8829d217fddce53c4487f6335fe74f13,200,1,1235,monitoring,1
2026-09-20T14:06:09.576Z,tgm/token-ohlcv,bc8b154907f0f17c61830f164b3eb23d,200,1,755,monitoring,1
2026-09-20T14:06:10.596Z,tgm/flow-intelligence,03efe3135624a947d081187436d38018,200,1,1012,monitoring,1
2026-09-20T14:06:11.932Z,tgm/token-ohlcv,107e781175ca74178badbb4ac63add56,200,1,1330,monitoring,1
2026-09-20T14:06:12.852Z,tgm/flow-intelligence,55e5423f27fd0e4d38cdc132d3720a12,200,1,909,monitoring,1
2026-09-20T14:06:13.775Z,tgm/token-ohlcv,e848a215a115705bb8bc3412918bfb4f,200,1,917,monitoring,1
2026-09-20T14:07:16.900Z,tgm/flow-intelligence,2a7b9f7887c05d00677829407f522961,200,1,2972,monitoring,1
2026-09-20T14:07:17.602Z,tgm/token-ohlcv,60fee727753abd31dd8b1d3a01521f5f,200,1,690,monitoring,1
2026-09-20T14:07:19.513Z,tgm/flow-intelligence,330e854bb7400e620e9caa5ae09e904e,200,1,1900,monitoring,1
2026-09-20T14:07:20.131Z,tgm/token-ohlcv,2259e45e4cd4a337974f61168405b667,200,1,612,monitoring,1
2026-09-20T14:07:21.047Z,tgm/flow-intelligence,8b48b83f86529b6256cf1850b7dbf402,200,1,908,monitoring,1
2026-09-20T14:07:21.786Z,tgm/token-ohlcv,677720171f4d9c097af85147886f4908,200,1,703,monitoring,1
2026-09-20T14:10:23.735Z,tgm/flow-intelligence,25be2c6906bd395abc3e82339c676455,200,1,1642,monitoring,1
2026-09-20T14:10:24.690Z,tgm/token-ohlcv,f145f544652af85d939f083fbbf38366,200,1,938,monitoring,1
2026-09-20T14:11:26.976Z,tgm/flow-intelligence,7e727114ad40d03cece0e360fb3dfd78,200,1,2122,monitoring,1
2026-09-20T14:11:27.838Z,tgm/token-ohlcv,f56c444f835ec3135c880106c08b555f,200,1,854,monitoring,1
2026-09-20T14:11:29.063Z,tgm/flow-intelligence,43399a6fb954987b7d3d5c1f6bddb413,200,1,1215,monitoring,1
2026-09-20T14:11:30.903Z,tgm/token-ohlcv,110a59754aeacc15b38efc308d63de23,200,1,1837,monitoring,1
2026-09-20T14:11:31.879Z,tgm/flow-intelligence,b8adb31e01244c5a9dc0196794595020,200,1,969,monitoring,1
2026-09-20T14:11:32.848Z,tgm/token-ohlcv,9e11bc077abc0b7824a9ec46253d810f,200,1,966,monitoring,1
2026-09-20T14:11:33.670Z,tgm/flow-intelligence,c4375b628217e05fbca23b7750b31f7a,200,1,814,monitoring,1
2026-09-20T14:11:34.431Z,tgm/token-ohlcv,3abd2d34bb52c124c9633c09922e1767,200,1,749,monitoring,1
2026-09-20T14:11:35.203Z,tgm/flow-intelligence,24336a28fdf5f4099f276643d37a5373,200,1,766,monitoring,1
2026-09-20T14:11:35.940Z,tgm/token-ohlcv,41419e1507d3280817e1f73017de6202,200,1,728,monitoring,1
2026-09-20T14:11:39.157Z,tgm/flow-intelligence,95042b2ee8262759522deb1da15ef267,200,1,3175,monitoring,1
2026-09-20T14:11:40.224Z,tgm/token-ohlcv,a7153b1a4fc2b51489088244af9e4606,200,1,1063,monitoring,1
2026-09-20T14:12:44.314Z,tgm/flow-intelligence,1375077b3eca3a27106ebc2ce5331a32,200,1,3928,monitoring,1
2026-09-20T14:12:45.123Z,tgm/token-ohlcv,e89c6c32bf06590985efbe5e9a6a5258,200,1,803,monitoring,1
2026-09-20T14:12:46.066Z,tgm/flow-intelligence,f30de51dc3d0534035f7f90aac0e3b28,200,1,932,monitoring,1
2026-09-20T14:12:46.910Z,tgm/token-ohlcv,dbdbb13312307a33ab847b0ad7a2883c,200,1,839,monitoring,1
2026-09-20T14:12:48.565Z,tgm/flow-intelligence,a15f985927bdee6cdeb7d715b158c97a,200,1,1647,monitoring,1
2026-09-20T14:12:49.376Z,tgm/token-ohlcv,c7d582112a53c4542d7e2c5c8cf7d905,200,1,800,monitoring,1
2026-09-20T14:12:50.367Z,tgm/flow-intelligence,17d1d54563f57444d264c7182884f857,200,1,980,monitoring,1
2026-09-20T20:25:04.646Z,tgm/flow-intelligence,1a7dc960857185495099aa522f9da316,200,1,1948,monitoring,1
2026-09-20T20:25:05.832Z,tgm/token-ohlcv,1f8a4d31c8f54e220677bb0c40ec120f,200,1,1181,monitoring,1
2026-09-20T20:25:07.038Z,tgm/flow-intelligence,1d6c6a205b5f1c0cc3c35056a5f9d50f,200,1,1185,monitoring,1
2026-09-20T20:25:07.964Z,tgm/token-ohlcv,088c234ab989873c488e99117f9f4a1e,200,1,919,monitoring,1
2026-09-20T20:25:09.273Z,tgm/flow-intelligence,4aac1a1c74926a06c1ffd823d5ae5e61,200,1,1213,monitoring,1
2026-09-20T20:25:10.414Z,tgm/token-ohlcv,2796261fca9ff14aeab7017e409df15a,200,1,1123,monitoring,1
2026-09-20T20:25:11.039Z,tgm/flow-intelligence,0f8b69000df943418d246d23eab1bb7e,200,1,608,monitoring,1
2026-09-20T20:25:11.620Z,tgm/token-ohlcv,e13962714be8637f3d46195e08d08810,200,1,568,monitoring,1
2026-09-20T20:25:12.006Z,tgm/flow-intelligence,4d367f189d2ea7126c3d4b50316b7b04,200,1,373,monitoring,1
2026-09-20T20:25:12.768Z,tgm/token-ohlcv,d1e26e2ceb6ed8024612c87e0539dc36,200,1,558,monitoring,1
2026-09-20T20:25:13.497Z,tgm/flow-intelligence,56a919737c8ce747a5c8e01ca27ebc72,200,1,475,monitoring,1
2026-09-20T20:25:15.259Z,tgm/token-ohlcv,3ddb12501cc7214498fe72397552b25b,200,1,1757,monitoring,1
2026-09-20T20:25:16.048Z,tgm/flow-intelligence,d4a9876757d8ed3eda191f195e07e00d,200,1,777,monitoring,1
2026-09-20T20:25:17.050Z,tgm/token-ohlcv,9fded32c3916d408b9f15e677f98087c,200,1,987,monitoring,1
2026-09-20T20:25:17.781Z,tgm/flow-intelligence,90fbca66d0511860f470e9763e617611,200,1,724,monitoring,1
2026-09-20T20:25:18.337Z,tgm/token-ohlcv,4466a370ca9ec551e878824618102b58,200,1,552,monitoring,1
2026-09-20T20:25:19.369Z,tgm/flow-intelligence,e4b7893cd095103e4f9bd103b8542f4e,200,1,1022,monitoring,1
2026-09-20T20:25:20.555Z,tgm/token-ohlcv,2277b310c292a15f76170b669de40144,200,1,1183,monitoring,1
2026-09-20T20:25:21.270Z,tgm/flow-intelligence,634bd62536a4fc0133098c4546b0461c,200,1,452,monitoring,1
2026-09-20T20:25:22.604Z,tgm/token-ohlcv,2907cb593037c11322834e0eb6dc3766,200,1,1330,monitoring,1
2026-09-20T20:25:23.419Z,tgm/flow-intelligence,7d1b676a446a844bdb41625b002bbe45,200,1,797,monitoring,1
2026-09-20T20:25:27.115Z,tgm/token-ohlcv,e8c7be39ff388e3219e75d42a4de8b07,200,1,3692,monitoring,1
2026-09-20T20:25:28.338Z,tgm/flow-intelligence,6d213d6e8acd267d23ff2d1da94d3d5f,200,1,1211,monitoring,1
2026-09-20T20:25:29.773Z,tgm/token-ohlcv,0f82115fb63b9b3306912034fff1b828,200,1,1430,monitoring,1
2026-09-20T20:25:30.899Z,tgm/flow-intelligence,d09a346cf74b9d5fbe578f001885782f,200,1,1107,monitoring,1
2026-09-20T20:25:34.698Z,tgm/token-ohlcv,eb4859356483d621bb89c01ba5668660,200,1,3795,monitoring,1
2026-09-20T20:25:35.096Z,tgm/flow-intelligence,6be6df6543b7e97d9556062860d77558,200,1,388,monitoring,1
2026-09-20T20:25:42.466Z,tgm/token-ohlcv,0d83621524c57c5b09fe2208732c3014,200,1,7063,monitoring,1
2026-09-20T20:25:43.391Z,tgm/flow-intelligence,1d94f076bd73b86dcffabf795c710f3e,200,1,914,monitoring,1
2026-09-20T20:25:44.210Z,tgm/token-ohlcv,08901441c527b15de55e6c0325240538,200,1,814,monitoring,1
2026-09-20T20:25:45.132Z,tgm/flow-intelligence,f5561c6313d48137af7c0a1c80951d5f,200,1,910,monitoring,1
2026-09-20T20:25:46.261Z,tgm/token-ohlcv,cdbb5e3aac3dfa26f88e622c8dd3532c,200,1,1124,monitoring,1
2026-09-20T20:25:47.282Z,tgm/flow-intelligence,ee169a77e377d96c412c1b4894c9696c,200,1,1014,monitoring,1
2026-09-20T20:25:48.615Z,tgm/token-ohlcv,fc983e571bee7c34bcc1096156ea8e55,200,1,1328,monitoring,1
2026-09-20T20:25:49.456Z,tgm/flow-intelligence,8a5c7e70ac59671acbcd3e71c43d846d,200,1,812,monitoring,1
2026-09-20T20:25:50.665Z,tgm/token-ohlcv,c12fc45d1edb904900124117049e7e2d,200,1,1203,monitoring,1
2026-09-20T20:25:51.684Z,tgm/flow-intelligence,3b91244d82a0800a977e1250010cf151,200,1,1016,monitoring,1
2026-09-20T20:25:53.016Z,tgm/flow-intelligence,abdad6771baf3a60f836dc4672cd0807,200,1,1329,monitoring,1
2026-09-20T20:25:54.251Z,tgm/who-bought-sold,b9d04a070e7dca099df53c6271646c4e,200,1,1229,monitoring,1
2026-09-20T20:25:55.292Z,tgm/flow-intelligence,4e5d1b56540754795591be6e821e5a6b,200,1,1021,monitoring,1
2026-09-20T20:25:56.504Z,tgm/token-ohlcv,7c41666e531c22359cad1427ca9e8144,200,1,1203,monitoring,1
2026-09-20T20:25:57.933Z,tgm/flow-intelligence,487cee78cd17c25deb0d8723338c2157,200,1,1425,monitoring,1
2026-09-20T20:25:58.969Z,tgm/flow-intelligence,2adcc74b38b9377441a70056149c5674,200,1,1030,monitoring,1
2026-09-20T20:25:59.880Z,tgm/who-bought-sold,ba74917e211b9f137c985225fdbb6b79,200,1,905,monitoring,1
2026-09-20T20:26:05.818Z,tgm/flow-intelligence,4c1c5d645622721fe1381c2905fa3f67,200,1,5924,monitoring,1
2026-09-20T20:26:06.897Z,tgm/token-ohlcv,f0428106f150c52d58d05b670034b716,200,1,1075,monitoring,1
2026-09-20T20:26:07.966Z,tgm/flow-intelligence,5da1f156489b4821d141417ab6f9846a,200,1,1065,monitoring,1
2026-09-20T20:26:09.295Z,tgm/flow-intelligence,4251053f7da72a07fcae503530527455,200,1,1325,monitoring,1
2026-09-20T20:26:10.199Z,tgm/who-bought-sold,1362263e10ee9e5a7749b03f15bba87a,200,1,744,monitoring,1
2026-09-20T20:26:11.820Z,tgm/flow-intelligence,9308c3122efb32306915d556866d0611,200,1,1607,monitoring,1
2026-09-20T20:26:14.126Z,tgm/token-ohlcv,1530b31b3ab11d6fd1315339138b612e,200,1,2303,monitoring,1
2026-09-20T20:26:15.236Z,tgm/flow-intelligence,3cc72771fcd9e33576b49c62f3583063,200,1,1107,monitoring,1
2026-09-20T20:26:16.581Z,tgm/flow-intelligence,3efad004b3e25c149c8b5f41a7cde621,200,1,1340,monitoring,1
2026-09-20T20:26:17.803Z,tgm/who-bought-sold,6fe6ca63ba4b4833612cd55d1953a81f,200,1,1212,monitoring,1
2026-09-20T20:26:18.820Z,tgm/flow-intelligence,9946457d8f63a249667e29537c83c144,200,1,996,monitoring,1
2026-09-20T20:26:19.680Z,tgm/token-ohlcv,4074631da2a44949cd523315af5a2e01,200,1,845,monitoring,1
2026-09-20T20:26:20.539Z,tgm/flow-intelligence,a9ae7b53857fbb7e77fd226b9ba2d813,200,1,854,monitoring,1
2026-09-20T20:26:21.689Z,tgm/flow-intelligence,a443d0428e786a6de776b94ae2d1151f,200,1,1145,monitoring,1
2026-09-20T20:26:22.976Z,tgm/who-bought-sold,98483a2093e44c704c1a417ad9bc9d3d,200,1,1282,monitoring,1
2026-09-20T20:26:24.351Z,tgm/flow-intelligence,8dd4b96133a59f3ffca6cd7dd5c03664,200,1,1354,monitoring,1
2026-09-20T20:26:25.338Z,tgm/token-ohlcv,ebc40e2c099d870abe6928149354b834,200,1,982,monitoring,1
2026-09-20T20:26:26.707Z,tgm/flow-intelligence,ae8c8308451a8471cad6a76ae2309216,200,1,1365,monitoring,1
2026-09-20T20:26:28.384Z,tgm/flow-intelligence,340cea670393fc6d0586c6201fd1f813,200,1,1672,monitoring,1
2026-09-20T20:26:30.192Z,tgm/who-bought-sold,d6c8394bd917d35fb0620f105e82911e,200,1,1800,monitoring,1
2026-09-20T20:26:31.626Z,tgm/flow-intelligence,a49de20736a2ef571c15f87c8c04b062,200,1,1413,monitoring,1
2026-09-20T20:26:32.624Z,tgm/token-ohlcv,df9cb56bed55386f7af5b8135be9523e,200,1,995,monitoring,1
2026-09-20T20:26:33.871Z,tgm/flow-intelligence,5ba2ed52fadb4a030a42c26708522667,200,1,1245,monitoring,1
2026-09-20T20:26:35.522Z,tgm/flow-intelligence,027204669f8092524e280e1456f20515,200,1,1647,monitoring,1
2026-09-20T20:26:36.845Z,tgm/who-bought-sold,7cc8c01d7b30323fa0b5c258dacbbb3a,200,1,1317,monitoring,1
2026-09-20T20:26:38.061Z,tgm/flow-intelligence,068e4b7874f3a6142c9770115d325355,200,1,1205,monitoring,1
2026-09-20T20:26:39.065Z,tgm/token-ohlcv,3c6ed42af1ba94340ed7221c5b852a34,200,1,992,monitoring,1
2026-09-20T20:26:40.155Z,tgm/flow-intelligence,da08f02c7fce691254c92a792399ec22,200,1,1087,monitoring,1
2026-09-20T20:26:41.873Z,tgm/flow-intelligence,2f5ace67d53f613fa404267599ea6e59,200,1,1714,monitoring,1
2026-09-20T20:26:42.914Z,tgm/who-bought-sold,04cd3a305d1d8855a4ec04229c3a7e4c,200,1,1031,monitoring,1
2026-09-20T20:26:43.857Z,tgm/flow-intelligence,7b67e5193f25ce0489f0733c6d939400,200,1,935,monitoring,1
2026-09-20T20:26:45.037Z,tgm/token-ohlcv,e7f81824b19fb3394373cb086260fe3d,200,1,1175,monitoring,1
2026-09-20T20:26:45.989Z,tgm/flow-intelligence,05e2b437fb80c962f3b90e15b226980d,200,1,948,monitoring,1
2026-09-20T20:26:47.081Z,tgm/flow-intelligence,b744791ae0a1f02c2e8ad611d7652063,200,1,1090,monitoring,1
2026-09-20T20:26:48.028Z,tgm/who-bought-sold,b5cc201925e3426ebf6a5d3000386237,200,1,944,monitoring,1
2026-09-20T20:26:48.546Z,tgm/flow-intelligence,01b818571ada8255d2472d178b6a077e,200,1,507,monitoring,1
2026-09-20T20:26:49.234Z,tgm/token-ohlcv,d557cb3abb95e24c0c06df4f85df5509,200,1,685,monitoring,1
2026-09-20T20:26:50.156Z,tgm/flow-intelligence,54947330799b5e51b1156803fff9fc66,200,1,918,monitoring,1
2026-09-20T20:26:51.180Z,tgm/flow-intelligence,f5fc5c2e51e43f2aa851ca2ceebb3c51,200,1,1019,monitoring,1
2026-09-20T20:26:52.702Z,tgm/who-bought-sold,a1c915077170b45d4902d813d9d2c728,200,1,1518,monitoring,1
2026-09-20T20:26:53.744Z,tgm/flow-intelligence,cd4d54616234fc2e1b9e5f170ebded09,200,1,1036,monitoring,1
2026-09-20T20:26:54.796Z,tgm/token-ohlcv,da4dbe030e18ee0b7ca94473afe1121e,200,1,1050,monitoring,1
2026-09-20T20:26:55.936Z,tgm/flow-intelligence,bee1d51072871a666431d85457fe3437,200,1,1135,monitoring,1
2026-09-20T20:26:56.915Z,tgm/flow-intelligence,13d24a1416c89c65d32c816ac4a76f48,200,1,975,monitoring,1
2026-09-20T20:26:57.563Z,tgm/who-bought-sold,03731c1e4ff7a964d06098639282fc50,200,1,621,monitoring,1
2026-09-20T20:26:58.366Z,tgm/flow-intelligence,3f35ca692e7a325b50ac883e056ffc3f,200,1,793,monitoring,1
2026-09-20T20:26:59.100Z,tgm/token-ohlcv,aa99eb7f1c66e8447336220b521ea576,200,1,731,monitoring,1
2026-09-20T20:27:00.086Z,tgm/flow-intelligence,f13407251a43fb604fd2644226397868,200,1,984,monitoring,1
2026-09-20T20:27:01.314Z,tgm/flow-intelligence,4ac7746e35b9324bcacf2341b2521e5d,200,1,1225,monitoring,1
2026-09-20T20:27:02.135Z,tgm/who-bought-sold,d4c4a27a535c1530e03e793d941ebf6e,200,1,818,monitoring,1
2026-09-20T20:27:02.955Z,tgm/flow-intelligence,815088612d6db96309f34160bccffe26,200,1,809,monitoring,1
2026-09-20T20:27:03.674Z,tgm/token-ohlcv,a399f22667709720a08fda5dcb4af144,200,1,714,monitoring,1
2026-09-20T20:27:06.029Z,tgm/flow-intelligence,fbe64b6aea4aaa72d9c00e4c6f678258,200,1,2350,monitoring,1
2026-09-20T20:27:06.859Z,tgm/flow-intelligence,5ba64b1782c4023d54a7ff3980499f0b,200,1,827,monitoring,1
2026-09-20T20:27:07.566Z,tgm/who-bought-sold,c738fe6329cf6b3e9f5e3d169664c85a,200,1,701,monitoring,1
2026-09-20T20:27:08.620Z,tgm/flow-intelligence,2adbbd5d009bcd7d2ac610514416443c,200,1,1045,monitoring,1
2026-09-20T20:27:09.409Z,tgm/token-ohlcv,1a91762ace7a627e82948f795ec6b148,200,1,785,monitoring,1
2026-09-20T20:27:10.374Z,tgm/flow-intelligence,68c722048d0b7d3487102c0e5a52c20e,200,1,963,monitoring,1
2026-09-20T20:27:11.353Z,tgm/flow-intelligence,eb052737461b4c65fbf6063953cd493b,200,1,976,monitoring,1
2026-09-20T20:27:12.300Z,tgm/who-bought-sold,08a56314eecac61a65c79600d361fe36,200,1,939,monitoring,1
2026-09-20T20:27:13.297Z,tgm/flow-intelligence,537d8e0333b1e425b64e37363241bf3b,200,1,986,monitoring,1
2026-09-20T20:27:13.810Z,tgm/token-ohlcv,9ab8905e15a44a45a9912c15c477d107,200,1,509,monitoring,1
2026-09-20T20:27:14.733Z,tgm/flow-intelligence,eb2397605329580931d86e479fcda94b,200,1,919,monitoring,1
2026-09-20T20:27:15.494Z,tgm/flow-intelligence,c7ca0a02101d044f69ce126f61839b60,200,1,757,monitoring,1
2026-09-20T20:27:16.242Z,tgm/who-bought-sold,50ec6733ca0f1d5ad22e33308028590b,200,1,595,monitoring,1
2026-09-20T20:27:17.084Z,tgm/flow-intelligence,7ed93c6b0944b57090d9392ad05fa036,200,1,832,monitoring,1
2026-09-20T20:27:18.064Z,tgm/token-ohlcv,e0f058024e8d27266721856594dbd417,200,1,976,monitoring,1
2026-09-20T20:27:19.034Z,tgm/flow-intelligence,39949408efbfbc5ffea7e1569ffd8950,200,1,967,monitoring,1
2026-09-20T20:27:20.267Z,tgm/flow-intelligence,aeb57d5cb1eeec0798fa252b8ea6d65e,200,1,1224,monitoring,1
2026-09-20T20:27:21.186Z,tgm/who-bought-sold,a18d3b00b423731457527d4d2e8be44d,200,1,912,monitoring,1
2026-09-20T20:27:22.213Z,tgm/flow-intelligence,342ca235250fde636412647034a8b663,200,1,1013,monitoring,1
2026-09-20T20:27:23.093Z,tgm/token-ohlcv,189e5a1fff08ab6cbd90144648e26172,200,1,877,monitoring,1
2026-09-20T20:27:24.084Z,tgm/flow-intelligence,ef9b814ad7e1ea693076283dc500ed67,200,1,988,monitoring,1
2026-09-20T20:27:25.109Z,tgm/flow-intelligence,d5ee0425deabe653ed702f1af9bea815,200,1,1021,monitoring,1
2026-09-20T20:27:25.841Z,tgm/who-bought-sold,eaa4594138a29e6efd31e14030fccc1d,200,1,722,monitoring,1
2026-09-20T20:27:27.018Z,tgm/flow-intelligence,ed78d1032d11fa517683e915d71d2b45,200,1,1132,monitoring,1
2026-09-20T20:27:28.245Z,tgm/token-ohlcv,384a235dbe8ea97a1a9feb2e25c3f460,200,1,919,monitoring,1
2026-09-20T20:27:29.254Z,tgm/flow-intelligence,e21763142e5cc335ce32ea5c74aac825,200,1,1006,monitoring,1
2026-09-20T20:27:30.504Z,tgm/flow-intelligence,5f4c6d344550d43602fad40b42907c08,200,1,1245,monitoring,1
2026-09-20T20:27:31.418Z,tgm/who-bought-sold,d7842c0935697e7a67160a2281e7bd58,200,1,671,monitoring,1
2026-09-20T20:37:35.066Z,tgm/flow-intelligence,50765652d7cd9e1afe153f07a883ac0f,200,1,2925,monitoring,1
2026-09-20T20:37:35.789Z,tgm/token-ohlcv,857cf97b05b7cf02fec035366f191c52,200,1,714,monitoring,1
2026-09-20T20:37:37.314Z,tgm/flow-intelligence,dc83721b3135983bbb46282893af4a2e,200,1,1131,monitoring,1
2026-09-20T20:37:38.581Z,tgm/flow-intelligence,aa59b636201f870d5054d25838717a6a,200,1,1263,monitoring,1
2026-09-20T20:37:39.475Z,tgm/who-bought-sold,f5b94371a995566cbbbc8e0ee68a1a25,200,1,886,monitoring,1
2026-09-20T20:37:40.693Z,tgm/flow-intelligence,b05782635cdfd23c9190da64c1170557,200,1,1007,monitoring,1
2026-09-20T20:37:41.617Z,tgm/token-ohlcv,9041a30db0b2f1496c9d40252d99e627,200,1,616,monitoring,1
2026-09-20T20:37:43.044Z,tgm/flow-intelligence,0ddf6f7ec6b8e7744337966374229b60,200,1,1424,monitoring,1
2026-09-20T20:37:44.277Z,tgm/flow-intelligence,a4bcce6f3d123f3d630db6108c196472,200,1,1229,monitoring,1
2026-09-20T20:37:45.408Z,tgm/who-bought-sold,0bfe0e187d80fc33bcc6bc1a0cf82b15,200,1,1129,monitoring,1
2026-09-20T20:37:46.648Z,tgm/flow-intelligence,552e8524687df31623712c5a681f725d,200,1,1122,monitoring,1
2026-09-20T20:37:48.000Z,tgm/token-ohlcv,7aa48c7b4a60c7468c3e0d186053db50,200,1,1067,monitoring,1
2026-09-20T20:37:49.101Z,tgm/flow-intelligence,c50c246ff37a9a1b0e2bac3c3fb1b06a,200,1,1099,monitoring,1
2026-09-20T20:37:50.137Z,tgm/flow-intelligence,47d59e7a81130966ef1bf455f3f66464,200,1,1034,monitoring,1
2026-09-20T20:37:51.549Z,tgm/who-bought-sold,3a8225587d1d777d6ee0ec03531e1e27,200,1,1097,monitoring,1
2026-09-20T20:37:52.558Z,tgm/flow-intelligence,37dc7a194607cc039a973a06c173c90b,200,1,814,monitoring,1
2026-09-20T20:37:53.455Z,tgm/token-ohlcv,463845373428c43389a058101f43fe52,200,1,892,monitoring,1
2026-09-20T20:37:54.437Z,tgm/flow-intelligence,e129bf5df9d05a437884324b18063a77,200,1,979,monitoring,1
2026-09-20T20:37:55.149Z,tgm/flow-intelligence,c7eae71554555c322d8da67cb942f301,200,1,708,monitoring,1
2026-09-20T20:37:56.060Z,tgm/who-bought-sold,ebd5da7aa3f6be421e84760c310e2032,200,1,905,monitoring,1
2026-09-20T20:37:56.603Z,tgm/flow-intelligence,1c9dd42d443fa204b22ca022fdc6930b,200,1,500,monitoring,1
2026-09-20T20:37:57.697Z,tgm/token-ohlcv,a6278241a74f76143ea2ce6391fd5c3c,200,1,1089,monitoring,1
2026-09-20T20:37:58.458Z,tgm/flow-intelligence,6fb61e45c7afcc7b9fa13168ac835e04,200,1,758,monitoring,1
2026-09-20T20:37:59.578Z,tgm/flow-intelligence,a250dd0d6d36a1300683713449785f4f,200,1,1109,monitoring,1
2026-09-20T20:38:00.357Z,tgm/who-bought-sold,41250e6aae5bd5138ab5cc26b1db2c2f,200,1,727,monitoring,1
2026-09-20T20:38:01.591Z,tgm/flow-intelligence,7c828c008bfdbe24f5ffd61ef6533f3e,200,1,1222,monitoring,1
2026-09-20T20:38:02.508Z,tgm/token-ohlcv,f4ca0347b61e711d05d47778de669840,200,1,913,monitoring,1
2026-09-20T20:38:03.430Z,tgm/flow-intelligence,8e57e270217f5b33405f4654707c1f5a,200,1,918,monitoring,1
2026-09-20T20:38:04.758Z,tgm/flow-intelligence,e1bb5c62df13243727c12c73684ec642,200,1,929,monitoring,1
2026-09-20T20:38:05.990Z,tgm/who-bought-sold,a1b26f4af1ec3e702917c602e74c1711,200,1,841,monitoring,1
2026-09-20T20:38:07.025Z,tgm/flow-intelligence,8fb703535a7e6c6d6c9cc5393e09360b,200,1,1025,monitoring,1
2026-09-20T20:38:07.941Z,tgm/token-ohlcv,eeec3f1b52fd520e257ea26b89263c05,200,1,907,monitoring,1
2026-09-20T20:38:09.166Z,tgm/flow-intelligence,cfe8723d61b2ef72ad4ee80c7c85180c,200,1,1220,monitoring,1
2026-09-20T20:38:09.586Z,tgm/flow-intelligence,381c9b1d89e85043330da41e3a953d09,200,1,404,monitoring,1
2026-09-20T20:38:10.473Z,tgm/who-bought-sold,f6ef6d624f26ac4eaef95459eebf912d,200,1,646,monitoring,1
2026-09-20T20:38:11.011Z,tgm/flow-intelligence,1287a613ab75874ad7f8f42df1c95f19,200,1,527,monitoring,1
2026-09-20T20:38:11.724Z,tgm/token-ohlcv,cca0c136aad78b62f069e73a45b04524,200,1,710,monitoring,1
2026-09-20T20:38:12.544Z,tgm/flow-intelligence,2ba5a966d6f41758cf0daf4288fcc746,200,1,816,monitoring,1
2026-09-20T20:38:13.568Z,tgm/flow-intelligence,91d3985dd99a30096c8f4227dd50eb30,200,1,1020,monitoring,1
2026-09-20T20:38:14.490Z,tgm/who-bought-sold,1e65366681bbe67b9fdb805241076467,200,1,917,monitoring,1
2026-09-20T20:38:15.511Z,tgm/flow-intelligence,77539a0fd18aeb4ad7261857d277335b,200,1,1006,monitoring,1
2026-09-20T20:38:16.875Z,tgm/token-ohlcv,c03d8f6eb8f3686885f9502c3791297e,200,1,919,monitoring,1
2026-09-20T20:38:18.176Z,tgm/flow-intelligence,e7e8642065d8ba4f6ddcc210f34cb86d,200,1,1296,monitoring,1
2026-09-20T20:38:19.300Z,tgm/flow-intelligence,18bc4038a291c63321faae5dfda3e22d,200,1,1122,monitoring,1
2026-09-20T20:38:20.164Z,tgm/who-bought-sold,cd4d4b4f785c2e4da138fd4b1d299148,200,1,858,monitoring,1
2026-09-20T20:38:20.834Z,tgm/flow-intelligence,0b7223425ea1ed46bf7b8010720f9e7b,200,1,475,monitoring,1
2026-09-20T20:38:21.898Z,tgm/token-ohlcv,8bdd8628266e3f414c4348614e833301,200,1,1058,monitoring,1
2026-09-20T20:38:27.801Z,tgm/flow-intelligence,388aad2903ebf050aebd721cccd58d73,200,1,5900,monitoring,1
2026-09-20T20:38:37.325Z,tgm/flow-intelligence,6022d83f75847825e9ae48530df97b74,200,1,9520,monitoring,1
2026-09-20T20:38:38.944Z,tgm/flow-intelligence,3b610c764fa0ab16c43d622c4ebc636e,200,1,1605,monitoring,1
2026-09-20T20:38:40.192Z,tgm/token-ohlcv,649a316ae7f04c05d791ba46416b8731,200,1,1244,monitoring,1
2026-09-20T20:38:41.299Z,tgm/flow-intelligence,09d674159231c55ddde18a0b17be8055,200,1,1010,monitoring,1
2026-09-20T20:38:42.902Z,tgm/flow-intelligence,2f16730cf8bf5e48b0a0c648ba81742d,200,1,1600,monitoring,1
2026-09-20T20:38:44.080Z,tgm/who-bought-sold,ab00242134c6cc20d93dc802b4d69836,200,1,995,monitoring,1
2026-09-20T20:38:45.273Z,tgm/flow-intelligence,aa50ca0f3093b429f392ae5f434dc16b,200,1,1185,monitoring,1
2026-09-20T20:38:47.775Z,tgm/token-ohlcv,6887bd69678ee77cba76e601c47eca74,200,1,2493,monitoring,1
2026-09-20T20:38:49.000Z,tgm/flow-intelligence,6ca07e5fa292bb2806bbab6a4fc8ec54,200,1,1220,monitoring,1
2026-09-20T20:38:50.325Z,tgm/flow-intelligence,56d352673d603d646cc9827930887673,200,1,1067,monitoring,1
2026-09-20T20:38:51.974Z,tgm/who-bought-sold,3c048723989caf7b326c306cda5d4147,200,1,1481,monitoring,1
2026-09-20T20:39:54.031Z,tgm/flow-intelligence,47dc4d3c3a9eae2a0452bf29a77c9632,200,1,1914,monitoring,1
2026-09-20T20:39:55.359Z,tgm/token-ohlcv,101b441c4ac8b700132ad17ba2168f43,200,1,1319,monitoring,1
2026-09-20T20:39:56.611Z,tgm/flow-intelligence,c3336831da1843763a7cca5a70e54a70,200,1,1247,monitoring,1
2026-09-20T20:39:57.633Z,tgm/flow-intelligence,7fc6522bdc62d852c7282e61b73b9251,200,1,1010,monitoring,1
2026-09-20T20:39:59.225Z,tgm/who-bought-sold,dcfc9833035c4d085b942f5d5582150c,200,1,1563,monitoring,1
2026-09-20T20:39:59.590Z,tgm/flow-intelligence,312c9600117fdb3476ff0e61d98ef27d,200,1,358,monitoring,1
2026-09-20T20:40:00.618Z,tgm/token-ohlcv,68d98b30bdf505378eca7f25beb40f0f,200,1,980,monitoring,1
2026-09-20T20:40:01.594Z,tgm/flow-intelligence,667ac43c633e233fa96c6e4047d1e508,200,1,962,monitoring,1
2026-09-20T20:40:02.167Z,tgm/flow-intelligence,a586cc5215cdad347d132c4c61542578,200,1,569,monitoring,1
2026-09-20T20:40:03.542Z,tgm/who-bought-sold,bd3c0c4ca50aa04451c9bd6c3c035f77,200,1,982,monitoring,1
2026-09-20T20:40:04.375Z,tgm/flow-intelligence,ea4839451a244e6868f6dd6f76c98e1b,200,1,823,monitoring,1
2026-09-20T20:40:05.392Z,tgm/token-ohlcv,50aecf1a11cac45e11ec422b0b816c03,200,1,1012,monitoring,1
2026-09-20T20:40:06.207Z,tgm/flow-intelligence,41e9a32869bdfd19e123cd3a8612cf34,200,1,812,monitoring,1
2026-09-20T20:40:06.901Z,tgm/flow-intelligence,6f8b4c2176bfc10b658122774ed93806,200,1,689,monitoring,1
2026-09-20T20:40:07.650Z,tgm/who-bought-sold,bf44a61da9e0d55c59b5475a2fc53848,200,1,736,monitoring,1
2026-09-20T20:40:08.579Z,tgm/flow-intelligence,ccd38a6248c00647ae233b04c65d0e4b,200,1,916,monitoring,1
2026-09-20T20:40:09.602Z,tgm/token-ohlcv,756d077cf93dac7c72a85b35ee5ea37a,200,1,1016,monitoring,1
2026-09-20T20:40:11.011Z,tgm/flow-intelligence,34f57f0539953044e4eb33646dfb8f76,200,1,1404,monitoring,1
2026-09-20T20:40:12.155Z,tgm/flow-intelligence,50df3b0cdb74eb5b2b8d04725bf21059,200,1,1132,monitoring,1
2026-09-20T20:40:12.842Z,tgm/who-bought-sold,2a76971269f3a301ec8a981bbbf5876c,200,1,681,monitoring,1
2026-09-20T20:40:13.756Z,tgm/flow-intelligence,b8e72e4a1b7ac2489c7e4e33331c277a,200,1,740,monitoring,1
2026-09-20T20:40:14.264Z,tgm/token-ohlcv,5367803be803f0020459117c522f846c,200,1,501,monitoring,1
2026-09-20T20:40:15.214Z,tgm/flow-intelligence,20d46138c41c3810f6f20e2e8764715b,200,1,945,monitoring,1
2026-09-20T20:40:16.134Z,tgm/flow-intelligence,275e5d51b9622333297b804b73fcad70,200,1,744,monitoring,1
2026-09-20T20:40:16.970Z,tgm/who-bought-sold,9ceeb9153ff3e466ff6d683d1e65e762,200,1,683,monitoring,1
2026-09-20T20:40:18.017Z,tgm/flow-intelligence,a7973b6767d2ef6a61f1c94b00b1931f,200,1,1027,monitoring,1
2026-09-20T20:40:19.674Z,tgm/token-ohlcv,90613000daf32e1a38681547c0ff5079,200,1,1653,monitoring,1
2026-09-20T20:40:20.372Z,tgm/flow-intelligence,b859e50bc3faad1dd9b6f031f8c2b61f,200,1,688,monitoring,1
2026-09-20T20:40:21.656Z,tgm/token-ohlcv,eb23c569ee9fc4400b0a69577fe99920,200,1,1249,monitoring,1
2026-09-20T20:40:22.586Z,tgm/flow-intelligence,89d61b069a3add3f772a456120c6da12,200,1,673,monitoring,1
2026-09-20T20:40:23.223Z,tgm/token-ohlcv,8969e47c1c450d127fe77328209e127d,200,1,633,monitoring,1
2026-09-20T20:40:24.641Z,tgm/flow-intelligence,9829ce52b9247a72b7d10a1b01290576,200,1,1408,monitoring,1
2026-09-20T20:40:25.582Z,tgm/token-ohlcv,eaa948692cbb572bceab7b3ca0fcb93d,200,1,935,monitoring,1
2026-09-20T20:40:26.581Z,tgm/flow-intelligence,82dabf00065fae365daec1696d84086a,200,1,886,monitoring,1
2026-09-20T20:40:27.423Z,tgm/token-ohlcv,d463e46e562f5841383e3d111833e345,200,1,838,monitoring,1
2026-09-20T20:40:28.968Z,tgm/flow-intelligence,ba092a5d81cf0121c75b59751f936829,200,1,1539,monitoring,1
2026-09-20T20:40:29.975Z,tgm/token-ohlcv,4e4c7655584b333533a8f9787a72b266,200,1,1003,monitoring,1
2026-09-20T20:40:31.100Z,tgm/flow-intelligence,03ce3b7673e8f177a7fa6b4dca5f9e67,200,1,1113,monitoring,1
2026-09-20T20:40:31.880Z,tgm/token-ohlcv,2b133a4f7ec78959b162990684c4e535,200,1,773,monitoring,1
2026-09-20T20:40:33.144Z,tgm/flow-intelligence,8b14fb7323d7da0058275659214c1275,200,1,1253,monitoring,1
2026-09-20T20:40:34.158Z,tgm/token-ohlcv,81e12f27e5d4fd3fe9b4801c7aa5a619,200,1,890,monitoring,1
2026-09-20T20:40:35.004Z,tgm/flow-intelligence,d90537679449fe6ed7b6673004bbe12b,200,1,774,monitoring,1
2026-09-20T20:40:35.804Z,search/general,393bf20266ec97570064e268bb1c222a,200,0,798,search,1
2026-09-20T20:40:36.852Z,search/general,4d4f67240a0c82595bbf18784cf34356,200,0,687,search,1
2026-09-20T20:40:36.867Z,tgm/token-ohlcv,eb71247656aecb2d118c3f32a98af54b,200,1,1825,monitoring,1
2026-09-20T20:40:36.883Z,search/general,28d42d3ad3f3e706a8c5c47a32007e33,200,0,1614,search,1
2026-09-20T20:40:37.772Z,tgm/flow-intelligence,db3ba40ef6df944d92064b138d611261,200,1,872,monitoring,1
2026-09-20T20:40:38.881Z,tgm/token-ohlcv,b0be66200d516668e229c97bf5694908,200,1,811,monitoring,1
2026-09-20T20:40:39.835Z,tgm/flow-intelligence,0fc9493dd6bd776b47c696227c5ba75a,200,1,886,monitoring,1
2026-09-20T20:40:40.403Z,tgm/token-ohlcv,ca4b0541fbe5624c6df2650ad1123400,200,1,561,monitoring,1
2026-09-20T20:40:41.443Z,tgm/flow-intelligence,c32c0c2691c1941b42c786009962af15,200,1,1018,monitoring,1
2026-09-20T20:40:42.439Z,tgm/token-ohlcv,56b5da5cb15b905c5f098263f8c3da1e,200,1,971,monitoring,1
2026-09-20T20:40:43.055Z,tgm/flow-intelligence,2e23044795d45b75aaa7cd2af14f106d,200,1,607,monitoring,1
2026-09-20T20:40:44.010Z,tgm/token-ohlcv,c777223443d17716f47330548e4ecb32,200,1,946,monitoring,1
2026-09-20T20:40:45.119Z,tgm/flow-intelligence,98072d324b94455c528d414fe5569456,200,1,1099,monitoring,1
2026-09-20T20:40:46.041Z,tgm/token-ohlcv,839c2b078a0af41e3672e81bef673503,200,1,918,monitoring,1
2026-09-20T20:40:46.950Z,tgm/flow-intelligence,0eadcd5690d17a05c126626070b4b315,200,1,892,monitoring,1
2026-09-20T20:40:47.651Z,tgm/token-ohlcv,0bc75612547a1a5f23ecc56cbdd2d858,200,1,698,monitoring,1
2026-09-20T20:40:48.498Z,tgm/flow-intelligence,fb86e545905f501e0b9f403c8d456b7d,200,1,838,monitoring,1
2026-09-20T20:40:49.197Z,tgm/token-ohlcv,2eb13c299c004866439488317f21103a,200,1,693,monitoring,1
2026-09-20T20:40:50.240Z,tgm/flow-intelligence,965b09394502396da9aab9685d3db64b,200,1,1032,monitoring,1
2026-09-20T20:40:51.084Z,tgm/token-ohlcv,ce55f1471a21fc4f50d14a65803f1946,200,1,833,monitoring,1
2026-09-20T20:40:52.056Z,tgm/flow-intelligence,b4068f10551c946675fe14354a629849,200,1,610,monitoring,1
2026-09-20T20:40:52.902Z,tgm/token-ohlcv,5c961c659c266f11eef6525cdc4e136c,200,1,841,monitoring,1
2026-09-20T20:42:27.259Z,tgm/flow-intelligence,8c89f64b26f73e4a9cbf9175bf06bb50,200,1,2534,investigation,1
2026-09-20T20:42:28.043Z,tgm/flow-intelligence,533d760ac950f801edf9866c61977e1f,200,1,770,investigation,1
2026-09-20T20:42:29.298Z,tgm/flow-intelligence,74577d6efcf45c7c8c1e237ce2bd8f03,200,1,1237,investigation,1
2026-09-20T20:42:30.413Z,tgm/flow-intelligence,1ffb233e0894610a7f5d1116197d525c,200,1,1103,investigation,1
2026-09-20T20:42:31.921Z,tgm/flow-intelligence,588b620254a0846785d82569b88f8d6e,200,1,1496,investigation,1
2026-09-20T20:42:33.021Z,tgm/flow-intelligence,8e44ce3e142e6b27d8e8df4e6b70574b,200,1,1087,investigation,1
2026-09-20T20:42:34.726Z,tgm/flows,7000187b9f703335e131880719a39945,200,1,1653,investigation,1
2026-09-20T20:42:41.668Z,tgm/who-bought-sold,fba0e97b915fce6d1d3cd815578fcd38,200,1,6917,investigation,1
2026-09-20T20:42:43.180Z,tgm/token-ohlcv,cb23f96d3794e34c3f32bb1c088b7e63,200,1,1490,investigation,1
2026-09-20T21:37:54.911Z,tgm/flow-intelligence,44bf6d69d48c9202d99ced30378a020a,200,1,3043,monitoring,1
2026-09-20T21:37:55.864Z,tgm/token-ohlcv,d59fbc7c9a218b1452011d19ac2e8e5c,200,1,927,monitoring,1
2026-09-20T21:37:57.260Z,tgm/flow-intelligence,cefba57a3b27336efa30931c9b512648,200,1,1383,monitoring,1
2026-09-20T21:37:57.848Z,tgm/token-ohlcv,e44eeb6d68c57b0206ddd40578a6285f,200,1,575,monitoring,1
2026-09-20T21:37:59.412Z,tgm/flow-intelligence,9282dd33db17712159eddd7e507f7e2d,200,1,1552,monitoring,1
2026-09-20T21:38:01.877Z,tgm/token-ohlcv,d048d821e4015b7dd330427901b10862,200,1,2460,monitoring,1
2026-09-20T21:38:02.791Z,tgm/flow-intelligence,d98f0b400107842b8a193c0184295878,200,1,905,monitoring,1
2026-09-20T21:38:03.405Z,tgm/token-ohlcv,e763667c870bc077f8af8d2973d35115,200,1,609,monitoring,1
2026-09-20T21:38:04.017Z,tgm/flow-intelligence,c3fc3c75d9d2132ffd8a2c63b7f51364,200,1,601,monitoring,1
2026-09-20T21:38:04.633Z,tgm/token-ohlcv,1da645332f28070b91ddc36ed4a55070,200,1,611,monitoring,1
2026-09-20T21:38:05.553Z,tgm/flow-intelligence,bd0ab943170f9e7d89462e1fdb48fc1b,200,1,910,monitoring,1
2026-09-20T21:38:06.272Z,tgm/token-ohlcv,3e356262668be2598a4d9c7cae6aad63,200,1,714,monitoring,1
2026-09-20T21:38:07.815Z,tgm/flow-intelligence,f1bbd9245a26e65c3f7e937f9290d051,200,1,1534,monitoring,1
2026-09-20T21:38:08.625Z,tgm/token-ohlcv,49be876c7ece7f53bf2ee06938b60844,200,1,806,monitoring,1
2026-09-20T21:38:09.360Z,tgm/flow-intelligence,7034ec1de022626f2c19e62a3a61807c,200,1,725,monitoring,1
2026-09-20T21:38:10.171Z,tgm/token-ohlcv,983df90edbd34705ff08c0017924c073,200,1,793,monitoring,1
2026-09-20T21:38:11.398Z,tgm/flow-intelligence,ac41b769a7dac50c6c36bb2434e39900,200,1,1218,monitoring,1
2026-09-20T21:38:13.851Z,tgm/token-ohlcv,a529a5544b83695ccc57752e4d199677,200,1,2449,monitoring,1
2026-09-20T21:38:14.467Z,tgm/flow-intelligence,56ae9e4482ada00d8fd9bc430317fd3a,200,1,606,monitoring,1
2026-09-20T21:38:15.401Z,tgm/token-ohlcv,2270980a3f854a7660e3885b2b193118,200,1,923,monitoring,1
2026-09-20T21:38:16.921Z,tgm/flow-intelligence,5c73712522cfb807ee0f4e0f3ef12634,200,1,1510,monitoring,1
2026-09-20T21:38:18.354Z,tgm/token-ohlcv,808f832c1024ed29f51207146fd7f309,200,1,1427,monitoring,1
2026-09-20T21:38:19.172Z,tgm/flow-intelligence,74a1d5264d395d6064ed7801ad730428,200,1,810,monitoring,1
2026-09-20T21:38:21.016Z,tgm/token-ohlcv,4365ba2abc2ba3452befeb2e18bc8010,200,1,1840,monitoring,1
2026-09-20T21:38:21.938Z,tgm/flow-intelligence,af6b547e2e0cfd1b9cc00f01f2d00e29,200,1,913,monitoring,1
2026-09-20T21:38:23.578Z,tgm/token-ohlcv,723e030331d300279db51d14be795773,200,1,1635,monitoring,1
2026-09-20T21:38:24.503Z,tgm/flow-intelligence,e556a57cef2e0e6f07e3be54872a141c,200,1,916,monitoring,1
2026-09-20T21:38:25.313Z,tgm/token-ohlcv,fdced62976f02945969c7350ce39ea78,200,1,518,monitoring,1
2026-09-20T21:38:26.167Z,tgm/flow-intelligence,e27c136aa1093f11e2a8e975a555d47a,200,1,843,monitoring,1
2026-09-20T21:38:26.959Z,tgm/token-ohlcv,a72ad84d788a283d2fa87d4c8e2cd317,200,1,787,monitoring,1
2026-09-20T21:38:27.896Z,tgm/flow-intelligence,9840ad356b60150fa666d4460a841943,200,1,930,monitoring,1
2026-09-20T21:38:28.566Z,tgm/token-ohlcv,abae7a06c6768d54f235b84859e9e606,200,1,666,monitoring,1
2026-09-20T21:38:29.618Z,tgm/flow-intelligence,aacae436d71550232bd9213a55795f3d,200,1,1042,monitoring,1
2026-09-20T21:38:30.562Z,tgm/token-ohlcv,23f084613d169c68973ae17bee60bb42,200,1,940,monitoring,1
2026-09-20T21:38:30.953Z,tgm/flow-intelligence,9cf4d04792fc8b6105aa840f3a81ae3f,200,1,384,monitoring,1
2026-09-20T21:38:31.876Z,tgm/token-ohlcv,caf4a04ae6e40768fb61fd2b280bf069,200,1,921,monitoring,1
2026-09-20T21:38:32.799Z,tgm/flow-intelligence,b47f610631cb295f92fc1556b9e5a121,200,1,915,monitoring,1
2026-09-20T21:38:34.329Z,tgm/token-ohlcv,23cd16577ec739322efde83aedc1b721,200,1,1527,monitoring,1
2026-09-20T21:38:35.354Z,tgm/flow-intelligence,6c01e701658cb23696b91e20f81df360,200,1,1018,monitoring,1
2026-09-20T21:38:36.071Z,tgm/token-ohlcv,8ba23446fba8743e2788710f42dbd862,200,1,712,monitoring,1
2026-09-20T21:38:37.298Z,tgm/flow-intelligence,7fe0be2f485494047b90b035542dbd69,200,1,1217,monitoring,1
2026-09-20T21:38:38.217Z,tgm/token-ohlcv,f28239382d1c40503a5cc84208f40f0b,200,1,915,monitoring,1
2026-09-20T21:38:39.142Z,tgm/flow-intelligence,47704c49ecf63d278b66cd5fc7500b79,200,1,917,monitoring,1
2026-09-20T21:38:39.757Z,tgm/token-ohlcv,f5520a2ab643e9221563ac4aaa209e19,200,1,610,monitoring,1
2026-09-20T21:38:40.876Z,tgm/flow-intelligence,2174b7485c794346bef9694e89f22c3a,200,1,1094,monitoring,1
2026-09-20T21:38:42.013Z,tgm/token-ohlcv,79840a7443c1653343dff6273592f915,200,1,1132,monitoring,1
2026-09-20T21:38:43.341Z,tgm/flow-intelligence,c66e0e6c32768b6d8ee1f03ce7e2c534,200,1,1319,monitoring,1
2026-09-20T21:38:44.193Z,tgm/token-ohlcv,130af813a9e48b2ace02ff3c26788432,200,1,848,monitoring,1
2026-09-20T21:38:45.220Z,tgm/flow-intelligence,26203c65d2b02a0415bc6276b40f0b19,200,1,1017,monitoring,1
2026-09-20T21:38:46.162Z,tgm/token-ohlcv,1e8c850f85915565ff60a64003ad6e42,200,1,937,monitoring,1
2026-09-20T21:38:46.985Z,tgm/flow-intelligence,fc6888284295e12b87f6b55c1c55835b,200,1,815,monitoring,1
2026-09-20T21:38:47.562Z,tgm/token-ohlcv,9f746d405c9cbf4e07ea0363b152e14c,200,1,573,monitoring,1
2026-09-20T21:38:48.251Z,tgm/flow-intelligence,fa2267241a31e016b7064701de3e6474,200,1,685,monitoring,1
2026-09-20T21:38:49.073Z,tgm/token-ohlcv,3306fc3fcee0b359060614702232f41e,200,1,820,monitoring,1
2026-09-20T21:38:49.994Z,tgm/flow-intelligence,64cc9248ac6be5753a9d2b12342d9837,200,1,918,monitoring,1
2026-09-20T21:38:50.607Z,tgm/token-ohlcv,dffc89795db2af28c0afd45d16ecf356,200,1,609,monitoring,1
2026-09-20T21:38:51.634Z,tgm/flow-intelligence,55ebd9127d49ce10ec18bf3555199b71,200,1,1023,monitoring,1
2026-09-20T21:38:52.562Z,tgm/token-ohlcv,ce62686454b6c5581a4be44be6a22b1e,200,1,918,monitoring,1
2026-09-20T21:38:53.591Z,tgm/flow-intelligence,7e2b4659d550215195296935ef71b520,200,1,1007,monitoring,1
2026-09-20T21:38:54.122Z,tgm/token-ohlcv,527d3531cfeee246db6f4f27d8526c0b,200,1,522,monitoring,1
2026-09-20T21:38:55.421Z,tgm/flow-intelligence,aeca5d53d5c4b81d9f4efe2c89820312,200,1,1289,monitoring,1
2026-09-20T21:38:56.450Z,tgm/token-ohlcv,bce4f954294e49028850447c6baf5728,200,1,1022,monitoring,1
2026-09-20T21:38:57.372Z,tgm/flow-intelligence,5a66b063afae6342a3276741ba848a46,200,1,901,monitoring,1
2026-09-20T21:38:57.987Z,tgm/token-ohlcv,cea94e29547ee25d9a68d56d2d16c94b,200,1,608,monitoring,1
2026-09-20T21:38:59.026Z,tgm/flow-intelligence,52da9e30c5763c45deff781f1f253e4a,200,1,1022,monitoring,1
2026-09-20T21:38:59.942Z,tgm/token-ohlcv,918ade00299f5e6cf38844418f9de020,200,1,909,monitoring,1
2026-09-20T21:39:00.953Z,tgm/flow-intelligence,74b6c26927149f0470f2436d42601113,200,1,997,monitoring,1
2026-09-20T21:39:01.714Z,tgm/token-ohlcv,4470c31d8290281dfd3a8431bf840b6f,200,1,754,monitoring,1
2026-09-20T21:39:02.479Z,tgm/flow-intelligence,796fa934b1cdd5563adcd41010b1d021,200,1,755,monitoring,1
2026-09-20T21:39:03.092Z,tgm/token-ohlcv,60e3367ac86abc7881f3f84da453fa17,200,1,605,monitoring,1
2026-09-20T21:50:06.336Z,tgm/flow-intelligence,7e482103342614125164fa5c4e848103,200,1,2438,monitoring,1
2026-09-20T21:50:07.266Z,tgm/token-ohlcv,6f88d91210f0914f39be8b5053d94f04,200,1,923,monitoring,1
2026-09-20T21:50:07.679Z,tgm/flow-intelligence,7ceeca0b60416858f515fd74d6af292c,200,1,403,monitoring,1
2026-09-20T21:50:08.292Z,tgm/token-ohlcv,69f4af2709cad8672614d81193296014,200,1,603,monitoring,1
2026-09-20T21:50:08.790Z,tgm/flow-intelligence,581cb370ecad1743489e6b15785b0d55,200,1,488,monitoring,1
2026-09-20T21:50:09.519Z,tgm/token-ohlcv,61760c4aceda90791e3cc6000c028a28,200,1,723,monitoring,1
2026-09-20T21:50:09.903Z,tgm/flow-intelligence,7245c508e32597470716001085819a37,200,1,373,monitoring,1
2026-09-20T21:50:10.548Z,tgm/token-ohlcv,43e0a615cce16c50d6b57f414d63e536,200,1,637,monitoring,1
2026-09-20T21:51:13.220Z,tgm/flow-intelligence,1cfe46749e168f04ed6bfe2ba183e548,200,1,2482,monitoring,1
2026-09-20T21:51:14.172Z,tgm/token-ohlcv,32ad0975e962af43c047880f3a758f53,200,1,946,monitoring,1
2026-09-20T21:51:14.565Z,tgm/flow-intelligence,ef14244e72bf6b4f0167d3112fe7953a,200,1,376,monitoring,1
2026-09-20T21:51:15.179Z,tgm/token-ohlcv,2a4b4c6ce37c931e0c8ab4582aa0ce6a,200,1,612,monitoring,1
2026-09-20T21:51:15.921Z,tgm/flow-intelligence,f0b42f7b461c1e16795e6a0923623970,200,1,737,monitoring,1
2026-09-20T21:51:16.448Z,tgm/token-ohlcv,088a2e62ee1658115900780fd2d8714e,200,1,520,monitoring,1
2026-09-20T21:51:16.803Z,tgm/flow-intelligence,82f9572f6e3eed082684dc3c85b2b66c,200,1,348,monitoring,1
2026-09-20T21:51:17.306Z,tgm/token-ohlcv,bb7dd07903f77150f7742336aa92f447,200,1,497,monitoring,1
2026-09-20T21:51:18.046Z,tgm/flow-intelligence,46883104de8f5c6f9fb91c229d80cc36,200,1,730,monitoring,1
2026-09-20T21:51:18.867Z,tgm/token-ohlcv,3e7d0f157a05dd0f109b417cc0766744,200,1,815,monitoring,1
2026-09-20T21:51:19.581Z,tgm/flow-intelligence,97f8e70f2f3a6e47ff6908110cafc52f,200,1,665,monitoring,1
2026-09-20T21:51:20.417Z,tgm/token-ohlcv,22e081179243a12fbf528f3a3fb2f421,200,1,827,monitoring,1
2026-09-20T21:51:20.913Z,tgm/flow-intelligence,60f1cd151625f50190e753634835982e,200,1,486,monitoring,1
2026-09-20T21:51:22.449Z,tgm/token-ohlcv,7406394b2568ea59e309735362e6cc30,200,1,1532,monitoring,1
2026-09-20T21:51:23.661Z,tgm/flow-intelligence,c43396759903ac526e3ed31da90fb002,200,1,1198,monitoring,1
2026-09-20T21:51:25.842Z,tgm/token-ohlcv,63a14a4c7354bc277b23ed3e59f36730,200,1,2177,monitoring,1
2026-09-20T21:51:26.291Z,tgm/flow-intelligence,fc98381a5c28040a6e9f58601fb44c43,200,1,438,monitoring,1
2026-09-20T21:51:27.267Z,tgm/token-ohlcv,49a9802e3b648e64275c2c2fd6ead57e,200,1,970,monitoring,1
2026-09-20T21:51:27.666Z,tgm/flow-intelligence,6737942b3b3f3349087861057c2cee6f,200,1,387,monitoring,1
2026-09-20T21:51:28.214Z,tgm/token-ohlcv,568e2542c924fa034829482a8714a13c,200,1,542,monitoring,1
2026-09-20T21:51:29.217Z,tgm/flow-intelligence,eb3f267fab00573087f33009fe2d5e59,200,1,992,monitoring,1
2026-09-20T21:51:29.929Z,tgm/token-ohlcv,93e0f97611418b31501a7c3ad2d63d6a,200,1,705,monitoring,1
2026-09-20T21:51:31.064Z,tgm/flow-intelligence,23e1ca39a510967d8474c966796ff07b,200,1,1125,monitoring,1
2026-09-20T21:51:31.672Z,tgm/token-ohlcv,670adf21d87f5f59fa2d1725d4e3793b,200,1,599,monitoring,1
2026-09-20T21:51:32.486Z,tgm/flow-intelligence,a95e0e73db37e24f4732a241db67fe36,200,1,803,monitoring,1
2026-09-20T21:51:33.636Z,tgm/token-ohlcv,e007bb387d8e4860e922f82780b94b3a,200,1,1145,monitoring,1
2026-09-20T21:51:35.557Z,tgm/flow-intelligence,e99ba306641dab7a557fa2000218a37d,200,1,1912,monitoring,1
2026-09-20T21:51:36.184Z,tgm/token-ohlcv,6adf8c5843e2746f7da4d15b1cb60540,200,1,616,monitoring,1
2026-09-20T21:51:37.817Z,tgm/flow-intelligence,ad8a813c16d7337cc37405338580ae0d,200,1,1625,monitoring,1
2026-09-20T21:51:38.624Z,tgm/token-ohlcv,5fa07222cfd80e00fd605618c036fd2a,200,1,797,monitoring,1
2026-09-20T21:51:39.566Z,tgm/flow-intelligence,302de0492679057689fb8a4682c22a4c,200,1,932,monitoring,1
2026-09-20T21:51:40.400Z,tgm/token-ohlcv,d7030864869dab65d9233b3e52a4a006,200,1,830,monitoring,1
2026-09-20T21:51:40.768Z,tgm/flow-intelligence,6ee95d44f840624478963f48b792de72,200,1,359,monitoring,1
2026-09-20T21:51:41.502Z,tgm/token-ohlcv,8dd70754205680061319dd0253846c10,200,1,728,monitoring,1
2026-09-20T21:51:42.518Z,tgm/flow-intelligence,21894c2a279f543aac33065ff98c540e,200,1,1006,monitoring,1
2026-09-20T21:51:43.135Z,tgm/token-ohlcv,037ae9719fa36156d5f8c66baa0e234b,200,1,611,monitoring,1
2026-09-20T21:51:43.543Z,tgm/flow-intelligence,70eddc4125da80206176f31a112be35c,200,1,397,monitoring,1
2026-09-20T21:51:44.363Z,tgm/token-ohlcv,6a82db6d56af236455357c5e1cfa4928,200,1,816,monitoring,1
2026-09-20T21:51:45.693Z,tgm/flow-intelligence,b32c9f080cde695677d180557118cb20,200,1,1320,monitoring,1
2026-09-20T21:51:46.285Z,tgm/token-ohlcv,89650d55dc11243a81fc5901dcf31652,200,1,590,monitoring,1
2026-09-20T21:51:47.536Z,tgm/flow-intelligence,e3bec302ee99d44d9d2945050553cf3e,200,1,1244,monitoring,1
2026-09-20T21:51:48.767Z,tgm/token-ohlcv,daa12422aff3c2416b35b6640c2c491e,200,1,1227,monitoring,1
2026-09-20T21:51:49.481Z,tgm/flow-intelligence,09bf0f2cd675374946544e76e42daa70,200,1,705,monitoring,1
2026-09-20T21:51:49.993Z,tgm/token-ohlcv,77f911678da95a6dedbbad74daa0ea00,200,1,508,monitoring,1
2026-09-20T21:51:50.403Z,tgm/flow-intelligence,e58bd20ec594440a174b09741b135e35,200,1,391,monitoring,1
2026-09-20T21:51:51.115Z,tgm/token-ohlcv,be41a34c09e147073decc84f1cc9f765,200,1,707,monitoring,1
2026-09-20T21:51:51.543Z,tgm/flow-intelligence,6d2b0511ddc32b7c5566b069c3ebd115,200,1,420,monitoring,1
2026-09-20T21:51:52.159Z,tgm/token-ohlcv,8a201a4f31be6b3df2bb266eb3bfd65b,200,1,608,monitoring,1
2026-09-20T21:51:52.863Z,tgm/flow-intelligence,8f799470f0fd945c6095537b1a42c205,200,1,693,monitoring,1
2026-09-20T21:51:53.578Z,tgm/token-ohlcv,6f7470789bd8015c007cdd4a5284e479,200,1,711,monitoring,1
2026-09-20T21:51:54.294Z,tgm/flow-intelligence,5228e3385c88c8540267fa251f21fe55,200,1,707,monitoring,1
2026-09-20T21:51:54.767Z,tgm/token-ohlcv,b3b7c94bc5fe3d750855c45f3a83e808,200,1,456,monitoring,1
2026-09-20T21:51:56.038Z,tgm/flow-intelligence,38363b4120bbe0126c0c93712b3cc424,200,1,1257,monitoring,1
2026-09-20T21:51:56.607Z,tgm/token-ohlcv,659621531048ae160a79d00b5f6aa012,200,1,550,monitoring,1
2026-09-20T21:51:57.469Z,tgm/flow-intelligence,1f0b1e63c03a7c51eb33fa621174aa7c,200,1,852,monitoring,1
2026-09-20T21:51:58.598Z,tgm/token-ohlcv,2511af375223130b3a38c108e726e523,200,1,1124,monitoring,1
2026-09-20T21:51:59.616Z,tgm/flow-intelligence,3c8c4347b3a7361292444c1eca693b0d,200,1,1010,monitoring,1
2026-09-20T21:52:00.234Z,tgm/token-ohlcv,3798486e744c5e016eb949510981b500,200,1,614,monitoring,1
2026-09-20T21:52:01.567Z,tgm/flow-intelligence,5452225e8e2e6c000ad39d0f19f4082c,200,1,1324,monitoring,1
2026-09-20T21:52:02.584Z,tgm/token-ohlcv,3be24b6b6d568d3892ef50548c6a0f34,200,1,1011,monitoring,1
2026-09-20T21:52:03.295Z,tgm/flow-intelligence,24a7433237f2644bb0455b3ba840225a,200,1,702,monitoring,1
2026-09-20T21:52:03.877Z,tgm/token-ohlcv,88107f0e8353c608ec1cd7573df1a306,200,1,579,monitoring,1
2026-09-20T23:18:16.285Z,tgm/flow-intelligence,7343ab757b885e0724c05f3d6b8b1036,200,1,8884,monitoring,1
2026-09-20T23:18:17.527Z,tgm/token-ohlcv,ed2dc02447e49b54ca68ef745cd2f053,200,1,1237,monitoring,1
2026-09-20T23:18:18.582Z,tgm/flow-intelligence,89993f672c00ce0d40341849eb821330,200,1,1045,monitoring,1
2026-09-20T23:18:19.100Z,tgm/token-ohlcv,cffd3249fca2907a31efc26b08e6bc7d,200,1,508,monitoring,1
2026-09-20T23:18:20.271Z,tgm/flow-intelligence,dc04a40d1d4ca719d4219001659ee374,200,1,1164,monitoring,1
2026-09-20T23:18:20.890Z,tgm/token-ohlcv,76165c4c6bdb5a0b548ce7491404ef77,200,1,616,monitoring,1
2026-09-20T23:18:21.761Z,tgm/flow-intelligence,e54d1a5e13e2404ecf3f6052d5bb685e,200,1,850,monitoring,1
2026-09-20T23:18:22.304Z,tgm/token-ohlcv,9302be547387a5760bfecf3f9c15dd3f,200,1,541,monitoring,1
2026-09-20T23:18:22.724Z,tgm/flow-intelligence,0b4f994b886e9e195d270877f09cb329,200,1,417,monitoring,1
2026-09-20T23:18:23.452Z,tgm/token-ohlcv,1cf07a3d1a14bd0c6a727f5cccdd096d,200,1,724,monitoring,1
2026-09-20T23:18:23.804Z,tgm/flow-intelligence,8bf94129aaf42737d57d073eacc7ac3b,200,1,346,monitoring,1
2026-09-20T23:18:24.374Z,tgm/token-ohlcv,2e2b594f1410f86ce2729a4df97c9e37,200,1,559,monitoring,1
2026-09-20T23:18:25.714Z,tgm/flow-intelligence,3d4f391c72f2ef134642e60400c01616,200,1,1330,monitoring,1
2026-09-20T23:18:26.417Z,tgm/token-ohlcv,823dbb26276e6c2453a231360d8d2d61,200,1,699,monitoring,1
2026-09-20T23:18:26.883Z,tgm/flow-intelligence,e71a0953d971e406d8ece04ffb7f2716,200,1,456,monitoring,1
2026-09-20T23:18:27.643Z,tgm/token-ohlcv,17995b1e1203633ea173d56e750dbd78,200,1,756,monitoring,1
2026-09-20T23:18:28.611Z,tgm/flow-intelligence,1be6353a36b47f15724d2f0072abe837,200,1,962,monitoring,1
2026-09-20T23:18:29.711Z,tgm/token-ohlcv,be3ff93ccbf867251d67bd1cd9252f77,200,1,1096,monitoring,1
2026-09-20T23:18:34.398Z,tgm/flow-intelligence,ad1b606cd3d1ee4a367b013923b72551,200,1,4679,monitoring,1
2026-09-20T23:18:35.379Z,tgm/token-ohlcv,a1c4443a673a870839f3ae62d8cc885d,200,1,979,monitoring,1
2026-09-20T23:18:36.211Z,tgm/flow-intelligence,9647eb1bd1c3b913afd6ea213e298834,200,1,829,monitoring,1
2026-09-20T23:18:37.372Z,tgm/token-ohlcv,fd85625dacfa2614d510452933cb7f67,200,1,1147,monitoring,1
2026-09-20T23:18:38.106Z,tgm/flow-intelligence,bc2834614b4ae10145c3e17d84292a2c,200,1,728,monitoring,1
2026-09-20T23:18:40.272Z,tgm/token-ohlcv,08ccc03062b3970ae65e3e0a4671ca1e,200,1,2162,monitoring,1
2026-09-20T23:18:41.027Z,tgm/flow-intelligence,949b0d1551cf8545bf5fdd28b1fa716d,200,1,751,monitoring,1
2026-09-20T23:18:45.667Z,tgm/token-ohlcv,6bed763167b0d877b31e083360dbfa2d,200,1,4637,monitoring,1
2026-09-20T23:18:47.764Z,tgm/flow-intelligence,d0e75f061aefd742192df56f7a46482e,200,1,2088,monitoring,1
2026-09-20T23:18:48.312Z,tgm/token-ohlcv,e39c0a412c31594d55e75242e338c575,200,1,543,monitoring,1
2026-09-20T23:18:49.267Z,tgm/flow-intelligence,76f3cd60e295187611b53709bfc6146d,200,1,946,monitoring,1
2026-09-20T23:18:50.181Z,tgm/token-ohlcv,de4a135f8cd8ed58646e2f0d80c2d940,200,1,911,monitoring,1
2026-09-20T23:18:50.888Z,tgm/flow-intelligence,de074735d4ae4e30953c95140b5b151a,200,1,699,monitoring,1
2026-09-20T23:18:51.508Z,tgm/token-ohlcv,08855d6a3440eb1ee4bd1626da95d64a,200,1,616,monitoring,1
2026-09-20T23:18:52.530Z,tgm/flow-intelligence,1174c55a9a2dfd5ba07d41798d138757,200,1,1013,monitoring,1
2026-09-20T23:18:53.243Z,tgm/token-ohlcv,2d13cf0b6d2f41207f103724a3069d6c,200,1,710,monitoring,1
2026-09-20T23:18:54.062Z,tgm/flow-intelligence,53045a42565e0b7e8fc55526bef1d073,200,1,812,monitoring,1
2026-09-20T23:18:55.291Z,tgm/token-ohlcv,4d0d9f3feb0e3d7766a1130a0548062d,200,1,1225,monitoring,1
2026-09-20T23:18:56.107Z,tgm/flow-intelligence,2f8b044bd96e142e508e5916f7a4cb22,200,1,809,monitoring,1
2026-09-20T23:18:57.196Z,tgm/token-ohlcv,862e920b37d46b5fdfa35b7e721f4541,200,1,1086,monitoring,1
2026-09-20T23:18:57.905Z,tgm/flow-intelligence,b5bd6d4780c3d3598b23c702a0d6b04f,200,1,703,monitoring,1
2026-09-20T23:18:58.886Z,tgm/token-ohlcv,8455b931ff2e315d3dc410524b84f26f,200,1,977,monitoring,1
2026-09-20T23:19:00.320Z,tgm/flow-intelligence,6abce04d8e338615b3ab4a77f1ea7259,200,1,1427,monitoring,1
2026-09-20T23:19:01.228Z,tgm/token-ohlcv,4239c86a3a941f3d8229597c79952d39,200,1,905,monitoring,1
2026-09-20T23:19:02.024Z,tgm/flow-intelligence,30e57d378719f72b17f84940a7b95144,200,1,787,monitoring,1
2026-09-20T23:19:02.767Z,tgm/token-ohlcv,5ebf136dff8f8c75d8e5c842b7d47e1f,200,1,739,monitoring,1
2026-09-20T23:19:03.803Z,tgm/flow-intelligence,0c02c02a745f9010893fe03deda8fa63,200,1,1027,monitoring,1
2026-09-20T23:19:04.642Z,tgm/token-ohlcv,07ab534753140a455cfbad73e5f56626,200,1,813,monitoring,1
2026-09-20T23:19:05.743Z,tgm/flow-intelligence,1edb6806e0e559558801806af10e4f33,200,1,1092,monitoring,1
2026-09-20T23:19:06.362Z,tgm/token-ohlcv,1244cf7358eb7d3e7af8e52eb1916d2e,200,1,614,monitoring,1
2026-09-20T23:19:07.888Z,tgm/flow-intelligence,67805e6be063151fb766b834fa0e9847,200,1,1518,monitoring,1
2026-09-20T23:19:09.015Z,tgm/token-ohlcv,eaddfe555c871753be746e057fe81465,200,1,1122,monitoring,1
2026-09-20T23:19:09.832Z,tgm/flow-intelligence,046c761106f9b50c402bec50c17a5a07,200,1,809,monitoring,1
2026-09-20T23:19:10.431Z,tgm/token-ohlcv,49dd13665ff8b77271bac501a79c2753,200,1,593,monitoring,1
2026-09-20T23:19:11.243Z,tgm/flow-intelligence,43958c46f6b202105141db4474ccc459,200,1,805,monitoring,1
2026-09-20T23:19:11.967Z,tgm/token-ohlcv,beff1e55e7b086305733ff76c5aa721c,200,1,718,monitoring,1
2026-09-20T23:19:12.802Z,tgm/flow-intelligence,74988a6b0f591a2ad7a6c76608b1b61c,200,1,829,monitoring,1
2026-09-20T23:19:13.545Z,tgm/token-ohlcv,094ef025a0f61b54a54e40383883b140,200,1,722,monitoring,1
2026-09-20T23:19:14.597Z,tgm/flow-intelligence,4e0487671c82a01ebabccc1d5270fd78,200,1,1045,monitoring,1
2026-09-20T23:19:15.884Z,tgm/token-ohlcv,e40e741067de550cd2f7f11a9e32d124,200,1,1284,monitoring,1
2026-09-20T23:19:16.707Z,tgm/flow-intelligence,ce45ac467166385721f3b95c8c45cb1b,200,1,817,monitoring,1
2026-09-20T23:19:17.324Z,tgm/token-ohlcv,4a47420ed034ae3aeb5e64712a0adf43,200,1,611,monitoring,1
2026-09-20T23:19:18.230Z,tgm/flow-intelligence,85a02f6c28294f4ed771af3d7b633b33,200,1,898,monitoring,1
2026-09-20T23:19:18.912Z,tgm/token-ohlcv,bae4e87caecf032e75e46436eeee6107,200,1,673,monitoring,1
2026-09-20T23:19:19.766Z,tgm/flow-intelligence,b81f884ab22bdf3009f4af65e8832537,200,1,845,monitoring,1
2026-09-20T23:19:20.586Z,tgm/token-ohlcv,2c55663efb90177bad8ed810a0edf029,200,1,817,monitoring,1
2026-09-20T23:19:21.420Z,tgm/flow-intelligence,0aea31258535a077a99ea7461438224b,200,1,826,monitoring,1
2026-09-20T23:19:22.270Z,tgm/token-ohlcv,6724c04471209766bdbdc5312209a941,200,1,846,monitoring,1
2026-09-20T23:19:22.747Z,tgm/flow-intelligence,f24a3441eeb3db040510962ab4ab765d,200,1,427,monitoring,1
2026-09-20T23:19:23.386Z,tgm/token-ohlcv,ce0ac010f194e75b8695560e872a485b,200,1,636,monitoring,1
2026-09-20T23:19:24.169Z,tgm/flow-intelligence,e4d7ec5ed8d0675c731e45544272d33f,200,1,776,monitoring,1
2026-09-20T23:19:24.745Z,tgm/token-ohlcv,e9fc7a22331726408311d22051213b67,200,1,552,monitoring,1
2026-09-20T23:30:29.355Z,tgm/flow-intelligence,52a02c2ec75e442388d7a960391f0423,200,1,3170,monitoring,1
2026-09-20T23:30:30.996Z,tgm/token-ohlcv,e6888544ea0d923062bdb11727e58123,200,1,1439,monitoring,1
2026-09-20T23:30:32.135Z,tgm/flow-intelligence,1c70d83bbff99709c78582668588e13a,200,1,1128,monitoring,1
2026-09-20T23:30:32.945Z,tgm/token-ohlcv,56844e793a09392e7c00dd743f5ab044,200,1,804,monitoring,1
2026-09-20T23:30:34.277Z,tgm/flow-intelligence,d72b603aa4bc9d1e82032670abb84944,200,1,1322,monitoring,1
2026-09-20T23:30:35.942Z,tgm/token-ohlcv,94dc0f7a48f26c34d5d93107ace0175d,200,1,1662,monitoring,1
2026-09-20T23:30:37.242Z,tgm/flow-intelligence,0aa3b849b9c70d040b03476896acec27,200,1,1290,monitoring,1
2026-09-20T23:30:38.077Z,tgm/token-ohlcv,173b596f53a1de1c92c2ce6ac4b9f842,200,1,826,monitoring,1
2026-09-20T23:30:39.107Z,tgm/flow-intelligence,e3fa430df5bc704bad039e39dff1d77c,200,1,1018,monitoring,1
2026-09-20T23:30:39.709Z,tgm/token-ohlcv,e4d2f90792fc01184e807f0b4fe5d860,200,1,600,monitoring,1
2026-09-20T23:30:40.519Z,tgm/flow-intelligence,5c58be16e4343440f27c8402f4b57876,200,1,805,monitoring,1
2026-09-20T23:30:41.235Z,tgm/token-ohlcv,280e2433b7c3f2484e954a7b3783114e,200,1,714,monitoring,1
2026-09-20T23:31:42.652Z,tgm/flow-intelligence,6c6b6820751e4b38593ee20cc9bfd965,200,1,1242,monitoring,1
2026-09-20T23:31:43.807Z,tgm/token-ohlcv,34ac006e86c1c6236de5972faff14a21,200,1,1149,monitoring,1
2026-09-20T23:31:44.603Z,tgm/flow-intelligence,c112fa316db4872a11135b186e85ad41,200,1,744,monitoring,1
2026-09-20T23:31:45.240Z,tgm/token-ohlcv,1731790eeff5c2184c787c6479d57d3a,200,1,632,monitoring,1
2026-09-20T23:31:46.059Z,tgm/flow-intelligence,081526085ab75a13ab4814449bd1f626,200,1,809,monitoring,1
2026-09-20T23:31:46.983Z,tgm/token-ohlcv,9163722bbb19ae311f05bb3d99789833,200,1,917,monitoring,1
2026-09-20T23:31:52.019Z,tgm/flow-intelligence,7c62816e97bf7f2508c61768d7b9017d,200,1,5029,monitoring,1
2026-09-20T23:31:52.858Z,tgm/token-ohlcv,6a44254071aac56735169f4d4bdcae3e,200,1,832,monitoring,1
2026-09-20T23:31:53.760Z,tgm/flow-intelligence,431adf370140362403d3cd739c570601,200,1,894,monitoring,1
2026-09-20T23:31:55.075Z,tgm/token-ohlcv,f2b9bb5aec65d702664ed7185cfee01a,200,1,1303,monitoring,1
2026-09-20T23:31:55.867Z,tgm/flow-intelligence,2573e22c36fe5a5183fe7559ca5c5226,200,1,781,monitoring,1
2026-09-20T23:31:56.916Z,tgm/token-ohlcv,2ac3b3649adb8a3d949e691687d3504f,200,1,1044,monitoring,1
2026-09-20T23:31:58.248Z,tgm/flow-intelligence,161e9c3a84adbd5d1636df615c04695b,200,1,1316,monitoring,1
2026-09-20T23:31:59.806Z,tgm/token-ohlcv,bc810962e77046248fe693452eaf8c7b,200,1,1541,monitoring,1
2026-09-20T23:32:00.964Z,tgm/flow-intelligence,84241513d839367944a4d10cc8f9441b,200,1,1147,monitoring,1
2026-09-20T23:32:01.811Z,tgm/token-ohlcv,f4556d759c92422a06662c7b7d46f505,200,1,838,monitoring,1
2026-09-20T23:32:02.751Z,tgm/flow-intelligence,df49492137c5ae0e0b5193700a522739,200,1,929,monitoring,1
2026-09-20T23:32:03.539Z,tgm/token-ohlcv,ce5bd1503153f1127d11723589048a42,200,1,783,monitoring,1
2026-09-20T23:32:04.229Z,tgm/flow-intelligence,b73599749b8750579c99fc38081cd232,200,1,663,monitoring,1
2026-09-20T23:32:06.231Z,tgm/token-ohlcv,afbe68191e71e96aede3694e66f4010e,200,1,1997,monitoring,1
2026-09-20T23:32:07.248Z,tgm/flow-intelligence,7bdc383428d708512497af103dcc4b5d,200,1,1004,monitoring,1
2026-09-20T23:32:08.086Z,tgm/token-ohlcv,b49e2d685813023a054593713941e660,200,1,828,monitoring,1
2026-09-20T23:32:09.404Z,tgm/flow-intelligence,c0d0d5469a1aa177326d0f0a513bbd73,200,1,1308,monitoring,1
2026-09-20T23:32:10.020Z,tgm/token-ohlcv,7c64215c93d20e01aecb43079eca170f,200,1,611,monitoring,1
2026-09-20T23:32:10.869Z,tgm/flow-intelligence,27af6b7dac09451d716b4122a3138d59,200,1,841,monitoring,1
2026-09-20T23:32:12.188Z,tgm/flow-intelligence,b87a694adda9ed7787f776720a3b706e,200,1,1316,monitoring,1
2026-09-20T23:32:13.000Z,tgm/who-bought-sold,d05c793ec269eb04700f5d0a347b1e55,200,1,807,monitoring,1
2026-09-20T23:32:14.014Z,tgm/flow-intelligence,29b5de16a2d1ca497bb0c15ee7a8cc2f,200,1,1003,monitoring,1
2026-09-20T23:32:15.442Z,tgm/token-ohlcv,0a969f5c8732b725b5a4114a54178e4f,200,1,1427,monitoring,1
2026-09-20T23:32:16.181Z,tgm/flow-intelligence,a8ddad6cce822e658c23a6659d15533d,200,1,719,monitoring,1
2026-09-20T23:32:17.093Z,tgm/flow-intelligence,27ea3818429bae7d4b675f374ee4f849,200,1,903,monitoring,1
2026-09-20T23:32:17.933Z,tgm/who-bought-sold,dbe4dd7e9a55517aea35fa37c89e0f0a,200,1,834,monitoring,1
2026-09-20T23:32:18.663Z,tgm/flow-intelligence,bac745690b564029b0db044f8bc02d33,200,1,720,monitoring,1
2026-09-20T23:32:20.802Z,tgm/flow-intelligence,a613a301d245433c65125a04f631bf75,200,1,1923,monitoring,1
2026-09-20T23:32:22.115Z,tgm/token-ohlcv,b182ef23d2ef9057252cd53498cd2b4d,200,1,1283,monitoring,1
2026-09-20T23:32:23.739Z,tgm/flow-intelligence,08f60c474c58de0c4f02191ebc66bf75,200,1,1621,monitoring,1
2026-09-20T23:32:24.981Z,tgm/flow-intelligence,d7232f2780c34d564f26dd17e0193c6e,200,1,1165,monitoring,1
2026-09-20T23:32:26.740Z,tgm/who-bought-sold,e2712f6b7c4ab74122da7f5033398a5f,200,1,1749,monitoring,1
2026-09-20T23:32:27.738Z,tgm/flow-intelligence,2c6a491d0c2d44557fb70f3b2e3e5d60,200,1,981,monitoring,1
2026-09-20T23:32:28.348Z,tgm/token-ohlcv,f8376b5945355f43b681b31a5600b04f,200,1,605,monitoring,1
2026-09-20T23:32:29.058Z,tgm/flow-intelligence,1abc8278399a671b2d8d7f7059160844,200,1,696,monitoring,1
2026-09-20T23:32:29.893Z,tgm/flow-intelligence,a42a646b8ffddb200adbc4259c62cf44,200,1,824,monitoring,1
2026-09-20T23:32:30.572Z,tgm/who-bought-sold,54755c67ba0ed468818cf947f4ba8463,200,1,671,monitoring,1
2026-09-20T23:32:31.936Z,tgm/flow-intelligence,2f9ffe3ce5341c259113261c1a668c59,200,1,1350,monitoring,1
2026-09-20T23:32:32.860Z,tgm/token-ohlcv,d6c37b2e7da32514a441b50c6c947b3d,200,1,917,monitoring,1
2026-09-20T23:32:34.085Z,tgm/flow-intelligence,3273f86f9eaf6f6f4cbf0b3cf2334f3e,200,1,1222,monitoring,1
2026-09-20T23:32:35.825Z,tgm/flow-intelligence,8e458b6f0928b10650113f48387e0512,200,1,1736,monitoring,1
2026-09-20T23:32:38.121Z,tgm/who-bought-sold,8eae790acd8699409c51d84014c43d08,200,1,2063,monitoring,1
2026-09-20T23:32:39.256Z,tgm/flow-intelligence,4bbfe831a5e8ca4090eca70157c3c047,200,1,1124,monitoring,1
2026-09-20T23:32:39.918Z,tgm/token-ohlcv,56d4334e26703d7cf36d9a3c5401920c,200,1,658,monitoring,1
2026-09-20T23:32:41.842Z,tgm/flow-intelligence,82d1d223af32b85ab2325464a9052903,200,1,1920,monitoring,1
2026-09-20T23:32:43.602Z,tgm/flow-intelligence,353b6a25a23385017779415480fa5257,200,1,1757,monitoring,1
2026-09-20T23:32:45.041Z,tgm/who-bought-sold,a57cde6254df2a775ce252460b018509,200,1,1432,monitoring,1
2026-09-20T23:32:46.061Z,tgm/flow-intelligence,ce24513b88f79f1560b49b54cfbc1313,200,1,1005,monitoring,1
2026-09-20T23:32:47.298Z,tgm/token-ohlcv,fde61d167f95670da564f2505a38301f,200,1,1232,monitoring,1
2026-09-20T23:32:48.274Z,tgm/flow-intelligence,ccf2f500c3480d5a69ab946859b4ce6e,200,1,970,monitoring,1
2026-09-20T23:32:49.566Z,tgm/flow-intelligence,339c1b57a46bd13be98ece7d9cfc9c53,200,1,1285,monitoring,1
2026-09-20T23:32:50.666Z,tgm/who-bought-sold,7dbc22158c127b58e295010ab0583e6c,200,1,1095,monitoring,1
2026-09-20T23:32:52.018Z,tgm/flow-intelligence,4b2a55383595ea5123c7ae614d869100,200,1,1341,monitoring,1
2026-09-20T23:32:52.697Z,tgm/token-ohlcv,ac7f6956e881ed4b36243604f7a9be0e,200,1,661,monitoring,1
2026-09-20T23:32:53.536Z,tgm/flow-intelligence,bd29417bc5bd514fa6b58326cc23a80e,200,1,835,monitoring,1
2026-09-20T23:32:54.560Z,tgm/flow-intelligence,32b2b87105dc9b726d016a08b0246a07,200,1,1022,monitoring,1
2026-09-20T23:32:55.691Z,tgm/who-bought-sold,d437657626f46d00229bc21e600dc76d,200,1,1123,monitoring,1
2026-09-20T23:32:57.121Z,tgm/flow-intelligence,bbf9b102dde6537a066c842e82cb2668,200,1,1408,monitoring,1
2026-09-20T23:32:58.040Z,tgm/token-ohlcv,27e8b11a955b470018144036df4d0315,200,1,914,monitoring,1
2026-09-20T23:32:58.946Z,tgm/flow-intelligence,78e58d5f369706092134426ef5f88b34,200,1,902,monitoring,1
2026-09-20T23:32:59.743Z,tgm/flow-intelligence,dd9d4e61103210063f44a9192563a175,200,1,793,monitoring,1
2026-09-20T23:33:00.501Z,tgm/who-bought-sold,87de6f3f5108c71a245f5e01647cbe20,200,1,740,monitoring,1
2026-09-20T23:33:01.301Z,tgm/flow-intelligence,8baa910fe200270c75df8f44df70b108,200,1,790,monitoring,1
2026-09-20T23:33:02.189Z,tgm/token-ohlcv,5c92bd57c8f08939db166768becc9478,200,1,883,monitoring,1
2026-09-20T23:33:03.853Z,tgm/flow-intelligence,d8c91571bef9ce5f89346f54c7854e79,200,1,1656,monitoring,1
2026-09-20T23:33:04.849Z,tgm/flow-intelligence,8a157103c9806a1739c249401e2b7416,200,1,990,monitoring,1
2026-09-20T23:33:05.721Z,tgm/who-bought-sold,6892e1347c486b5d7105a73aaafa1e57,200,1,866,monitoring,1
2026-09-20T23:33:06.449Z,tgm/flow-intelligence,1be8e240ca756c0f79f34f1b837ac475,200,1,718,monitoring,1
2026-09-20T23:33:07.196Z,tgm/token-ohlcv,8a21fd7df4566d065239d2371f26fb5b,200,1,742,monitoring,1
2026-09-20T23:33:08.004Z,tgm/flow-intelligence,b871940992be340e0b9b8d70e41a2a1a,200,1,805,monitoring,1
2026-09-20T23:33:09.030Z,tgm/flow-intelligence,1cf935115c19d4066fb79b73dcf3ac6b,200,1,1021,monitoring,1
2026-09-20T23:33:09.916Z,tgm/who-bought-sold,e378bb620fb67f61665b2b4713194d0c,200,1,882,monitoring,1
2026-09-20T23:33:10.943Z,tgm/flow-intelligence,a714597f579e085bbd2c5939f7cc3071,200,1,1020,monitoring,1
2026-09-20T23:33:11.642Z,tgm/token-ohlcv,8c252a021d808e3f6587193b8f63d827,200,1,687,monitoring,1
2026-09-20T23:33:12.565Z,tgm/flow-intelligence,ab2ecb6fbe80956710fadc55d51ac67f,200,1,906,monitoring,1
2026-09-20T23:33:13.500Z,tgm/flow-intelligence,07cd712219116b33fa2e9e289978c82a,200,1,933,monitoring,1
2026-09-20T23:33:14.446Z,tgm/who-bought-sold,dbe84c33521a743f16a4af1f051a8c3b,200,1,943,monitoring,1
2026-09-20T23:33:15.202Z,tgm/flow-intelligence,7f1b9903b6088f35918f4547700c145c,200,1,739,monitoring,1
2026-09-20T23:33:16.062Z,tgm/token-ohlcv,25ce4902326a1209752edb03ac84cd4d,200,1,857,monitoring,1
2026-09-20T23:33:16.983Z,tgm/flow-intelligence,9784b0611d2ef449f4af5a6111fb040c,200,1,918,monitoring,1
2026-09-20T23:33:17.811Z,tgm/flow-intelligence,31062904fc83ee74719cce27c88ad965,200,1,822,monitoring,1
2026-09-20T23:33:18.604Z,tgm/who-bought-sold,822a2b7931f2615184475a56b330547d,200,1,788,monitoring,1
2026-09-20T23:33:19.340Z,tgm/flow-intelligence,b827bd1f566e7e76da5fab6495c4c663,200,1,725,monitoring,1
2026-09-20T23:33:20.571Z,tgm/token-ohlcv,cb36340c9304062ff1f8270fde082b16,200,1,1227,monitoring,1
2026-09-20T23:33:22.207Z,tgm/flow-intelligence,90802f269d706205ff457511b5b90f4d,200,1,1632,monitoring,1
2026-09-20T23:33:23.049Z,tgm/flow-intelligence,e4f57d1913b66e142d5f0b4fc73dc92c,200,1,836,monitoring,1
2026-09-20T23:33:23.861Z,tgm/who-bought-sold,41bd9369df5eb6286e56956f272ed523,200,1,802,monitoring,1
2026-09-20T23:33:24.802Z,tgm/flow-intelligence,fb97f2697db9042d9f93a7647f03a425,200,1,931,monitoring,1
2026-09-20T23:33:25.597Z,tgm/token-ohlcv,072b371079e35274fb6e7d15e1731a7e,200,1,793,monitoring,1
2026-09-20T23:33:26.508Z,tgm/flow-intelligence,9d8589634dfd21157e1ef836c025be13,200,1,906,monitoring,1
2026-09-20T23:33:27.535Z,tgm/flow-intelligence,cc6bcb3ba06688118ed32f70011b6f28,200,1,1017,monitoring,1
2026-09-20T23:33:28.660Z,tgm/who-bought-sold,08c58f6ab662436d52bef53246d7d06a,200,1,1119,monitoring,1
2026-09-20T23:33:29.666Z,tgm/flow-intelligence,ce37d44505165e6da68c814b65f56746,200,1,992,monitoring,1
2026-09-20T23:33:30.300Z,tgm/token-ohlcv,e9cc597c90af193cfcc34e1228b41c5c,200,1,628,monitoring,1
2026-09-20T23:33:31.303Z,tgm/flow-intelligence,daff52306ed8f3434069c33b45484e45,200,1,999,monitoring,1
2026-09-20T23:33:32.241Z,tgm/flow-intelligence,26d2b72939ec053b37edfd224542c715,200,1,935,monitoring,1
2026-09-20T23:33:33.192Z,tgm/who-bought-sold,76d38a2a2cf59150ad077f1284552e48,200,1,940,monitoring,1
2026-09-20T23:33:34.125Z,tgm/flow-intelligence,85b3ed030fa57e4281f84a26e922f077,200,1,922,monitoring,1
2026-09-20T23:33:35.122Z,tgm/token-ohlcv,a882fe5d8ddad3045eb7414fd6b41878,200,1,991,monitoring,1
2026-09-20T23:33:36.233Z,tgm/flow-intelligence,0c9e2102030e3660dd54876eb2c3f90b,200,1,1108,monitoring,1
2026-09-20T23:33:37.221Z,tgm/flow-intelligence,84980f7e0f18f84422a1ce00e2b57f16,200,1,984,monitoring,1
2026-09-20T23:33:38.387Z,tgm/who-bought-sold,4ed6d438e404af72ccabe564dcb11a7b,200,1,1162,monitoring,1
2026-09-20T23:42:41.430Z,tgm/flow-intelligence,d5d02a6c7ce6362764e938515138f834,200,1,1976,monitoring,1
2026-09-20T23:42:42.688Z,tgm/token-ohlcv,212446467dc6b167322a1b136137ec40,200,1,1251,monitoring,1
2026-09-20T23:42:44.100Z,tgm/flow-intelligence,6f978c1e888beb0b3c8dd5589093db15,200,1,1410,monitoring,1
2026-09-20T23:42:45.820Z,tgm/flow-intelligence,fdde0429346da93e7316ba1666e3bc77,200,1,1715,monitoring,1
2026-09-20T23:42:46.835Z,tgm/who-bought-sold,ce8a473f6eddd56e47d96503f64f2166,200,1,1004,monitoring,1
2026-09-20T23:42:48.376Z,tgm/flow-intelligence,ec15147a3399966d5ca6640f52c8425d,200,1,1530,monitoring,1
2026-09-20T23:42:49.608Z,tgm/token-ohlcv,cff07653dbbc4f61de02636660ae7309,200,1,1225,monitoring,1
2026-09-20T23:42:51.058Z,tgm/flow-intelligence,3a7cb30368264f5e33e75979ca767c73,200,1,1446,monitoring,1
2026-09-20T23:42:52.303Z,tgm/flow-intelligence,0ce7790ee27ee02d2adc702dc2466778,200,1,1241,monitoring,1
2026-09-20T23:42:53.451Z,tgm/who-bought-sold,5163027e6b17901fba6efd2417b3b309,200,1,1116,monitoring,1
2026-09-20T23:42:53.851Z,tgm/flow-intelligence,f03c7e608e266952254e5677d490b208,200,1,390,monitoring,1
2026-09-20T23:42:54.830Z,tgm/token-ohlcv,cafb102202ffb245cfd6531ea8fea532,200,1,974,monitoring,1
2026-09-20T23:42:56.571Z,tgm/flow-intelligence,88146b632ffd3754689bcc3541d50c6a,200,1,1734,monitoring,1
2026-09-20T23:42:57.691Z,tgm/flow-intelligence,eb0f4d05fce2bd16cc92930f15c39462,200,1,1119,monitoring,1
2026-09-20T23:42:59.137Z,tgm/who-bought-sold,8a34201178dfae5cb964177913498b74,200,1,1440,monitoring,1
2026-09-20T23:43:00.121Z,tgm/flow-intelligence,b79e8d33ffbdea5a5e7e506a11376a6e,200,1,973,monitoring,1
2026-09-20T23:43:00.816Z,tgm/token-ohlcv,8031624aafb1926f08911037015c9902,200,1,689,monitoring,1
2026-09-20T23:43:01.801Z,tgm/flow-intelligence,938bf7661d3ef904403d7a6b4a2a851a,200,1,982,monitoring,1
2026-09-20T23:43:02.800Z,tgm/flow-intelligence,e2ded25a7d5edf3a96eaf0567e51b375,200,1,995,monitoring,1
2026-09-20T23:43:04.260Z,tgm/who-bought-sold,3d276e240d77ee2c6dcb162d295a4d63,200,1,1453,monitoring,1
2026-09-20T23:44:06.405Z,tgm/flow-intelligence,9d2d9c4d17e8937bdbf3a86f6d7e8f45,200,1,1879,monitoring,1
2026-09-20T23:44:07.328Z,tgm/token-ohlcv,e253c30112880a291d30b23ee8a72c45,200,1,918,monitoring,1
2026-09-20T23:44:08.620Z,tgm/flow-intelligence,eaad2a234d9b0542983687170892546e,200,1,1289,monitoring,1
2026-09-20T23:44:09.577Z,tgm/flow-intelligence,658f0001b3502a019977042ffdb8a20c,200,1,955,monitoring,1
2026-09-20T23:44:10.604Z,tgm/who-bought-sold,8c53cf3e165e1d26cc449967a85e1207,200,1,1022,monitoring,1
2026-09-20T23:44:12.073Z,tgm/flow-intelligence,f71c151ad68ae368b6c7ff3d6d348716,200,1,1460,monitoring,1
2026-09-20T23:44:12.856Z,tgm/token-ohlcv,08460875319adf0b392c1c014085245a,200,1,778,monitoring,1
2026-09-20T23:44:14.089Z,tgm/flow-intelligence,267261193d749d1267fa0d75a14bf26b,200,1,1226,monitoring,1
2026-09-20T23:44:14.976Z,tgm/flow-intelligence,819eef348d8684250d57780a119ffb37,200,1,885,monitoring,1
2026-09-20T23:44:16.861Z,tgm/who-bought-sold,603dce013557cb4975610d330a4b5b57,200,1,1870,monitoring,1
2026-09-20T23:44:17.566Z,tgm/flow-intelligence,1a0afa6f15d50e0080883b1a37011253,200,1,697,monitoring,1
2026-09-20T23:44:18.710Z,tgm/token-ohlcv,1e6f8021539d9a7924d54000f269041d,200,1,1135,monitoring,1
2026-09-20T23:44:20.413Z,tgm/flow-intelligence,2b7eb44fdbba8e3ce78d5676f6917c6f,200,1,1699,monitoring,1
2026-09-20T23:44:21.627Z,tgm/flow-intelligence,7bba9663fec42866de88c427ed429f1e,200,1,1212,monitoring,1
2026-09-20T23:44:22.997Z,tgm/who-bought-sold,4f4e1528ae18113613fa5402c40a0209,200,1,1363,monitoring,1
2026-09-20T23:44:23.812Z,tgm/flow-intelligence,3519966300bda36ce83ce31d01fabf62,200,1,809,monitoring,1
2026-09-20T23:44:24.529Z,tgm/token-ohlcv,09571c4da2ec4106ef223667dbaf631f,200,1,713,monitoring,1
2026-09-20T23:44:25.602Z,tgm/flow-intelligence,8d98ba1ea1f78306fd992e2aab758e0d,200,1,1071,monitoring,1
2026-09-20T23:44:26.999Z,tgm/flow-intelligence,2a1c8c392137285d31eaa953eafd851e,200,1,1396,monitoring,1
2026-09-20T23:44:28.214Z,tgm/who-bought-sold,9df4616a2a064964ef72b82516c25c05,200,1,1212,monitoring,1
2026-09-20T23:44:29.299Z,tgm/flow-intelligence,24426f1ae7bb20284d4a9c7b20c21b22,200,1,1078,monitoring,1
2026-09-20T23:44:30.166Z,tgm/token-ohlcv,9b75635080564761d7d4911a33ca5655,200,1,863,monitoring,1
2026-09-20T23:44:30.943Z,tgm/flow-intelligence,29727f3acdded407a83c0a5fc4e7e20a,200,1,772,monitoring,1
2026-09-20T23:44:36.960Z,tgm/flow-intelligence,faf945270121341ebd7135248e605c06,200,1,6014,monitoring,1
2026-09-20T23:44:37.572Z,tgm/who-bought-sold,681f3f1f9c5a6c58cb78372edc10712e,200,1,585,monitoring,1
2026-09-20T23:44:42.642Z,tgm/flow-intelligence,ccec724ca1cb0e60814f526369f9594f,200,1,5060,monitoring,1
2026-09-20T23:44:43.702Z,tgm/token-ohlcv,55c7fb429f3e36163702ea32bde63a62,200,1,1056,monitoring,1
2026-09-20T23:44:51.767Z,tgm/flow-intelligence,0683a050c1b95d2d4caafe5f90c14031,200,1,8061,monitoring,1
2026-09-20T23:45:04.361Z,tgm/flow-intelligence,e236141c6c9c9654d09ed16d57593375,200,1,12591,monitoring,1
2026-09-20T23:45:05.284Z,tgm/flow-intelligence,45df50623655255ce3d0a35ac141307e,200,1,873,monitoring,1
2026-09-20T23:45:06.502Z,tgm/token-ohlcv,38fb5e3550019028af0e5a087b42ff1a,200,1,1213,monitoring,1
2026-09-20T23:45:07.525Z,tgm/flow-intelligence,5add111326c17e1ffc7a3e4dbe565653,200,1,1019,monitoring,1
2026-09-20T23:45:08.444Z,tgm/flow-intelligence,debe9e7a93fec2737c35305afcf7036d,200,1,917,monitoring,1
2026-09-20T23:45:09.268Z,tgm/who-bought-sold,20913915f8e65a01d8ecb448fe4fd80f,200,1,819,monitoring,1
2026-09-20T23:45:10.252Z,tgm/flow-intelligence,6a338e622cb6752edca3ea5a90b7d00b,200,1,974,monitoring,1
2026-09-20T23:45:11.314Z,tgm/token-ohlcv,614eb165f2c3c24c17f82815e17d3514,200,1,1058,monitoring,1
2026-09-20T23:45:12.235Z,tgm/flow-intelligence,bec05c1a05dca42731b32e38f8f4c85f,200,1,918,monitoring,1
2026-09-20T23:45:13.479Z,tgm/flow-intelligence,65b1c36c5938970a3bddb56607ee5968,200,1,1227,monitoring,1
2026-09-20T23:45:14.777Z,tgm/who-bought-sold,87f73c56096a0b235abd944a7411616d,200,1,1292,monitoring,1
2026-09-20T23:45:15.206Z,tgm/flow-intelligence,d085ba3824270e6fc1763f5b8bfe5f1c,200,1,417,monitoring,1
2026-09-20T23:45:16.049Z,tgm/token-ohlcv,82aa8b1f2910de28498d631e59aaf631,200,1,835,monitoring,1
2026-09-20T23:45:17.584Z,tgm/flow-intelligence,6a73fc012a63f225660ceb430ec8a563,200,1,1531,monitoring,1
2026-09-20T23:45:17.932Z,tgm/flow-intelligence,04c238214f70ea0a11c37b183ade4422,200,1,345,monitoring,1
2026-09-20T23:45:19.009Z,tgm/who-bought-sold,38d6e06ef0c6673856b9ab22fa47d25b,200,1,1071,monitoring,1
2026-09-20T23:45:19.390Z,tgm/flow-intelligence,37edc9716e2be015f2e29b1c96034761,200,1,369,monitoring,1
2026-09-20T23:45:21.452Z,tgm/token-ohlcv,5efa324672583d2f4204815e856b0b11,200,1,2059,monitoring,1
2026-09-20T23:45:22.682Z,tgm/flow-intelligence,b58d6b67a5a9ab01fe68f71877933f4a,200,1,1224,monitoring,1
2026-09-20T23:45:23.045Z,tgm/flow-intelligence,9419327b5b6f88653ea4d437de5e0b49,200,1,358,monitoring,1
2026-09-20T23:45:24.424Z,tgm/who-bought-sold,5d44117970cf1039b0a997661939d048,200,1,1373,monitoring,1
2026-09-20T23:45:25.060Z,tgm/flow-intelligence,8662753696d2fb0d2db8ac0656e82f6f,200,1,625,monitoring,1
2026-09-20T23:45:26.362Z,tgm/token-ohlcv,cfb7530552c4f33347136f4e2cfc647e,200,1,1296,monitoring,1
2026-09-20T23:45:27.189Z,tgm/flow-intelligence,8af36c435b39787a0c0e641c1d8ee528,200,1,823,monitoring,1
2026-09-20T23:45:28.209Z,tgm/flow-intelligence,834218596783b0642cfc731e3bcd032c,200,1,1016,monitoring,1
2026-09-20T23:45:29.441Z,tgm/who-bought-sold,7eb43b1d3c79567c9409504965bd5754,200,1,1226,monitoring,1
2026-09-20T23:46:30.473Z,tgm/flow-intelligence,c25568115c7f496275bb903bb83ce975,200,1,730,monitoring,1
2026-09-20T23:46:31.545Z,tgm/token-ohlcv,c46dc33e576b6a1b27b5322210138d21,200,1,1066,monitoring,1
2026-09-20T23:46:32.405Z,tgm/flow-intelligence,bc83680443b820296bfb7e5c7b38dd08,200,1,857,monitoring,1
2026-09-20T23:46:33.073Z,tgm/flow-intelligence,aebe67198e03ab7cdf759641bc039a7b,200,1,665,monitoring,1
2026-09-20T23:46:34.157Z,tgm/who-bought-sold,8bbe8d53583ea325da7cfa0d4742f657,200,1,1077,monitoring,1
2026-09-20T23:46:35.897Z,tgm/flow-intelligence,2fd4e36f989e2d6e34291c69dd924b09,200,1,1731,monitoring,1
2026-09-20T23:46:36.523Z,tgm/token-ohlcv,553c0207eeb7714674f9253cf032c655,200,1,620,monitoring,1
2026-09-20T23:46:37.228Z,tgm/flow-intelligence,f39d8f55714f08607c84b75b94963166,200,1,701,monitoring,1
2026-09-20T23:46:38.237Z,tgm/flow-intelligence,dd095226eca9db4c214ea77d2ee3d860,200,1,1006,monitoring,1
2026-09-20T23:46:38.983Z,tgm/who-bought-sold,ad1dc6196394ab438adc56331b6b2d5b,200,1,739,monitoring,1
2026-09-20T23:46:39.654Z,tgm/flow-intelligence,82713f0491b1c6412373063eef2cc027,200,1,658,monitoring,1
2026-09-20T23:46:40.839Z,tgm/token-ohlcv,3cd3b305f880a70e18a0ff6094ca114e,200,1,1180,monitoring,1
2026-09-20T23:46:41.639Z,tgm/flow-intelligence,7b6313127686f9769ffb621afad1be58,200,1,792,monitoring,1
2026-09-20T23:46:42.727Z,tgm/token-ohlcv,55234c576e872d37208a4d7313d6ba5a,200,1,1074,monitoring,1
2026-09-20T23:46:43.503Z,tgm/flow-intelligence,52aedf3387cf6d472b2f3c34a7d12b0b,200,1,766,monitoring,1
2026-09-20T23:46:44.001Z,tgm/token-ohlcv,ef9f2e2a40b9a62583e09e180f837735,200,1,492,monitoring,1
2026-09-20T23:46:45.530Z,tgm/flow-intelligence,38cedb4b2873aa6cc4d93145c56ec20e,200,1,1519,monitoring,1
2026-09-20T23:46:46.558Z,tgm/token-ohlcv,fd804d6631e52263df5f6c21354f2932,200,1,1025,monitoring,1
2026-09-20T23:46:47.580Z,tgm/flow-intelligence,ef434e0d33cd99440e2c311becc49b73,200,1,1013,monitoring,1
2026-09-20T23:46:48.493Z,tgm/flow-intelligence,2269922556c49d2d3adcc85eeca5991a,200,1,702,monitoring,1
2026-09-20T23:46:49.150Z,tgm/token-ohlcv,265d316632b2bc2c9dbcee11c723d631,200,1,652,monitoring,1
2026-09-20T23:46:50.505Z,tgm/flow-intelligence,c2ebdd2f21ad7e0c480fee41dc98f56c,200,1,1345,monitoring,1
2026-09-20T23:46:51.222Z,tgm/token-ohlcv,c115b93c06a4091a5eaba762e772ea22,200,1,710,monitoring,1
2026-09-20T23:46:52.094Z,tgm/flow-intelligence,d60eb065c5987746d9f8721f558f2f13,200,1,862,monitoring,1
2026-09-20T23:46:53.216Z,tgm/token-ohlcv,f50a5d1ad21e035075b5f51b0d676147,200,1,1116,monitoring,1
2026-09-20T23:46:54.033Z,tgm/flow-intelligence,e33c622ac8d41a3107b14772b5bf6039,200,1,808,monitoring,1
2026-09-20T23:46:54.652Z,tgm/token-ohlcv,09c5977a0800265adecc573c421b5e41,200,1,611,monitoring,1
2026-09-20T23:46:55.156Z,tgm/flow-intelligence,34c58f60a8ecf6115d3b3310bd0ad953,200,1,497,monitoring,1
2026-09-20T23:46:56.130Z,tgm/token-ohlcv,579e0e3b72873d57dc05f2724da96b55,200,1,970,monitoring,1
2026-09-20T23:46:56.619Z,tgm/flow-intelligence,c3da8e3209ff6e20f5d2e3439eddec4c,200,1,478,monitoring,1
2026-09-20T23:46:57.818Z,tgm/token-ohlcv,78260e4c2a56ed542f381232ad6ac228,200,1,1197,monitoring,1
2026-09-20T23:46:58.745Z,tgm/flow-intelligence,672feb21dd43b16d857c7a01b8fe6c38,200,1,917,monitoring,1
2026-09-20T23:46:59.466Z,tgm/token-ohlcv,40044321f1c32431cdee106962191e5b,200,1,711,monitoring,1
2026-09-20T23:47:00.379Z,tgm/flow-intelligence,23daf21e76faba0cf1c221580652627f,200,1,904,monitoring,1
2026-09-20T23:47:00.984Z,tgm/token-ohlcv,8c2f992b2de2d51b42ed504bbbbe4f37,200,1,599,monitoring,1
2026-09-20T23:47:01.822Z,tgm/flow-intelligence,952b4930e3e22f72c57d5063f4189277,200,1,823,monitoring,1
2026-09-20T23:47:02.400Z,tgm/token-ohlcv,861a042963119b169a2f8e3df6f78c54,200,1,558,monitoring,1
2026-09-20T23:47:02.753Z,tgm/flow-intelligence,2404e24d73de934a0942d9735d37ae75,200,1,342,monitoring,1
2026-09-20T23:47:03.459Z,tgm/token-ohlcv,7dcda10938ef1056a69ae47104e8a532,200,1,697,monitoring,1
2026-09-20T23:47:04.070Z,tgm/flow-intelligence,16ef517f67a33f34a64e385fee09a333,200,1,601,monitoring,1
2026-09-20T23:47:04.666Z,tgm/token-ohlcv,a24c983e30860178671484743e4d442b,200,1,592,monitoring,1
2026-09-20T23:47:06.391Z,tgm/flow-intelligence,e37d343ab60792510cd6ea5d8401846e,200,1,1709,monitoring,1
2026-09-20T23:47:06.922Z,tgm/token-ohlcv,94b4bf7203e9f833254e262d10d66049,200,1,514,monitoring,1
2026-09-20T23:47:07.961Z,tgm/flow-intelligence,ce71a378981545381bcbc107169bb136,200,1,1028,monitoring,1
2026-09-20T23:47:08.497Z,tgm/token-ohlcv,45821258c0683b11c1630338cbd5d61e,200,1,524,monitoring,1
2026-09-20T23:49:59.223Z,search/general,71948a4906c6663bb7527d3fd4b90c2d,200,0,2286,search,1
2026-09-20T23:55:11.403Z,tgm/flow-intelligence,c2093f2815a88b1514b80b7b686b010b,200,1,1860,monitoring,1
2026-09-20T23:55:12.537Z,tgm/token-ohlcv,b1d1e34470846f1a3f82e6185c43b036,200,1,1122,monitoring,1
2026-09-20T23:55:13.016Z,tgm/flow-intelligence,3c19a03884f84b0f789f5d1a1e058070,200,1,466,monitoring,1
2026-09-20T23:55:13.507Z,tgm/token-ohlcv,5c74c1458f6a5b70c2b10f494864df4c,200,1,486,monitoring,1
2026-09-20T23:55:14.047Z,tgm/flow-intelligence,9285e9220ec6604083f7827747c6cc15,200,1,531,monitoring,1
2026-09-20T23:55:14.850Z,tgm/token-ohlcv,1fd34c5478c0a55d989f732ae703670b,200,1,798,monitoring,1
2026-09-20T23:55:15.228Z,tgm/flow-intelligence,d5e5f661f6ac0e6478d046674b6ebd24,200,1,364,monitoring,1
2026-09-20T23:55:16.090Z,tgm/token-ohlcv,ec80496c40a45651c245b2245d6a251d,200,1,856,monitoring,1
2026-09-20T23:56:03.197Z,search/general,9672757f5738126bf8e95e4fd3a1586d,200,0,1002,search,1
2026-09-20T23:56:05.027Z,search/general,fdd5883e6a537921c422c650de8ca904,200,0,499,search,1
2026-09-20T23:56:23.903Z,tgm/flow-intelligence,f54f1c449bb0f379a7670852bfefc948,200,1,7537,monitoring,1
2026-09-20T23:56:24.436Z,tgm/token-ohlcv,fd86744379814f08335ac956b915582a,200,1,530,monitoring,1
2026-09-20T23:57:25.940Z,tgm/flow-intelligence,cc16ef69f3950f33e1634e44a5ad4649,200,1,1342,monitoring,1
2026-09-20T23:57:26.779Z,tgm/token-ohlcv,fb035e54da1d4721ea580d56720be530,200,1,835,monitoring,1
2026-09-20T23:57:27.245Z,tgm/flow-intelligence,7c56667b534e1e38a4ce514fb78e3208,200,1,458,monitoring,1
2026-09-20T23:57:27.795Z,tgm/token-ohlcv,ed75473e91d9620f96d69424c144f07c,200,1,533,monitoring,1
2026-09-20T23:57:28.189Z,tgm/flow-intelligence,4a99a400ae9eca0e898518477360f61f,200,1,386,monitoring,1
2026-09-20T23:57:28.705Z,tgm/token-ohlcv,c1dfd00f2e023b3870b102672f8aec37,200,1,509,monitoring,1
2026-09-20T23:57:29.317Z,tgm/flow-intelligence,f3cadf520a51d24aca534b5fef2b270e,200,1,604,monitoring,1
2026-09-20T23:57:30.139Z,tgm/token-ohlcv,117d0f55b61aae30f1e0f400c48a8701,200,1,818,monitoring,1
2026-09-20T23:57:30.545Z,tgm/flow-intelligence,18620e219fbc3d5eda711a44d92eb177,200,1,401,monitoring,1
2026-09-20T23:57:31.472Z,tgm/token-ohlcv,2968935bb29c48403fb01505dcd1c078,200,1,919,monitoring,1
2026-09-20T23:57:32.185Z,tgm/flow-intelligence,f1450e4673cf8075b43080054709724d,200,1,705,monitoring,1
2026-09-20T23:57:33.213Z,tgm/token-ohlcv,7d61853f47240e00e5642e0395c39360,200,1,1025,monitoring,1
2026-09-20T23:57:33.624Z,tgm/flow-intelligence,d662475892dd172e1f9a536a53c4cc17,200,1,401,monitoring,1
2026-09-20T23:57:34.414Z,tgm/token-ohlcv,d901262e05ff816de9876078bfe2710c,200,1,784,monitoring,1
2026-09-20T23:57:34.848Z,tgm/flow-intelligence,a5fd046c215a9b6732dbd7618e9b8418,200,1,426,monitoring,1
2026-09-20T23:57:36.100Z,tgm/token-ohlcv,4120a8460cb15618f28b631cc40b691f,200,1,1243,monitoring,1
2026-09-20T23:57:36.849Z,tgm/flow-intelligence,239c4f4bfedfdb11b0f42c098afdd124,200,1,740,monitoring,1
2026-09-20T23:57:37.639Z,tgm/token-ohlcv,118c0c660ff45f1d0897224965a10d1d,200,1,783,monitoring,1
2026-09-20T23:58:38.608Z,tgm/flow-intelligence,0808460beac8e7315d42d8781858295f,200,1,778,monitoring,1
2026-09-20T23:58:39.115Z,tgm/token-ohlcv,5456d00dc1c7e3749873fa18af63374d,200,1,499,monitoring,1
2026-09-20T23:58:40.179Z,tgm/flow-intelligence,53c4ed4acae8f82eaef2ee1e2b43c85c,200,1,1054,monitoring,1
2026-09-20T23:58:41.214Z,tgm/token-ohlcv,9149544568d43f32abec731ea3b1e476,200,1,1030,monitoring,1
2026-09-20T23:59:00.738Z,search/general,ace670776869a4110d23f4420f06f21b,200,0,1382,search,1
2026-09-20T23:59:03.119Z,search/general,cea29e185a55a7777d4117768c7a1c6c,200,0,669,search,1
2026-09-20T23:59:42.180Z,tgm/flow-intelligence,ef084e7fd8d6460dc011eb55ab769e0d,200,1,712,monitoring,1
2026-09-20T23:59:42.679Z,tgm/token-ohlcv,1572370a27a9ee10272e8c00f3737c4e,200,1,490,monitoring,1
2026-09-20T23:59:43.026Z,tgm/flow-intelligence,2cdcbd5ebab8f7685d54d357ad60c036,200,1,336,monitoring,1
2026-09-20T23:59:43.689Z,tgm/token-ohlcv,175531511a9d9753d45a8c33065e7f50,200,1,654,monitoring,1
2026-09-20T23:59:44.374Z,tgm/flow-intelligence,b193602f092aa36329b50e0ba3073f10,200,1,674,monitoring,1
2026-09-20T23:59:45.132Z,tgm/token-ohlcv,a26480618e22290c1d3ae679150b6d1b,200,1,750,monitoring,1
2026-09-20T23:59:45.529Z,tgm/flow-intelligence,886ce03cd98c0e06b25a3d602ad1601e,200,1,389,monitoring,1
2026-09-20T23:59:46.016Z,tgm/token-ohlcv,67af3712cf94235a40dccd39ec5f4630,200,1,484,monitoring,1
2026-09-20T23:59:46.380Z,tgm/flow-intelligence,0ddbb946a370b8117630a153c523f17c,200,1,353,monitoring,1
2026-09-20T23:59:47.149Z,tgm/token-ohlcv,418190057c452b3b490ce362c3749e6e,200,1,763,monitoring,1
2026-09-20T23:59:47.559Z,tgm/flow-intelligence,a75a6a702fbdb13f56c31c2422bd2e66,200,1,398,monitoring,1
2026-09-20T23:59:48.361Z,tgm/token-ohlcv,aa59793f67b994040e25c8272e1eeb1f,200,1,797,monitoring,1
2026-09-20T23:59:49.645Z,tgm/flow-intelligence,f66e8a531581336b34bbdf39ca177e24,200,1,1275,monitoring,1
2026-09-20T23:59:50.423Z,tgm/token-ohlcv,d641c6036f3eb1625737f877727f150e,200,1,774,monitoring,1
2026-09-20T23:59:50.815Z,tgm/flow-intelligence,f0591f33394d742734a5e25c8ff0ba3b,200,1,382,monitoring,1
2026-09-20T23:59:51.754Z,tgm/token-ohlcv,adc3047c0d04911a5bada5096ca5de6d,200,1,934,monitoring,1
2026-09-20T23:59:52.162Z,tgm/flow-intelligence,b13eb01fa3b0e25410cede33a621eb7e,200,1,401,monitoring,1
2026-09-20T23:59:53.085Z,tgm/token-ohlcv,ba59b04bd1e33b42dd9b872ffa45321a,200,1,920,monitoring,1
2026-09-20T23:59:53.485Z,tgm/flow-intelligence,329a8a29384c0636c0a609706db2875c,200,1,394,monitoring,1
2026-09-20T23:59:54.109Z,tgm/token-ohlcv,3e88d138aa0f6a28825adc3209002a7d,200,1,621,monitoring,1
2026-09-20T23:59:54.812Z,tgm/flow-intelligence,3006945bdb77a910bff6be7fc5c1dd63,200,1,696,monitoring,1
2026-09-20T23:59:55.748Z,tgm/token-ohlcv,ee1c8e61a0dbe20ef534710a7f381c03,200,1,934,monitoring,1
2026-09-20T23:59:56.155Z,tgm/flow-intelligence,3be79c6635e9f947143931592cf49c55,200,1,401,monitoring,1
2026-09-20T23:59:56.975Z,tgm/token-ohlcv,adfaa079d3323f333c54c507ce1f6709,200,1,817,monitoring,1
2026-09-20T23:59:57.690Z,tgm/flow-intelligence,a30b0174e58b8b0faad1da23b3308b50,200,1,708,monitoring,1
2026-09-20T23:59:58.287Z,tgm/token-ohlcv,0f5b5e1ea7193665229cd522bc55ff17,200,1,595,monitoring,1
2026-09-20T23:59:58.707Z,tgm/flow-intelligence,1d3958209bad7d6965dd0d1ac0445914,200,1,375,monitoring,1
2026-09-20T23:59:59.229Z,tgm/token-ohlcv,8c5a40207e19901ef0e3636e9cb59e3e,200,1,518,monitoring,1
2026-09-21T00:00:00.032Z,tgm/flow-intelligence,befc870c8ebfe00e4dd39c5eea4e2d49,200,1,796,monitoring,1
2026-09-21T00:00:00.673Z,tgm/token-ohlcv,1ca1ff740ada903b2a6cb15cbc60041b,200,1,637,monitoring,1
2026-09-21T00:00:01.727Z,tgm/flow-intelligence,3badaf61bef78012b1ac936783a2bd2d,200,1,1047,monitoring,1
2026-09-21T00:00:02.521Z,tgm/token-ohlcv,76a020731137ef62d0fc130a129a2e52,200,1,791,monitoring,1
2026-09-21T00:00:10.196Z,tgm/flow-intelligence,336fb4386819b17d2f0937381021bd56,200,1,7668,monitoring,1
2026-09-21T00:00:11.005Z,tgm/token-ohlcv,1b2ab16e3b327a41f01b9a477e9c1a72,200,1,806,monitoring,1
2026-09-21T00:00:11.924Z,tgm/flow-intelligence,bcd0a616a42b1112da858c046d07871f,200,1,913,monitoring,1
2026-09-21T00:00:12.938Z,tgm/token-ohlcv,1e2230234a00654a2a92305d74fd8b1b,200,1,1006,monitoring,1
2026-09-21T00:00:16.422Z,tgm/flow-intelligence,c3314e13f4d48d4a12f2de5418b1ea4f,200,1,2667,monitoring,1
2026-09-21T00:00:20.117Z,tgm/token-ohlcv,adb942017162de446029116660ebb705,200,1,3693,monitoring,1
2026-09-21T00:00:53.269Z,search/general,af09f11e5d317526600b1d03ba760535,200,0,1066,search,1
2026-09-21T00:00:54.830Z,search/general,f7eafc1a09a30543685e154bff390729,200,0,633,search,1
2026-09-21T00:00:55.841Z,search/general,616bc2226528584358c2d1108f577810,200,0,538,search,1
2026-09-21T00:00:56.880Z,search/general,e1e5101606c7833361bd8c4a036fd803,200,0,590,search,1
2026-09-21T00:00:57.754Z,search/general,819fbf198618cf2accfe2748dc273538,200,0,472,search,1
2026-09-21T00:00:58.795Z,search/general,51c63b2a263365536defe83fbfe6a11e,200,0,517,search,1
2026-09-21T00:02:39.797Z,search/general,eecadd273df637086a9f5a7f6798104f,200,0,1747,search,1
2026-09-21T00:05:26.602Z,search/general,e816a62b807ad646a522ed1303167958,200,0,7774,search,1
2026-09-21T00:05:44.216Z,search/general,51d5e14e8e49933522b1b6136f2eec03,200,0,1035,search,1
2026-09-21T00:06:16.931Z,search/general,108ff4120d368143b2669c2825ee770c,200,0,1066,search,1
2026-09-21T00:09:22.027Z,tgm/flow-intelligence,1fa9ec6a9ab4f04a15b23f7fc9d66704,200,1,843,monitoring,1
2026-09-21T00:09:24.681Z,tgm/token-ohlcv,d114513fc31f2478dfc612433aa1c528,200,1,2652,monitoring,1
2026-09-21T00:10:25.456Z,tgm/flow-intelligence,91403725e1138b7ba22fc63772bdf718,200,1,686,monitoring,1
2026-09-21T00:10:26.171Z,tgm/token-ohlcv,d5bdfc23bab0ca2f31fcb81e8de86278,200,1,708,monitoring,1
2026-09-21T00:10:27.381Z,tgm/flow-intelligence,c6a6a7573bf64f14ef3c5c03d8eea034,200,1,1206,monitoring,1
2026-09-21T00:10:28.082Z,tgm/token-ohlcv,dd92fa00de1e7d7ea68aa833a439a258,200,1,699,monitoring,1
2026-09-21T00:10:28.902Z,tgm/flow-intelligence,2bfe4e55acb9fa277ad62e0fefb50031,200,1,817,monitoring,1
2026-09-21T00:10:29.678Z,tgm/token-ohlcv,970a963ea99fc61416551e43aa95bf74,200,1,774,monitoring,1
2026-09-21T00:10:30.669Z,tgm/flow-intelligence,21efa951ab9a3b10dcc4c70c07673506,200,1,989,monitoring,1
2026-09-21T00:10:31.148Z,tgm/token-ohlcv,0df1de7dec4e48164ec0af4989d3ad6d,200,1,476,monitoring,1
2026-09-21T00:10:37.161Z,tgm/flow-intelligence,692ae15db5b110619713c74035bc8417,200,1,6011,monitoring,1
2026-09-21T00:10:37.815Z,tgm/token-ohlcv,64a498505915316943289202bb10833f,200,1,653,monitoring,1
2026-09-21T00:10:38.763Z,tgm/flow-intelligence,71d70c3d56e6d2169689685b79ed9a3e,200,1,946,monitoring,1
2026-09-21T00:10:39.944Z,tgm/token-ohlcv,90d892102408cf682372e634c371690d,200,1,1177,monitoring,1
2026-09-21T00:10:40.825Z,tgm/flow-intelligence,f4b72c6c2d48434612919d3900ea686b,200,1,879,monitoring,1
2026-09-21T00:10:42.161Z,tgm/token-ohlcv,859fc45856beba1e73c6f5601b14565a,200,1,1335,monitoring,1
2026-09-21T00:10:43.184Z,tgm/flow-intelligence,587d84058a277e28aba0037ccaf28045,200,1,1019,monitoring,1
2026-09-21T00:10:44.510Z,tgm/token-ohlcv,8f04be4ed68e6e03062c136e05672e7a,200,1,1317,monitoring,1
2026-09-21T00:10:46.021Z,tgm/flow-intelligence,a32f4256c72afd006a78515a4d81d571,200,1,1509,monitoring,1
2026-09-21T00:10:48.221Z,tgm/token-ohlcv,e804d73944dc8c3b9e398f1a8ed96145,200,1,2198,monitoring,1
2026-09-21T00:11:21.815Z,search/general,15612c3ae368583ad4712335278f163a,200,0,1431,search,1
2026-09-21T00:11:49.521Z,tgm/flow-intelligence,1c85cf2e82c1ea60c418456291ba1c2e,200,1,1218,monitoring,1
2026-09-21T00:11:50.320Z,tgm/token-ohlcv,01a8a5471516b80dcd9b8325138ea459,200,1,795,monitoring,1
2026-09-21T00:11:51.314Z,tgm/flow-intelligence,3565165072ed5c26e214d74965808b55,200,1,987,monitoring,1
2026-09-21T00:11:51.797Z,tgm/token-ohlcv,a72c536c01abb00eeb9c9f3da9fb2c37,200,1,480,monitoring,1
2026-09-21T00:11:52.536Z,tgm/flow-intelligence,eeffe77516b4a72361b3585a2a475a44,200,1,732,monitoring,1
2026-09-21T00:11:53.171Z,tgm/token-ohlcv,7f34126e85ce29174f549e40f767291d,200,1,631,monitoring,1
2026-09-21T00:11:54.163Z,tgm/flow-intelligence,b9c4c07f3bfa595658ecec6640943938,200,1,984,monitoring,1
2026-09-21T00:11:55.402Z,tgm/token-ohlcv,f4812b0589bcfd58224c8f0950468e7d,200,1,1234,monitoring,1
2026-09-21T00:11:56.424Z,tgm/flow-intelligence,eca9aa25828ab11edd895a4c21b0a964,200,1,1014,monitoring,1
2026-09-21T00:11:57.795Z,tgm/token-ohlcv,b887ac72e925a41bc294fd4496c71a56,200,1,1367,monitoring,1
2026-09-21T00:11:58.463Z,tgm/flow-intelligence,bb901e02af0aad53d58cc34602c20c6f,200,1,660,monitoring,1
2026-09-21T00:11:58.979Z,tgm/token-ohlcv,7679077a55f2c86e1d3f20632e01b46c,200,1,498,monitoring,1
2026-09-21T00:12:00.398Z,tgm/flow-intelligence,3e186d0adfd31d28c4c8ce4200032d08,200,1,1399,monitoring,1
2026-09-21T00:12:01.191Z,tgm/token-ohlcv,e8f79c6302ca72560b1bdc72edc97a67,200,1,787,monitoring,1
2026-09-21T00:13:04.018Z,tgm/flow-intelligence,22058e3adfe0a01fac0df01c0bc5ae39,200,1,2579,monitoring,1
2026-09-21T00:13:04.845Z,tgm/token-ohlcv,a652f218c64ea4021e5f52386bcaa435,200,1,820,monitoring,1
2026-09-21T00:13:06.810Z,tgm/flow-intelligence,3e126765b839e31fc98e094de464597e,200,1,1892,monitoring,1
2026-09-21T00:13:07.800Z,tgm/token-ohlcv,e104010c41f90974f55b407839cf4535,200,1,971,monitoring,1
2026-09-21T00:13:09.070Z,tgm/flow-intelligence,c7eba475fcfe9b2db369ca1246380017,200,1,1262,monitoring,1
2026-09-21T00:13:09.902Z,tgm/token-ohlcv,a70fe011a3b9992ff22ccb01ce25a560,200,1,829,monitoring,1
2026-09-21T00:13:10.863Z,tgm/flow-intelligence,2aa0ec65a12ac83dcfc8c4376f77876a,200,1,955,monitoring,1
2026-09-21T00:13:12.066Z,tgm/token-ohlcv,53908003ee27dd655e738404a13da61c,200,1,1191,monitoring,1
2026-09-21T00:13:12.779Z,tgm/flow-intelligence,ed1942473a602b3a02c1043196d4e664,200,1,707,monitoring,1
2026-09-21T00:13:13.639Z,tgm/token-ohlcv,8a97271ff368340432bd2b408e67392e,200,1,858,monitoring,1
2026-09-21T00:13:14.381Z,tgm/flow-intelligence,d0b5ae60523845582b8b0b27f06d630e,200,1,735,monitoring,1
2026-09-21T00:13:15.179Z,tgm/token-ohlcv,25a2c4379a1e54384c7af977bb76ff20,200,1,779,monitoring,1
2026-09-21T00:13:16.505Z,tgm/flow-intelligence,2165c92314d216083d8bd144906cf077,200,1,1319,monitoring,1
2026-09-21T00:13:17.427Z,tgm/token-ohlcv,f080b4337561c4359b138e34237afb67,200,1,920,monitoring,1
2026-09-21T00:13:18.248Z,tgm/flow-intelligence,e808f878ad83f6129b2a0a28229a4868,200,1,816,monitoring,1
2026-09-21T00:13:19.082Z,tgm/token-ohlcv,8b30f733ae4ada534c8b46728e47530e,200,1,831,monitoring,1
2026-09-21T00:13:19.906Z,tgm/flow-intelligence,0ac6541ac1d7b22beb29b9452de1a453,200,1,818,monitoring,1
2026-09-21T00:13:20.924Z,tgm/token-ohlcv,ca48576172db546208ab7623c01c3466,200,1,1005,monitoring,1
2026-09-21T00:13:21.707Z,tgm/flow-intelligence,dc90b77df6b6123053c15e1865109458,200,1,778,monitoring,1
2026-09-21T00:13:22.430Z,tgm/token-ohlcv,3bd5e36fffd11418e9ee13225e8e0575,200,1,716,monitoring,1
2026-09-21T00:13:23.244Z,tgm/flow-intelligence,daaef9016c9dcc1893ea59571584dd71,200,1,805,monitoring,1
2026-09-21T00:13:23.865Z,tgm/token-ohlcv,2d7ad31a05dca56729954d20b54a141f,200,1,617,monitoring,1
2026-09-21T00:13:24.245Z,tgm/flow-intelligence,0db4000669b13f0fe03fd1120cb4a623,200,1,372,monitoring,1
2026-09-21T00:13:24.979Z,tgm/token-ohlcv,9656434b72839435ad4ea91583b44a6a,200,1,728,monitoring,1
2026-09-21T00:13:25.735Z,tgm/flow-intelligence,ff52be78500ffd1fa0364d38f093b303,200,1,744,monitoring,1
2026-09-21T00:13:26.377Z,tgm/token-ohlcv,909d2b1118c13c6eed934363ac627169,200,1,634,monitoring,1
2026-09-21T00:13:27.168Z,tgm/flow-intelligence,a8732e350733423cc5111524bfe2690b,200,1,784,monitoring,1
2026-09-21T00:13:28.011Z,tgm/token-ohlcv,2825187d064ca03d97dbc10a93e3bd45,200,1,831,monitoring,1
2026-09-21T00:19:31.559Z,tgm/flow-intelligence,5beb507e5a80820c0f07f410963b3662,200,1,2843,monitoring,1
2026-09-21T00:19:32.522Z,tgm/token-ohlcv,3c3ed401ca0ec174bf60293f65405544,200,1,945,monitoring,1
2026-09-21T00:19:33.339Z,tgm/flow-intelligence,5e93ad69111a1a7e2c698d78b97efe67,200,1,811,monitoring,1
2026-09-21T00:19:33.981Z,tgm/token-ohlcv,05754574d1215735d4e61b7f218cbb59,200,1,633,monitoring,1
2026-09-21T00:19:35.762Z,tgm/flow-intelligence,3e6e741275d1ef570561980400649e23,200,1,1544,monitoring,1
2026-09-21T00:19:36.703Z,tgm/token-ohlcv,e7734f23593356282cfd3e0e88b99617,200,1,935,monitoring,1
2026-09-21T00:19:37.181Z,tgm/flow-intelligence,2ac40c6d49fc471bb780aa37d7d65248,200,1,462,monitoring,1
2026-09-21T00:19:37.845Z,tgm/token-ohlcv,af7ff324fe80fd43032d2413007ce002,200,1,660,monitoring,1
2026-09-21T00:21:38.776Z,tgm/flow-intelligence,1c975a58eb518e6af62e2202d13b023b,200,1,711,monitoring,1
2026-09-21T00:21:39.440Z,tgm/token-ohlcv,7ee7a403e5933f0cf3adfb29a9eafc5a,200,1,662,monitoring,1
2026-09-21T00:22:40.337Z,tgm/flow-intelligence,310dfa7e0314bc484bfd8945d23aa55d,200,1,768,monitoring,1
2026-09-21T00:22:41.171Z,tgm/token-ohlcv,83b19802dfd5df72293fa516dedbb02d,200,1,824,monitoring,1
2026-09-21T00:22:41.564Z,tgm/flow-intelligence,6951ef123bda7c0c324b546198916a2d,200,1,379,monitoring,1
2026-09-21T00:22:42.368Z,tgm/token-ohlcv,46f1ee32ce971562ebc967446954b975,200,1,795,monitoring,1
2026-09-21T00:22:42.774Z,tgm/flow-intelligence,3057eb69bca7290d6bdd235b7e321663,200,1,397,monitoring,1
2026-09-21T00:22:43.358Z,tgm/token-ohlcv,1b855071e986b64019942c2640c44f23,200,1,574,monitoring,1
2026-09-21T00:22:44.322Z,tgm/flow-intelligence,8fbb6f2aa23586246d09392b056e6617,200,1,945,monitoring,1
2026-09-21T00:22:44.937Z,tgm/token-ohlcv,c777062bead45812f5cc291a21970e74,200,1,613,monitoring,1
2026-09-21T00:22:50.766Z,tgm/flow-intelligence,2e3ab31e72f4ca4d9fe2d62edde19d18,200,1,5821,monitoring,1
2026-09-21T00:22:51.382Z,tgm/token-ohlcv,bba5755e3962a73999afd3257c1f0441,200,1,611,monitoring,1
2026-09-21T00:23:52.924Z,tgm/flow-intelligence,9473c65dff3bc7758b3b0e66ef4afe28,200,1,1262,monitoring,1
2026-09-21T00:23:53.851Z,tgm/token-ohlcv,9e63f23f399df21563857d110c27d21e,200,1,913,monitoring,1
2026-09-21T00:23:54.571Z,tgm/flow-intelligence,cfeacf5eebe91b02e1842c2bb333877b,200,1,713,monitoring,1
2026-09-21T00:23:55.861Z,tgm/token-ohlcv,80ef0b63d5e5e66092a75031d4005327,200,1,1285,monitoring,1
2026-09-21T00:23:56.213Z,tgm/flow-intelligence,99d3e2089b70b54028c2d7738424450a,200,1,328,monitoring,1
2026-09-21T00:23:56.917Z,tgm/token-ohlcv,8b6ef40c01ca905344f04d616c667b5d,200,1,698,monitoring,1
2026-09-21T00:23:57.924Z,tgm/flow-intelligence,278698059e90b1071bfa3b1adf66c44f,200,1,999,monitoring,1
2026-09-21T00:23:58.850Z,tgm/token-ohlcv,722d461ca94ac9002ae2995aa3409a44,200,1,922,monitoring,1
2026-09-21T00:23:59.768Z,tgm/flow-intelligence,56b61b20bb90fb294cc60d33572ae601,200,1,914,monitoring,1
2026-09-21T00:24:00.602Z,tgm/token-ohlcv,0b9605513ca42a5a64864a2b8bf12f1e,200,1,829,monitoring,1
2026-09-21T00:25:04.813Z,tgm/flow-intelligence,2497293474f8835a84a636523f99044f,200,1,3982,monitoring,1
2026-09-21T00:25:05.620Z,tgm/token-ohlcv,c77f2c619214da22c0e10748e6a6277c,200,1,801,monitoring,1
2026-09-21T00:25:06.632Z,tgm/flow-intelligence,a897852ca11cea2a6b98341e752f4f56,200,1,1004,monitoring,1
2026-09-21T00:25:07.357Z,tgm/token-ohlcv,3b03b245eed5a57326e979737f564f1c,200,1,714,monitoring,1
2026-09-21T00:25:07.751Z,tgm/flow-intelligence,b729e5371914b11e189d3064b09bbe0d,200,1,373,monitoring,1
2026-09-21T00:25:08.321Z,tgm/token-ohlcv,982a414cf5e3cf257a3af957daef2c71,200,1,569,monitoring,1
2026-09-21T00:25:09.281Z,tgm/flow-intelligence,52fe2876a4efdb60dd53c90bc83bdf53,200,1,956,monitoring,1
2026-09-21T00:25:10.880Z,tgm/token-ohlcv,7711d26835bcf109a1349d1602f51d33,200,1,1569,monitoring,1
2026-09-21T00:25:12.009Z,tgm/flow-intelligence,2fd1336b5bb06d5d3e6a73150ec1703f,200,1,1122,monitoring,1
2026-09-21T00:25:12.455Z,tgm/token-ohlcv,6d2b8f527ca8d000abc8ad1661c69678,200,1,439,monitoring,1
2026-09-21T00:25:14.119Z,tgm/flow-intelligence,120ef62b0b9ad700fa0fc17296ddbe60,200,1,1658,monitoring,1
2026-09-21T00:25:14.970Z,tgm/token-ohlcv,15b20d06c1da7e67137a3b6afd149749,200,1,837,monitoring,1
2026-09-21T00:26:16.365Z,tgm/flow-intelligence,f845aa31d1617b0b1c5b74283188240e,200,1,741,monitoring,1
2026-09-21T00:26:17.130Z,tgm/token-ohlcv,fa876b4a3a33023c32b43f4b5447667c,200,1,749,monitoring,1
2026-09-21T00:26:18.427Z,tgm/flow-intelligence,70db15604498523d344b2b0dffa0f869,200,1,1290,monitoring,1
2026-09-21T00:26:19.179Z,tgm/token-ohlcv,f46199350c633955dce9d554c6240863,200,1,739,monitoring,1
2026-09-21T00:26:20.430Z,tgm/flow-intelligence,9a5e0a73a62a2e7fdc66057327e7911f,200,1,1245,monitoring,1
2026-09-21T00:26:21.295Z,tgm/token-ohlcv,545c0e1db6c66665810c682b7d2f7130,200,1,861,monitoring,1
2026-09-21T00:26:21.982Z,tgm/flow-intelligence,e3eb9e0a33a9182123d87226b3150a61,200,1,681,monitoring,1
2026-09-21T00:26:22.576Z,tgm/token-ohlcv,c5097412b09df24e136b017281726d17,200,1,592,monitoring,1
2026-09-21T00:26:22.939Z,tgm/flow-intelligence,d32341458464174d9d1f3a2e992db557,200,1,359,monitoring,1
2026-09-21T00:26:23.734Z,tgm/token-ohlcv,5197de03926252557ff7263033d0a35b,200,1,791,monitoring,1
2026-09-21T00:26:25.164Z,tgm/flow-intelligence,c9e89521a33e8d3df128de6c3d46821f,200,1,1424,monitoring,1
2026-09-21T00:26:25.977Z,tgm/token-ohlcv,71af104b9dad3e121275f372f0398767,200,1,809,monitoring,1
2026-09-21T00:26:26.817Z,tgm/flow-intelligence,0020ec0b3b58801fdd0e203076dcb43f,200,1,833,monitoring,1
2026-09-21T00:26:27.365Z,tgm/token-ohlcv,e70188508674c10ca61b4f31b3a19d3d,200,1,538,monitoring,1
2026-09-21T00:26:28.076Z,tgm/flow-intelligence,42af38473733914507b0db5d8130e06e,200,1,703,monitoring,1
2026-09-21T00:26:28.556Z,tgm/token-ohlcv,d4ce826111fcc56f706e9155e74fad05,200,1,473,monitoring,1
2026-09-21T00:26:29.391Z,tgm/flow-intelligence,e7bebb39a558e55bbcf75833b97ab04f,200,1,829,monitoring,1
2026-09-21T00:26:30.022Z,tgm/token-ohlcv,5bb97c1d1613fe41ad2e344bc3155b26,200,1,623,monitoring,1
2026-09-21T00:26:30.613Z,tgm/flow-intelligence,8ffa3e7ca938d63de3bfc66c83bdd357,200,1,587,monitoring,1
2026-09-21T00:26:31.130Z,tgm/token-ohlcv,61fb217d1f26ae52ef65c3708763c34a,200,1,515,monitoring,1
2026-09-21T00:26:31.777Z,tgm/flow-intelligence,6dacf0669113d46d00976b74d1aee667,200,1,643,monitoring,1
2026-09-21T00:26:32.351Z,tgm/token-ohlcv,1fc0f83f9c68006ba938bc5e4eb0764b,200,1,568,monitoring,1
2026-09-21T00:26:33.178Z,tgm/flow-intelligence,af7514760d6beb1eaf26537c207cc328,200,1,822,monitoring,1
2026-09-21T00:26:33.671Z,tgm/token-ohlcv,a6b4391c9b9b762f993a257db4df3504,200,1,482,monitoring,1
2026-09-21T00:26:34.375Z,tgm/flow-intelligence,aaa02545ed3ee27c6b78b01573e97223,200,1,695,monitoring,1
2026-09-21T00:26:34.919Z,tgm/token-ohlcv,2112047ae1264a0cf6ad3f1e63f31718,200,1,542,monitoring,1
2026-09-21T00:31:36.362Z,tgm/flow-intelligence,f227b426fabb6b507afc8317cf161860,200,1,1178,monitoring,1
2026-09-21T00:31:37.033Z,tgm/token-ohlcv,859244677a85bf67f271f758a3d26571,200,1,666,monitoring,1
2026-09-21T00:31:37.940Z,tgm/flow-intelligence,0ea16652deb219476906440007d3b11e,200,1,899,monitoring,1
2026-09-21T00:31:38.665Z,tgm/token-ohlcv,5eb03f5308f6dd5b59449d0d84047758,200,1,713,monitoring,1
2026-09-21T00:32:40.414Z,tgm/flow-intelligence,ae0a2469b1c1f23695ce3b6a293bd434,200,1,1616,monitoring,1
2026-09-21T00:32:41.138Z,tgm/token-ohlcv,66f1a7298e4959734c2abc0600d38274,200,1,718,monitoring,1
2026-09-21T00:32:41.973Z,tgm/flow-intelligence,939a2f3fcf34c6333b51c2301186f45d,200,1,831,monitoring,1
2026-09-21T00:32:42.642Z,tgm/token-ohlcv,4d50c64a0a6fca0e5142162c5f7ca606,200,1,664,monitoring,1
2026-09-21T00:33:43.725Z,tgm/flow-intelligence,24db2641edb33b69672946555931243c,200,1,1012,monitoring,1
2026-09-21T00:33:44.313Z,tgm/token-ohlcv,e2ac097aae33a9434bc1d85687d70c1a,200,1,584,monitoring,1
2026-09-21T00:34:45.657Z,tgm/flow-intelligence,f77f446bf5ff802add643e41db2edf45,200,1,1261,monitoring,1
2026-09-21T00:34:46.592Z,tgm/token-ohlcv,e2da0450a0497c3624e2622b44b2fb4a,200,1,932,monitoring,1
2026-09-21T00:34:48.444Z,tgm/flow-intelligence,d020f349e6e03524e115de2174c85b19,200,1,1847,monitoring,1
2026-09-21T00:34:49.472Z,tgm/token-ohlcv,5ecbf04f49b86814a6efe27064d6ba13,200,1,1023,monitoring,1
2026-09-21T00:34:50.364Z,tgm/flow-intelligence,5778af48c1ea916cbe609371091aa804,200,1,886,monitoring,1
2026-09-21T00:34:51.355Z,tgm/token-ohlcv,7e6cb30bd3867a371858981d4bac815a,200,1,987,monitoring,1
2026-09-21T00:35:53.124Z,tgm/flow-intelligence,6735b00a3028c0066a0d01187d3c121f,200,1,1664,monitoring,1
2026-09-21T00:35:53.609Z,tgm/token-ohlcv,be61d921cbbb1c742d37de077405573b,200,1,478,monitoring,1
2026-09-21T00:35:59.072Z,tgm/flow-intelligence,8654222b4220432500b8a96035d62162,200,1,5456,monitoring,1
2026-09-21T00:36:00.224Z,tgm/token-ohlcv,a8b2727a20aab538065a1e5341f8972f,200,1,1139,monitoring,1
2026-09-21T00:37:01.640Z,tgm/flow-intelligence,29c8a253577fc8039795c0605d37064f,200,1,1303,monitoring,1
2026-09-21T00:37:03.334Z,tgm/token-ohlcv,ee0314160bc1761b4636ec115e574567,200,1,1689,monitoring,1
2026-09-21T00:37:04.135Z,tgm/flow-intelligence,b7ebf86ab460856b5f3a886c10192156,200,1,797,monitoring,1
2026-09-21T00:37:04.764Z,tgm/token-ohlcv,eba368714ed1394dfb6cfe6b148c0512,200,1,623,monitoring,1
2026-09-21T00:37:05.532Z,tgm/flow-intelligence,3358fd787ebb772d3db78b0e4e7c3d01,200,1,765,monitoring,1
2026-09-21T00:37:06.394Z,tgm/token-ohlcv,e4bdc9727dc5930d3b75b20a9f02c711,200,1,859,monitoring,1
2026-09-21T00:37:07.371Z,tgm/flow-intelligence,76ab5f0d84ed1a217b58b67b268af70e,200,1,971,monitoring,1
2026-09-21T00:37:08.124Z,tgm/token-ohlcv,17906c443915d520c692925fade0c344,200,1,716,monitoring,1
2026-09-21T00:37:08.837Z,tgm/flow-intelligence,bce9b978edbf1e12452fa801f97b7c33,200,1,707,monitoring,1
2026-09-21T00:37:09.614Z,tgm/token-ohlcv,c151c5694d4d5962c34a3018d8e1312e,200,1,775,monitoring,1
2026-09-21T00:38:10.941Z,tgm/flow-intelligence,1bf6b2735b7d03324b33174d57113344,200,1,1225,monitoring,1
2026-09-21T00:38:11.503Z,tgm/token-ohlcv,9308b366fbf45e390ea8d81b2c5fad16,200,1,558,monitoring,1
2026-09-21T00:38:12.627Z,tgm/flow-intelligence,afd93e0e330818333acf77107460c413,200,1,1118,monitoring,1
2026-09-21T00:38:13.193Z,tgm/token-ohlcv,05ea6b652903726bbe9ba72ca875bd4c,200,1,553,monitoring,1
2026-09-21T00:38:14.487Z,tgm/flow-intelligence,6a83aa1ac8ff4a7cfcd5f27d37589d11,200,1,1286,monitoring,1
2026-09-21T00:38:15.151Z,tgm/token-ohlcv,6294c975978f3f54eaf701491b6f5a70,200,1,658,monitoring,1
2026-09-21T00:38:15.795Z,tgm/flow-intelligence,0d655b52cabaf4463d0b7c01d4e65731,200,1,639,monitoring,1
2026-09-21T00:38:16.428Z,tgm/token-ohlcv,9458e04a31ae4f3d7ddd20400563b737,200,1,618,monitoring,1
2026-09-21T00:38:17.257Z,tgm/flow-intelligence,9cff637c768896481fef2b0bb3d8c37e,200,1,824,monitoring,1
2026-09-21T00:38:17.824Z,tgm/token-ohlcv,195d366594b5fe08f4ca981c1fae1815,200,1,557,monitoring,1
2026-09-21T00:38:19.005Z,tgm/flow-intelligence,3eeeac3ceb0e3f59703e0a6397aaa763,200,1,1175,monitoring,1
2026-09-21T00:38:19.990Z,tgm/token-ohlcv,c13e8b28c2c3a21c5320d41dc0056820,200,1,984,monitoring,1
2026-09-21T00:39:22.885Z,tgm/flow-intelligence,9a39d808ef2813130b864107076deb72,200,1,2796,monitoring,1
2026-09-21T00:39:23.926Z,tgm/token-ohlcv,84041504b4fac27fda05646eed834867,200,1,1032,monitoring,1
2026-09-21T00:39:25.469Z,tgm/flow-intelligence,9616854a83d2ee6e225e3f6d6119b371,200,1,1537,monitoring,1
2026-09-21T00:39:26.371Z,tgm/token-ohlcv,6caa9409b10ee4243ab1c837e5813e1c,200,1,900,monitoring,1
2026-09-21T00:39:27.828Z,tgm/flow-intelligence,07b7d6530711005bd9894028f78d1538,200,1,1452,monitoring,1
2026-09-21T00:39:29.104Z,tgm/token-ohlcv,0a246c3b67529e63efbc7d6cf5e30265,200,1,1273,monitoring,1
2026-09-21T00:39:30.396Z,tgm/flow-intelligence,5071be5877d2b5575d124013f8e1a120,200,1,1286,monitoring,1
2026-09-21T00:39:31.687Z,tgm/token-ohlcv,cfd7c545766d7d5e95b0b06a2049841e,200,1,1290,monitoring,1
2026-09-21T00:39:32.662Z,tgm/flow-intelligence,3de975509081083550c2ec1d61ecae77,200,1,973,monitoring,1
2026-09-21T00:39:33.265Z,tgm/token-ohlcv,dd71e76c15c7522fe1ee063c0e820500,200,1,601,monitoring,1
2026-09-21T00:39:34.152Z,tgm/flow-intelligence,32daec3e0a008e3ac262e307c7da4514,200,1,883,monitoring,1
2026-09-21T00:39:34.969Z,tgm/token-ohlcv,a22e0c467fa4eb3b9cfe2c616171eb3e,200,1,814,monitoring,1
2026-09-21T00:39:36.940Z,tgm/flow-intelligence,0c96867d285d0a74175f6a3bdfcfbf73,200,1,1964,monitoring,1
2026-09-21T00:39:37.665Z,tgm/token-ohlcv,c031867d76ecf50c8f8d5f46969d6d3b,200,1,718,monitoring,1
2026-09-21T00:39:38.943Z,tgm/flow-intelligence,cb7252595a8e3b668680e15020fbd015,200,1,1101,monitoring,1
2026-09-21T00:39:39.710Z,tgm/token-ohlcv,8aa0421cc43637640bd6215f46e15c75,200,1,763,monitoring,1
2026-09-21T00:39:40.588Z,tgm/flow-intelligence,d0249e12e2ba21134fad2f2db5ae321a,200,1,874,monitoring,1
2026-09-21T00:39:41.400Z,tgm/token-ohlcv,e5ef3429768bb86e77304f51556c963b,200,1,781,monitoring,1
2026-09-21T00:39:42.549Z,tgm/flow-intelligence,1fd21358f744f0687f5d107dd7bdbe15,200,1,1141,monitoring,1
2026-09-21T00:39:43.080Z,tgm/token-ohlcv,07d2ec34ac1b950a50d6d55a6e8c847b,200,1,524,monitoring,1
2026-09-21T00:39:43.838Z,tgm/flow-intelligence,80789d03f9e8b82b14a9e9446568d22c,200,1,747,monitoring,1
2026-09-21T00:39:44.468Z,tgm/token-ohlcv,9114d52017e0505411c47034b0e6e878,200,1,627,monitoring,1
2026-09-21T00:39:45.474Z,tgm/flow-intelligence,aa60ad3c40a28f76e2aaa559eec17668,200,1,1001,monitoring,1
2026-09-21T00:39:46.182Z,tgm/token-ohlcv,fe1cfe501e1f0333c87cfc187e959b54,200,1,701,monitoring,1
2026-09-21T00:39:47.024Z,tgm/flow-intelligence,37f90831c09f0e1343829118c80dde51,200,1,837,monitoring,1
2026-09-21T00:39:47.990Z,tgm/token-ohlcv,29faaa361ea9770bedaf490691f9c92a,200,1,963,monitoring,1
2026-09-21T00:43:49.969Z,tgm/flow-intelligence,1c0cc8085d75d81c440e5253537cd811,200,1,1683,monitoring,1
2026-09-21T00:43:51.109Z,tgm/token-ohlcv,f65c362b15543b5f0b12bb621269fe33,200,1,1135,monitoring,1
2026-09-21T00:43:51.472Z,tgm/flow-intelligence,9593762333cbfd165302630edbf0fa50,200,1,357,monitoring,1
2026-09-21T00:43:52.008Z,tgm/token-ohlcv,9c1af0300111cf048585705588d7751c,200,1,531,monitoring,1
2026-09-21T00:44:53.999Z,tgm/flow-intelligence,6d19ef3ab8249c7eb3ad1f23257ab70b,200,1,1884,monitoring,1
2026-09-21T00:44:54.675Z,tgm/token-ohlcv,dc09a444b5e53842e4882341c44ad53a,200,1,669,monitoring,1
2026-09-21T00:44:55.477Z,tgm/flow-intelligence,cc930b53414ddb15a2c0cf762517152a,200,1,796,monitoring,1
2026-09-21T00:44:56.253Z,tgm/token-ohlcv,125f2734ac93aa20c6212014a432f92d,200,1,763,monitoring,1
2026-09-21T00:45:57.256Z,tgm/flow-intelligence,7b4810765eb4170f6c8b732cc1fbcc33,200,1,861,monitoring,1
2026-09-21T00:45:57.737Z,tgm/token-ohlcv,aefe7b47995d480797886606a1466466,200,1,470,monitoring,1
2026-09-21T00:46:58.527Z,tgm/flow-intelligence,82a6da2398e6014ea3568d024ebc2055,200,1,682,monitoring,1
2026-09-21T00:46:59.105Z,tgm/token-ohlcv,3b7f52047fb2a97ef330ae0dc4989315,200,1,575,monitoring,1
2026-09-21T00:47:00.018Z,tgm/flow-intelligence,11de0916b979ea18914866045962b814,200,1,890,monitoring,1
2026-09-21T00:47:00.609Z,tgm/token-ohlcv,18130961a20fa508163f1d50768a4a57,200,1,587,monitoring,1
2026-09-21T00:47:01.293Z,tgm/flow-intelligence,ccb7ce64681363672d92575634f7b609,200,1,678,monitoring,1
2026-09-21T00:47:01.869Z,tgm/token-ohlcv,050bce406e3b672ad26b974fd6960172,200,1,571,monitoring,1
2026-09-21T00:48:03.715Z,tgm/flow-intelligence,6b0df10414dcfd6b45fe2739d0cd4249,200,1,1650,monitoring,1
2026-09-21T00:48:04.545Z,tgm/token-ohlcv,daa4dd5135cb6641a3df510bfe18841b,200,1,819,monitoring,1
2026-09-21T00:48:09.792Z,tgm/flow-intelligence,9961a86ee87b1210423c443e7cbce465,200,1,5240,monitoring,1
2026-09-21T00:48:10.530Z,tgm/token-ohlcv,2eda1c14474e7172a279ae1a0775bf67,200,1,734,monitoring,1
2026-09-21T00:49:11.289Z,tgm/flow-intelligence,b8c633116010fe0055743412f0e51047,200,1,663,monitoring,1
2026-09-21T00:49:11.951Z,tgm/token-ohlcv,2c31394aa47b4c7dbb96d77debb25814,200,1,656,monitoring,1
2026-09-21T00:49:12.625Z,tgm/flow-intelligence,a9257f56b8d897078e5f05024f8b3125,200,1,665,monitoring,1
2026-09-21T00:49:13.363Z,tgm/token-ohlcv,6ebed40c7d6c503d12e6dd29c268aa00,200,1,734,monitoring,1
2026-09-21T00:49:14.272Z,tgm/flow-intelligence,2a696f34208656331460404a8bfd9b10,200,1,903,monitoring,1
2026-09-21T00:49:15.216Z,tgm/token-ohlcv,230bcd394f7edc742cfbbf5aa2bfde62,200,1,937,monitoring,1
2026-09-21T00:49:15.576Z,tgm/flow-intelligence,298ed64d17b4d23f4327bf0e4c99a307,200,1,350,monitoring,1
2026-09-21T00:49:16.166Z,tgm/token-ohlcv,6632af346f227f69ee58826a7dd5217b,200,1,581,monitoring,1
2026-09-21T00:49:16.983Z,tgm/flow-intelligence,58290b0d4847af240dfe877e00ba3678,200,1,809,monitoring,1
2026-09-21T00:49:17.713Z,tgm/token-ohlcv,47d0cb75b71b2c04b7037e61b0096353,200,1,723,monitoring,1
2026-09-21T00:50:18.943Z,tgm/flow-intelligence,6b0c1a3ca1000526df261441cdd81a6f,200,1,1121,monitoring,1
2026-09-21T00:50:19.618Z,tgm/token-ohlcv,47583916dcaedb5cf930a3147cff185d,200,1,665,monitoring,1
2026-09-21T00:50:20.341Z,tgm/flow-intelligence,08000c2463964d0abc6e185cd707ea0b,200,1,718,monitoring,1
2026-09-21T00:50:20.964Z,tgm/token-ohlcv,c05e2c42cc7174468b37997921f4dc65,200,1,618,monitoring,1
2026-09-21T00:50:21.385Z,tgm/flow-intelligence,d4e1d92df35c6811ddea5b772075256e,200,1,417,monitoring,1
2026-09-21T00:50:22.338Z,tgm/token-ohlcv,d6cf89246f0183562c57d27daba20009,200,1,950,monitoring,1
2026-09-21T00:50:23.082Z,tgm/flow-intelligence,7c4cf14d865b085bd9a0273bdec95773,200,1,740,monitoring,1
2026-09-21T00:50:23.780Z,tgm/flow-intelligence,2ad06f07d58c52478ecca74d03187f15,200,1,695,monitoring,1
2026-09-21T00:50:24.769Z,tgm/who-bought-sold,c12eb37e9389021d2b492c52f663c329,200,1,983,monitoring,1
2026-09-21T00:50:25.599Z,tgm/flow-intelligence,1f2e8d0cd92745151dbedd52b8dacd37,200,1,824,monitoring,1
2026-09-21T00:50:26.572Z,tgm/token-ohlcv,c454433d0f8a611791658f2e28aa034c,200,1,971,monitoring,1
2026-09-21T00:50:27.279Z,tgm/flow-intelligence,f791b213028418571352f8366e5ff365,200,1,706,monitoring,1
2026-09-21T00:50:27.899Z,tgm/flow-intelligence,d535731028ee1d50e6a8385f4155f858,200,1,619,monitoring,1
2026-09-21T00:50:28.964Z,tgm/who-bought-sold,684fda6a5f436e449b728c5d77336602,200,1,1062,monitoring,1
2026-09-21T00:51:30.039Z,tgm/flow-intelligence,ac1b7d533ba16574649a8e4d8afee330,200,1,992,monitoring,1
2026-09-21T00:51:30.552Z,tgm/token-ohlcv,24bddc73870da8162bd0f907771f0605,200,1,506,monitoring,1
2026-09-21T00:51:31.193Z,tgm/flow-intelligence,f448d67df64e59682ba20b44cf0cc768,200,1,640,monitoring,1
2026-09-21T00:56:38.943Z,tgm/flow-intelligence,9606f71ff61f0b5811626368d421231a,200,1,3548,monitoring,1
2026-09-21T00:56:39.458Z,tgm/token-ohlcv,17a83252ab972d58f7638934cdeac119,200,1,510,monitoring,1
2026-09-21T00:56:40.496Z,tgm/flow-intelligence,2fdb367319428771a0d6ff325cef4d14,200,1,857,monitoring,1
2026-09-21T00:56:41.178Z,tgm/token-ohlcv,be11ab4b2e729b4b83daab1f300a3e08,200,1,666,monitoring,1
2026-09-21T00:56:42.346Z,tgm/flow-intelligence,b1bfec682912aa2d74b3320a868a9226,200,1,1164,monitoring,1
2026-09-21T00:56:43.059Z,tgm/flow-intelligence,83828f49c7e2b9623d3d08569a2ac21b,200,1,709,monitoring,1
2026-09-21T00:56:43.981Z,tgm/who-bought-sold,727ae73a34a1910a671584354d268a68,200,1,916,monitoring,1
2026-09-21T00:56:45.313Z,tgm/flow-intelligence,f9eeb80e8e2eac110d29c66857ef5a50,200,1,1320,monitoring,1
2026-09-21T00:56:46.233Z,tgm/token-ohlcv,d7bbe97442e8792d86d8d75a19d48a4e,200,1,915,monitoring,1
2026-09-21T00:56:47.869Z,tgm/flow-intelligence,3427d41ce36768600cf45731b18d9823,200,1,1633,monitoring,1
2026-09-21T00:56:49.315Z,tgm/flow-intelligence,ed2f0536a4dade3b22bdbe6d4df23e6b,200,1,1431,monitoring,1
2026-09-21T00:56:50.439Z,tgm/who-bought-sold,a0fe947208a34a1640d98726e3b1f012,200,1,1117,monitoring,1
2026-09-21T00:57:34.978Z,tgm/flow-intelligence,2736553ba1c06575bbb6ba2681e9197a,200,1,1473,monitoring,1
2026-09-21T00:57:36.409Z,tgm/token-ohlcv,8cef6c39a194826c5f990536eb5aac1d,200,1,1428,monitoring,1
2026-09-21T00:57:37.339Z,tgm/flow-intelligence,9f41690c1f9619400b62681d49bc7178,200,1,925,monitoring,1
2026-09-21T00:57:38.458Z,tgm/flow-intelligence,3f170a12a384b3236387fc11973e9204,200,1,1115,monitoring,1
2026-09-21T00:57:39.488Z,tgm/who-bought-sold,9e0b0075aba5d860694fa964de220a07,200,1,1021,monitoring,1
2026-09-21T00:57:39.889Z,tgm/flow-intelligence,95c85127fc2a9d0179a02d1764323550,200,1,391,monitoring,1
2026-09-21T00:57:40.506Z,tgm/token-ohlcv,2bf71d017044d67265ff610780a3c93d,200,1,611,monitoring,1
2026-09-21T00:57:41.323Z,tgm/flow-intelligence,5b59ee185cde59715d0d8454e07aa937,200,1,815,monitoring,1
2026-09-21T00:57:42.294Z,tgm/flow-intelligence,d145d528caced511f0a900528ecb9b07,200,1,966,monitoring,1
2026-09-21T00:57:42.860Z,tgm/who-bought-sold,01d7f525deaa5f2cb0c90d21a30c4b48,200,1,562,monitoring,1
2026-09-21T00:57:43.581Z,tgm/flow-intelligence,6898290011ff602483d9a63acf19fb44,200,1,713,monitoring,1
2026-09-21T00:57:44.159Z,tgm/token-ohlcv,d5631a4fefe55b699b83a064c99ad402,200,1,571,monitoring,1
2026-09-21T00:57:44.766Z,tgm/flow-intelligence,80a242747098d310ae2d674c7499dd29,200,1,604,monitoring,1
2026-09-21T00:57:45.898Z,tgm/flow-intelligence,57eb125459388a43f74db177823a9239,200,1,1113,monitoring,1
2026-09-21T00:57:46.753Z,tgm/who-bought-sold,543cdd6006b2e1209ccb70463e18773c,200,1,851,monitoring,1
2026-09-21T00:57:47.466Z,tgm/flow-intelligence,35fc2242e1323f2e4493064ed9ebb77d,200,1,705,monitoring,1
2026-09-21T00:57:48.206Z,tgm/token-ohlcv,b5d85c1fc4c2fc4d043b8b16cb6ae907,200,1,733,monitoring,1
2026-09-21T00:57:49.010Z,tgm/flow-intelligence,36d87d6e2f9bc532f2cf3746bd7f1a1a,200,1,800,monitoring,1
2026-09-21T00:57:49.728Z,tgm/flow-intelligence,1b188746df7489783464a579d6323049,200,1,708,monitoring,1
2026-09-21T00:57:50.422Z,tgm/who-bought-sold,b8eb1a5bc540b65ecc958031b9fe9524,200,1,654,monitoring,1
2026-09-21T00:57:51.220Z,tgm/flow-intelligence,4c5d3b24415dc42bdd5da00d0549567f,200,1,785,monitoring,1
2026-09-21T00:57:51.976Z,tgm/token-ohlcv,172b9808a3b23e7a4a63df73595b6037,200,1,751,monitoring,1
2026-09-21T00:57:52.794Z,tgm/flow-intelligence,84fbad64195f987e95ba64159b26466d,200,1,814,monitoring,1
2026-09-21T00:57:53.482Z,tgm/flow-intelligence,2c65ba54a39b216561090f60e90e0b6e,200,1,684,monitoring,1
2026-09-21T00:57:54.228Z,tgm/who-bought-sold,36ad8047987d687e62bfff5f6151061c,200,1,741,monitoring,1
2026-09-21T00:57:54.874Z,tgm/flow-intelligence,1c77ed64807f05646e67523c75226c64,200,1,637,monitoring,1
2026-09-21T00:57:55.350Z,tgm/token-ohlcv,ae1400563bcdd04a0a9d86513310ae3a,200,1,454,monitoring,1
2026-09-21T00:57:56.074Z,tgm/flow-intelligence,a850a07ed1d48e09e46b3a67f847a833,200,1,720,monitoring,1
2026-09-21T00:57:56.792Z,tgm/flow-intelligence,8bde963847336716ffcfe30fccca083a,200,1,712,monitoring,1
2026-09-21T00:57:58.016Z,tgm/who-bought-sold,6a111150ed997452f7711647c906ec01,200,1,1220,monitoring,1
2026-09-21T00:57:58.734Z,tgm/flow-intelligence,f2973a0e750cb27dac47ce2647c4a357,200,1,712,monitoring,1
2026-09-21T00:57:59.318Z,tgm/token-ohlcv,38944970de81246c1fab521ec372e028,200,1,579,monitoring,1
2026-09-21T00:58:00.167Z,tgm/flow-intelligence,f79de15287c0314d9889147c255e6b04,200,1,845,monitoring,1
2026-09-21T00:58:00.884Z,tgm/flow-intelligence,2bd85b7c63defa48893d1530dd61161b,200,1,713,monitoring,1
2026-09-21T00:58:01.601Z,tgm/who-bought-sold,8ea20d6278578b135a0ef14f70318a3e,200,1,713,monitoring,1
2026-09-21T00:58:02.364Z,tgm/flow-intelligence,e8c9dd382d204c54d2d07147842fe059,200,1,752,monitoring,1
2026-09-21T00:58:03.031Z,tgm/token-ohlcv,81abd626388cf34a0ba15e1f3c331629,200,1,665,monitoring,1
2026-09-21T00:58:03.852Z,tgm/flow-intelligence,6b0c270492a0350b8e9340485357e322,200,1,818,monitoring,1
2026-09-21T00:58:04.681Z,tgm/flow-intelligence,07ba4212039d5f374db5186c6536455e,200,1,819,monitoring,1
2026-09-21T00:58:05.290Z,tgm/who-bought-sold,9445d36833d64c20043de51370b9c343,200,1,602,monitoring,1
2026-09-21T00:58:05.902Z,tgm/flow-intelligence,c072e7755f134c2fbf28a80cd04b2127,200,1,599,monitoring,1
2026-09-21T00:58:06.393Z,tgm/token-ohlcv,55d4c7642a219b439847664fa2d0563e,200,1,482,monitoring,1
2026-09-21T00:58:07.130Z,tgm/flow-intelligence,02ffe2426b31f11630f67f0658d3aa27,200,1,734,monitoring,1
2026-09-21T00:58:07.846Z,tgm/flow-intelligence,267a2d19020ff51ecd509e356574fb24,200,1,713,monitoring,1
2026-09-21T00:58:08.418Z,tgm/who-bought-sold,628bdf03a2326619d0e3ee5a6e786c61,200,1,560,monitoring,1
2026-09-21T00:58:09.180Z,tgm/flow-intelligence,086d74586ae7de46c2e4e15efbf2e91e,200,1,753,monitoring,1
2026-09-21T00:58:09.730Z,tgm/token-ohlcv,e6c66a2b5719ae764b41c159eacc6e4e,200,1,546,monitoring,1
2026-09-21T00:58:10.410Z,tgm/flow-intelligence,ef8494053c2bc3188df83c12d2571b53,200,1,672,monitoring,1
2026-09-21T00:58:11.162Z,tgm/flow-intelligence,7c67f8562067e76ca44f9a5fcdbaa020,200,1,748,monitoring,1
2026-09-21T00:58:12.048Z,tgm/who-bought-sold,cee5e6589aa8523659fbec2756d3356d,200,1,880,monitoring,1
2026-09-21T00:58:13.069Z,tgm/flow-intelligence,32109b71efa6ea45e38b7f716cace35c,200,1,1011,monitoring,1
2026-09-21T00:58:13.681Z,tgm/token-ohlcv,5e4d316ff813e42f897b350121eba533,200,1,610,monitoring,1
2026-09-21T00:58:14.464Z,tgm/flow-intelligence,f59023653ab3744ca6e88c61b24abe2b,200,1,781,monitoring,1
2026-09-21T00:58:15.216Z,tgm/flow-intelligence,90a36c04bfb4102ec227402a19e59e2a,200,1,750,monitoring,1
2026-09-21T00:58:15.851Z,tgm/who-bought-sold,b8483d721f022d64e8a17c2401105949,200,1,613,monitoring,1
2026-09-21T00:58:16.478Z,tgm/flow-intelligence,0cbcf75fad4b207dbd2aa313cf2c4918,200,1,617,monitoring,1
2026-09-21T00:58:17.065Z,tgm/token-ohlcv,0c36405d9fed246e7f4a9c6364a0f707,200,1,582,monitoring,1
2026-09-21T00:58:17.680Z,tgm/flow-intelligence,0447e8276fa435731704c11a30778f70,200,1,612,monitoring,1
2026-09-21T00:58:18.393Z,tgm/flow-intelligence,5eca1d4f23994146fa36dc22e230650c,200,1,709,monitoring,1
2026-09-21T00:58:19.051Z,tgm/who-bought-sold,cc7e87565f35376dc402c5179fdd3c30,200,1,654,monitoring,1
2026-09-21T00:58:19.683Z,tgm/flow-intelligence,9748ef7394ebcd39a7dbe1597954ca4c,200,1,622,monitoring,1
2026-09-21T00:58:20.601Z,tgm/token-ohlcv,d0870f38232d176bf51dc01449ee212f,200,1,914,monitoring,1
2026-09-21T00:58:21.568Z,tgm/flow-intelligence,97ecaa00ce97fa53aa30980b9b339328,200,1,962,monitoring,1
2026-09-21T00:58:22.285Z,tgm/flow-intelligence,52e23b6c15c55a71c4b30f6275d45c51,200,1,713,monitoring,1
2026-09-21T00:58:23.617Z,tgm/who-bought-sold,2d35c00882acac6bd02cb804bbb10358,200,1,1327,monitoring,1
2026-09-21T00:58:24.548Z,tgm/flow-intelligence,bbfac10f79f2d85e034e617a8b82d147,200,1,919,monitoring,1
2026-09-21T00:58:25.100Z,tgm/token-ohlcv,41d6e4289aea500c9e469a4025a47f15,200,1,549,monitoring,1
2026-09-21T00:58:25.973Z,tgm/flow-intelligence,3bc5960f80663a5346608d2abe4e1648,200,1,870,monitoring,1
2026-09-21T00:58:27.097Z,tgm/flow-intelligence,d3481703804d787723f38e25c8ba756a,200,1,1121,monitoring,1
2026-09-21T00:58:27.920Z,tgm/who-bought-sold,99b08a6c7661374154b8281cf97cda34,200,1,816,monitoring,1
2026-09-21T00:58:28.343Z,tgm/flow-intelligence,6a8add38c95dc113cd57ad3774e4036d,200,1,400,monitoring,1
2026-09-21T00:58:29.074Z,tgm/token-ohlcv,f925ce04bcda5e785d15e741d6f62434,200,1,727,monitoring,1
2026-09-21T00:58:29.905Z,tgm/flow-intelligence,98cd32147727a1459d4f1a165cc5f431,200,1,827,monitoring,1
2026-09-21T00:58:30.784Z,tgm/flow-intelligence,8ed7450ff08be602c264ef4520b7ca33,200,1,875,monitoring,1
2026-09-21T00:58:31.797Z,tgm/who-bought-sold,3117cc09454ff67f6b12141b4b797923,200,1,1009,monitoring,1
2026-09-21T00:58:32.219Z,tgm/flow-intelligence,a5b7262384906d5290c08233d1d9ff6f,200,1,414,monitoring,1
2026-09-21T00:58:33.010Z,tgm/token-ohlcv,29e83b30b1c0ad633c731741c9a6fa41,200,1,781,monitoring,1
2026-09-21T00:58:33.858Z,tgm/flow-intelligence,d8e1600ff2f68f39326928160719eb33,200,1,842,monitoring,1
2026-09-21T00:58:34.549Z,tgm/flow-intelligence,fa1efa0031f3f712439a0f232c36c60a,200,1,687,monitoring,1
2026-09-21T00:58:35.191Z,tgm/who-bought-sold,1dde534811fe136a95aca43b46c68f78,200,1,634,monitoring,1
2026-09-21T00:59:36.521Z,tgm/flow-intelligence,4cc6a0654135926e9983622a1acc1d46,200,1,1107,monitoring,1
2026-09-21T00:59:37.526Z,tgm/token-ohlcv,37362153cb1eed1e1bf113759b49f15b,200,1,1001,monitoring,1
2026-09-21T00:59:38.366Z,tgm/flow-intelligence,e6e50e52722a5a12a748732285a53046,200,1,836,monitoring,1
2026-09-21T00:59:39.388Z,tgm/flow-intelligence,1c61c3654948d536bbabbc07111de95b,200,1,1020,monitoring,1
2026-09-21T00:59:40.416Z,tgm/who-bought-sold,91592133fbd56826f4e43754773f3005,200,1,1020,monitoring,1
2026-09-21T00:59:40.783Z,tgm/flow-intelligence,d0b8806109ebb57f1967582dec194447,200,1,359,monitoring,1
2026-09-21T00:59:41.557Z,tgm/token-ohlcv,53338b36d5121535fd362d23b40ae717,200,1,769,monitoring,1
2026-09-21T00:59:42.457Z,tgm/flow-intelligence,d9220e4af7baad131bb7964602544b13,200,1,899,monitoring,1
2026-09-21T00:59:43.128Z,tgm/flow-intelligence,c196285a54f8a642a12f690552f0490d,200,1,667,monitoring,1
2026-09-21T00:59:43.749Z,tgm/who-bought-sold,cfff905d2231c621ee14117922331c14,200,1,591,monitoring,1
2026-09-21T00:59:44.106Z,tgm/flow-intelligence,37f40324a15f5710c8a98b765d23010c,200,1,340,monitoring,1
2026-09-21T00:59:44.610Z,tgm/token-ohlcv,dbfb2d78797238509f5267550c3e7a48,200,1,500,monitoring,1
2026-09-21T00:59:45.430Z,tgm/flow-intelligence,ca4d9b6bfd4d587331bac01fc2917642,200,1,817,monitoring,1
2026-09-21T00:59:46.280Z,tgm/flow-intelligence,e999960f08f8c34b93f85f63cca0823f,200,1,844,monitoring,1
2026-09-21T00:59:47.069Z,tgm/who-bought-sold,2ad6a23cfb42dd6160ddbb66695db66a,200,1,784,monitoring,1
2026-09-21T00:59:47.989Z,tgm/flow-intelligence,b096df61c237243d219f7423ab833d20,200,1,912,monitoring,1
2026-09-21T00:59:48.609Z,tgm/token-ohlcv,8651f31575fc9a2d6c68de3cb0279652,200,1,616,monitoring,1
2026-09-21T00:59:50.002Z,tgm/flow-intelligence,3908c349b08b3c2cfdbeea3cea9ea22b,200,1,1390,monitoring,1
2026-09-21T00:59:51.267Z,tgm/flow-intelligence,cf8d2037c565fa048bbc542f0beabd3b,200,1,1261,monitoring,1
2026-09-21T00:59:52.130Z,tgm/who-bought-sold,d9017f6072079c16a74d1a1ae0df3045,200,1,852,monitoring,1
2026-09-21T01:00:54.190Z,tgm/flow-intelligence,7980b27f5f863d4c85d5e92393d67968,200,1,1828,monitoring,1
2026-09-21T01:00:54.958Z,tgm/token-ohlcv,7c63b03ba7822d6126dbff28e6aa0917,200,1,762,monitoring,1
2026-09-21T01:00:56.005Z,tgm/flow-intelligence,f2b0ae325d34b01ffb032e0710bb1e05,200,1,1044,monitoring,1
2026-09-21T01:00:57.107Z,tgm/flow-intelligence,e8a8e10a8d1b7a5f8f730549cf369f61,200,1,1098,monitoring,1
2026-09-21T01:00:57.734Z,tgm/who-bought-sold,ccd8cf1f3aee61288c12627162e70c31,200,1,613,monitoring,1
2026-09-21T01:01:03.819Z,tgm/flow-intelligence,fedc612d7fe107724d442f34c22e3d68,200,1,6075,monitoring,1
2026-09-21T01:01:04.785Z,tgm/token-ohlcv,743a697110493e7022372415a4052800,200,1,963,monitoring,1
2026-09-21T01:01:11.156Z,tgm/flow-intelligence,57e8894bf3144d56e9363f7d83841a02,200,1,6369,monitoring,1
2026-09-21T01:01:24.785Z,tgm/flow-intelligence,3d309f47d459c70d92a0cd553dbbe31a,200,1,13625,monitoring,1
2026-09-21T01:02:26.708Z,tgm/flow-intelligence,2727fa1509f27420e9f9d25b0270ed30,200,1,1664,monitoring,1
2026-09-21T01:02:27.631Z,tgm/token-ohlcv,cbd57f007444be5b5e83a600f2fc7916,200,1,920,monitoring,1
2026-09-21T01:02:28.755Z,tgm/flow-intelligence,7d36337c477d795cf46c6747e021186f,200,1,1123,monitoring,1
2026-09-21T01:02:30.294Z,tgm/flow-intelligence,327a9759645ea0001cab444378726524,200,1,1535,monitoring,1
2026-09-21T01:02:31.649Z,tgm/who-bought-sold,d0049824f5f4ec360485c636a133a832,200,1,1327,monitoring,1
2026-09-21T01:02:32.679Z,tgm/flow-intelligence,c1c72c7564be51379a2ec4301a60f62d,200,1,1021,monitoring,1
2026-09-21T01:02:33.716Z,tgm/token-ohlcv,f7b16b523161552aef73482736f14e5f,200,1,1033,monitoring,1
2026-09-21T01:02:35.108Z,tgm/flow-intelligence,f095f812c605d67825cde03c8c9bd629,200,1,1389,monitoring,1
2026-09-21T01:02:36.123Z,tgm/flow-intelligence,c50ded0d266f0d346b93f33ddbd7d44e,200,1,1010,monitoring,1
2026-09-21T01:02:37.053Z,tgm/who-bought-sold,a26bf76bd8ac0a42e265ec4a1a665e78,200,1,927,monitoring,1
2026-09-21T01:02:37.974Z,tgm/flow-intelligence,901884570e8eda2d9b4e3e10fc256c27,200,1,915,monitoring,1
2026-09-21T01:02:39.305Z,tgm/token-ohlcv,d4a3b16d2dd421613c1e510c711d031b,200,1,1328,monitoring,1
2026-09-21T01:02:40.230Z,tgm/flow-intelligence,9b1a552965edbe488ebe917f2b33d900,200,1,918,monitoring,1
2026-09-21T01:02:41.265Z,tgm/flow-intelligence,8457c11ed1de6239fe916f4f58366d29,200,1,1033,monitoring,1
2026-09-21T01:02:42.176Z,tgm/who-bought-sold,6f1947442f843868925a8b302d44dd0d,200,1,905,monitoring,1
2026-09-21T01:02:43.392Z,tgm/flow-intelligence,5d99cf5d29fa2e6e57d14c0cccb21622,200,1,1199,monitoring,1
2026-09-21T01:02:44.324Z,tgm/token-ohlcv,a9bcff208700c7379e36be126d7f9968,200,1,929,monitoring,1
2026-09-21T01:02:45.244Z,tgm/flow-intelligence,6aaca97df3f1d431fe5ba264fc7c1938,200,1,917,monitoring,1
2026-09-21T01:02:46.109Z,tgm/flow-intelligence,9e2582367795a51f228ca055ac52de0b,200,1,861,monitoring,1
2026-09-21T01:02:47.938Z,tgm/who-bought-sold,334c596aa18d275eeee31d5f9df80268,200,1,1795,monitoring,1
2026-09-21T01:02:48.826Z,tgm/flow-intelligence,35b64f04f4dd9f155f5e5f5db158fa35,200,1,881,monitoring,1
2026-09-21T01:02:49.832Z,tgm/token-ohlcv,dc4c622f674a4a467c4a081dc700a92b,200,1,995,monitoring,1
2026-09-21T01:02:50.778Z,tgm/flow-intelligence,629d4c7a352fe546c265d6633feaae29,200,1,942,monitoring,1
2026-09-21T01:02:51.547Z,tgm/flow-intelligence,ff996423eceba0679085477cf306862a,200,1,757,monitoring,1
2026-09-21T01:02:52.518Z,tgm/who-bought-sold,c82a7536809ee97816aaa10f24043c38,200,1,965,monitoring,1
2026-09-21T01:02:53.549Z,tgm/flow-intelligence,10364f063de02627a72f793c9f1bdc4e,200,1,1020,monitoring,1
2026-09-21T01:02:54.834Z,tgm/token-ohlcv,bb8b023911f788756a471959ccc1513f,200,1,1282,monitoring,1
2026-09-21T01:02:55.623Z,tgm/flow-intelligence,bd99b87c455205096a663e507825bb35,200,1,786,monitoring,1
2026-09-21T01:02:57.184Z,tgm/flow-intelligence,57498e7ed5ad572944e70c75a6203e1b,200,1,1558,monitoring,1
2026-09-21T01:02:58.148Z,tgm/who-bought-sold,1feddd680cd8ab3a03082d6c76366c67,200,1,959,monitoring,1
2026-09-21T01:02:59.377Z,tgm/flow-intelligence,763e342012ea092350f6535eb0b00851,200,1,1185,monitoring,1
2026-09-21T01:02:59.943Z,tgm/token-ohlcv,efc46b04335f2623c065d54daa9fca7e,200,1,563,monitoring,1
2026-09-21T01:03:00.913Z,tgm/flow-intelligence,29c90148d5362f457fc6d642198e6d4c,200,1,967,monitoring,1
2026-09-21T01:03:01.833Z,tgm/flow-intelligence,0b820b49c3e9db7fc3ab2201a8eeea59,200,1,917,monitoring,1
2026-09-21T01:03:02.858Z,tgm/who-bought-sold,4879256980d97c153cb441384f5c322f,200,1,1021,monitoring,1
2026-09-21T01:03:04.189Z,tgm/flow-intelligence,19b9952e296663031d44410334c68174,200,1,1321,monitoring,1
2026-09-21T01:03:05.316Z,tgm/token-ohlcv,07f04a6d2cb8791e9c415b7b768bf81d,200,1,1123,monitoring,1
2026-09-21T01:04:07.074Z,tgm/flow-intelligence,7b3b9206c82faa658af44314b08ad563,200,1,1523,monitoring,1
2026-09-21T01:04:07.740Z,tgm/token-ohlcv,ce5cee4796183052c43c3f38ede3ec16,200,1,654,monitoring,1
2026-09-21T01:09:09.863Z,tgm/flow-intelligence,73fb1419cfb7701e94fdbb3ca277a356,200,1,1635,monitoring,1
2026-09-21T01:09:10.489Z,tgm/token-ohlcv,13e0314ab677351a20b3245eb485d537,200,1,624,monitoring,1
2026-09-21T01:09:11.864Z,tgm/flow-intelligence,39add04125816f05aacf3541d52e6c49,200,1,1371,monitoring,1
2026-09-21T01:09:12.837Z,tgm/token-ohlcv,c567e4672d94062616c72d7f3aff2642,200,1,969,monitoring,1
2026-09-21T01:09:13.973Z,tgm/flow-intelligence,1c9b1b6e25c74c16d632e44ce6d62016,200,1,1132,monitoring,1
2026-09-21T01:09:14.552Z,tgm/token-ohlcv,69b40b0ed38c2106338a784dd7bb4274,200,1,577,monitoring,1
2026-09-21T01:09:14.935Z,tgm/flow-intelligence,9e8a6700e225ef3f4f00763fd7a84a45,200,1,381,monitoring,1
2026-09-21T01:09:15.712Z,tgm/token-ohlcv,e6e8d428ba664f69bd2c6728b1fcea4f,200,1,773,monitoring,1
2026-09-21T01:10:17.709Z,tgm/flow-intelligence,b2a177277bd53a0a4cc92f2041ea9309,200,1,1866,monitoring,1
2026-09-21T01:10:19.428Z,tgm/token-ohlcv,70ebd10013c57a67d28ab76474723925,200,1,1706,monitoring,1
2026-09-21T01:10:20.344Z,tgm/flow-intelligence,f2c6c51e3d221c585e11890662b2971f,200,1,908,monitoring,1
2026-09-21T01:10:21.225Z,tgm/token-ohlcv,a9466a44a5c18938e3e32b6dd292a877,200,1,879,monitoring,1
2026-09-21T01:10:22.179Z,tgm/flow-intelligence,6735343c093b64325bc2ef0023ff0a54,200,1,948,monitoring,1
2026-09-21T01:10:23.178Z,tgm/token-ohlcv,276e53278a94f7296d9631548a8ea37b,200,1,963,monitoring,1
2026-09-21T01:10:24.100Z,tgm/flow-intelligence,1e0b704d0bfbbd017c371743f0134710,200,1,917,monitoring,1
2026-09-21T01:10:25.150Z,tgm/token-ohlcv,42672d3499c77346721cd644272bce05,200,1,1039,monitoring,1
2026-09-21T01:10:25.944Z,tgm/flow-intelligence,edcc9b2bba10e53385ee6b58524a5f31,200,1,791,monitoring,1
2026-09-21T01:10:26.700Z,tgm/token-ohlcv,81c83675c8e81549174ae97dbe747655,200,1,754,monitoring,1
2026-09-21T01:10:28.261Z,tgm/flow-intelligence,db45c95be9520d1c4507dd1052157e56,200,1,1558,monitoring,1
2026-09-21T01:10:29.231Z,tgm/token-ohlcv,85c76f17db3cc211bb967c7ca700fe13,200,1,963,monitoring,1
2026-09-21T01:10:29.898Z,tgm/flow-intelligence,fd9b9d177735080087a63d16baa1fe25,200,1,662,monitoring,1
2026-09-21T01:10:30.929Z,tgm/token-ohlcv,47df18698f79fb53590b3a0a01e07c6a,200,1,991,monitoring,1
2026-09-21T01:10:31.783Z,tgm/flow-intelligence,59b4c95f23755508976b1d4638f60c64,200,1,849,monitoring,1
2026-09-21T01:10:32.741Z,tgm/token-ohlcv,fc0bd8218ccc0029b2eb1506b62cc71a,200,1,957,monitoring,1
2026-09-21T01:10:33.711Z,tgm/flow-intelligence,a4192c775525ec01c3487722cf946d5d,200,1,967,monitoring,1
2026-09-21T01:10:34.711Z,tgm/token-ohlcv,9d49d0365bb3aa54cfd8330b3ad53049,200,1,999,monitoring,1
2026-09-21T01:10:35.628Z,tgm/flow-intelligence,67536f1300879f31404e0e56d2ab197a,200,1,912,monitoring,1
2026-09-21T01:10:36.576Z,tgm/token-ohlcv,ee0b7c32c341d80b40a4e817cdb38364,200,1,945,monitoring,1
2026-09-21T01:11:38.202Z,tgm/flow-intelligence,0de20b42a4722100e11f521e41c6254c,200,1,1517,monitoring,1
2026-09-21T01:11:38.794Z,tgm/token-ohlcv,f10f3a1216851b10c63d991a142f9061,200,1,587,monitoring,1
2026-09-21T01:11:39.674Z,tgm/flow-intelligence,9642fd2631e08833fb07cb3aa65e335a,200,1,873,monitoring,1
2026-09-21T01:11:40.829Z,tgm/token-ohlcv,c7c2480e3fd1d4001ab1b017806b980d,200,1,1143,monitoring,1
2026-09-21T01:11:41.663Z,tgm/flow-intelligence,fa90ec08089c63491c343d1ac5996b12,200,1,676,monitoring,1
2026-09-21T01:11:42.685Z,tgm/token-ohlcv,bab6947db835a775731a6c732a0a9479,200,1,1017,monitoring,1
2026-09-21T01:11:43.024Z,tgm/flow-intelligence,38d6af099e33f877a7660c4632679c12,200,1,333,monitoring,1
2026-09-21T01:11:44.612Z,tgm/token-ohlcv,a6cf5b41c49a4960f7000825d1bbe618,200,1,1574,monitoring,1
2026-09-21T01:11:45.383Z,tgm/flow-intelligence,cddedd2619485843d9ff9f3873ae3968,200,1,764,monitoring,1
2026-09-21T01:11:46.028Z,tgm/token-ohlcv,e4897b0b82bfb9329a66ec679238125f,200,1,637,monitoring,1
2026-09-21T01:12:47.534Z,tgm/flow-intelligence,d7e0a05eb149a517c53a1f097faac93d,200,1,1351,monitoring,1
2026-09-21T01:12:48.191Z,tgm/token-ohlcv,499d4e1f57fd717ac0860d601ad0a473,200,1,648,monitoring,1
2026-09-21T01:12:49.301Z,tgm/flow-intelligence,e506f11f9e687d30b8987b322efdb71a,200,1,1099,monitoring,1
2026-09-21T01:12:50.907Z,tgm/flow-intelligence,e7edec2335bbf220c9e3fb336b6a8841,200,1,1427,monitoring,1
2026-09-21T01:12:51.561Z,tgm/token-ohlcv,aa7b7345c5883d60b1650a1e53f67c5e,200,1,646,monitoring,1
2026-09-21T01:12:52.578Z,tgm/flow-intelligence,1d17d0617d3a7818d1607d0304c8b57f,200,1,1015,monitoring,1
2026-09-21T01:12:53.540Z,tgm/token-ohlcv,dd4620367af343789bf1e536a9ecac38,200,1,960,monitoring,1
2026-09-21T01:13:55.620Z,tgm/flow-intelligence,19a059476f40382708567839cbf2955e,200,1,1972,monitoring,1
2026-09-21T01:13:56.330Z,tgm/token-ohlcv,e2a34526e0ad4e515e07401a3df6802f,200,1,707,monitoring,1
2026-09-21T01:14:03.946Z,tgm/flow-intelligence,362cf10fe5cd233e8201034f7b9a1276,200,1,7611,monitoring,1
2026-09-21T01:14:04.915Z,tgm/token-ohlcv,9bf23c7591e7546385e08043f97c150e,200,1,963,monitoring,1
2026-09-21T01:15:06.501Z,tgm/flow-intelligence,40fd2c46acecc75b2a937d7b6d660f1e,200,1,1487,monitoring,1
2026-09-21T01:15:08.250Z,tgm/token-ohlcv,1a57b83c11527677a27bb21375fae164,200,1,1745,monitoring,1
2026-09-21T01:15:09.483Z,tgm/flow-intelligence,2a1db72d7ebe646348917f3f670d6a34,200,1,1225,monitoring,1
2026-09-21T01:15:10.629Z,tgm/token-ohlcv,21282609cb34d158a9e866254c45dd36,200,1,1134,monitoring,1
2026-09-21T01:15:11.493Z,tgm/flow-intelligence,63170e7f81ef58712fe24f33843f3408,200,1,857,monitoring,1
2026-09-21T01:15:12.379Z,tgm/token-ohlcv,dd58115c7ec7f93e860fb22b40701f5b,200,1,883,monitoring,1
2026-09-21T01:15:13.411Z,tgm/flow-intelligence,590c591517df6538a8cc7b2259c3ab45,200,1,1014,monitoring,1
2026-09-21T01:15:14.289Z,tgm/token-ohlcv,b7e25a481ad53466d203d51846b45575,200,1,862,monitoring,1
2026-09-21T01:15:15.372Z,tgm/flow-intelligence,627f554e0dd6dc08d495de5735950430,200,1,1030,monitoring,1
2026-09-21T01:15:16.727Z,tgm/token-ohlcv,a118482c3ded5f556c192b3e64e2d653,200,1,1337,monitoring,1
2026-09-21T01:15:17.897Z,tgm/flow-intelligence,e180b720d9a546524b6c783b30b32b4e,200,1,1167,monitoring,1
2026-09-21T01:15:19.132Z,tgm/token-ohlcv,6b8bcf4e36be2a3a637b0c2cb72e2a70,200,1,1232,monitoring,1
2026-09-21T01:15:20.415Z,tgm/flow-intelligence,bbdbdb4db8a9a24abe5fd87fb1eef958,200,1,1275,monitoring,1
2026-09-21T01:15:21.115Z,tgm/token-ohlcv,c602cb14762e203b9801954d452dd72a,200,1,694,monitoring,1
2026-09-21T01:16:22.500Z,tgm/flow-intelligence,52b21f4e0e53a86fba70f715c2fb7613,200,1,1211,monitoring,1
2026-09-21T01:16:23.059Z,tgm/token-ohlcv,5c4d710926d45a4c128f2716c5f77202,200,1,555,monitoring,1
2026-09-21T01:16:23.791Z,tgm/flow-intelligence,eb3bc11b252a0d693d24242ad65d3234,200,1,723,monitoring,1
2026-09-21T01:16:24.739Z,tgm/token-ohlcv,975b1705ddda7325d563e05ef3a8880e,200,1,936,monitoring,1
2026-09-21T15:48:53.677Z,tgm/flow-intelligence,f7e3041dc8bbca31f36d2e13d3d47a27,200,1,1852,monitoring,1
2026-09-21T15:48:55.706Z,tgm/token-ohlcv,4a09d959e808bc7c67ddcb2663394679,200,1,2024,monitoring,1
2026-09-21T15:48:56.543Z,tgm/flow-intelligence,7b5bdc5603fe27362ddb4a7a52db8550,200,1,832,monitoring,1
2026-09-21T15:48:57.868Z,tgm/flow-intelligence,b4429f447d34286d3844ae22d8609346,200,1,1011,monitoring,1
2026-09-21T15:48:58.821Z,tgm/who-bought-sold,28ff722ec76dcf6809688242ff3e2a20,200,1,949,monitoring,1
2026-09-21T15:49:02.379Z,tgm/flow-intelligence,a8eaa97640417d594140e74723ba0f02,200,1,3537,monitoring,1
2026-09-21T15:49:03.369Z,tgm/token-ohlcv,d1707112b9f95a6c8ba8891b27b2eb6a,200,1,978,monitoring,1
2026-09-21T15:49:04.726Z,tgm/flow-intelligence,2411a147a9c98236989d2b55b4efcf68,200,1,1211,monitoring,1
2026-09-21T15:49:06.470Z,tgm/flow-intelligence,554e2011df5f3c11b59d1e23b365093d,200,1,1743,monitoring,1
2026-09-21T15:49:08.208Z,tgm/who-bought-sold,0062cb656644410da1fffb50ecc55a4e,200,1,1733,monitoring,1
2026-09-21T15:49:09.370Z,tgm/flow-intelligence,faf0601f1b19173e85bf075efc0a4e2a,200,1,1143,monitoring,1
2026-09-21T15:49:10.458Z,tgm/token-ohlcv,84ff2e46fedca9194d5d68055b0f7736,200,1,1081,monitoring,1
2026-09-21T15:49:11.283Z,tgm/flow-intelligence,8c10c3243eff694957daca3856589076,200,1,824,monitoring,1
2026-09-21T15:49:12.310Z,tgm/flow-intelligence,2a6754429366e02f2c8c7423c59de434,200,1,1024,monitoring,1
2026-09-21T15:49:13.138Z,tgm/who-bought-sold,3bb63c3414733b75cc2c3f10e1416524,200,1,817,monitoring,1
2026-09-21T15:49:14.357Z,tgm/flow-intelligence,bc2ba923202451783aac733021fa123e,200,1,1210,monitoring,1
2026-09-21T15:49:15.592Z,tgm/token-ohlcv,5f6c651a20a2f02d34c6945d095ce27f,200,1,1229,monitoring,1
2026-09-21T15:49:16.984Z,tgm/flow-intelligence,0e7b9e5d3a8a29445f67544a2d000472,200,1,1389,monitoring,1
2026-09-21T15:49:18.866Z,tgm/flow-intelligence,e817f63e43330013121c434b3f328774,200,1,1879,monitoring,1
2026-09-21T15:49:20.502Z,tgm/who-bought-sold,52cfb1736052721f63c2436a41e51d14,200,1,1633,monitoring,1
2026-09-21T15:49:22.041Z,tgm/flow-intelligence,99f3045ed466945f6ea83e10cbbac623,200,1,1532,monitoring,1
2026-09-21T15:49:23.083Z,tgm/token-ohlcv,4e60df64240ef52351fcbb6daf1e0c7b,200,1,1039,monitoring,1
2026-09-21T15:49:24.286Z,tgm/flow-intelligence,b870500abcce630caebacc125c1ddc1e,200,1,1017,monitoring,1
2026-09-21T15:49:26.544Z,tgm/flow-intelligence,d0f3f9768c7ddb7cbdc23c21f275e25d,200,1,2255,monitoring,1
2026-09-21T15:49:27.774Z,tgm/who-bought-sold,508b5729ab368c1bc0009268d139a827,200,1,1225,monitoring,1
2026-09-21T15:49:28.791Z,tgm/flow-intelligence,f931af458ead4c4496c48b50d0c3f811,200,1,976,monitoring,1
2026-09-21T15:49:29.922Z,tgm/token-ohlcv,b0ffb7030e9499323cc6215551ff8a47,200,1,1128,monitoring,1
2026-09-21T15:49:31.133Z,tgm/flow-intelligence,8d7b061d1115993e859ef6406201512d,200,1,1208,monitoring,1
2026-09-21T15:49:32.180Z,tgm/flow-intelligence,bf419276e956301dff26e17a9a3ca61e,200,1,1039,monitoring,1
2026-09-21T15:49:32.895Z,tgm/who-bought-sold,2a23722a437d497b5aa07e5aa446360b,200,1,709,monitoring,1
2026-09-21T15:49:33.909Z,tgm/flow-intelligence,5a3d2630f72b04137d4b883153aa1a36,200,1,1007,monitoring,1
2026-09-21T15:49:34.791Z,tgm/token-ohlcv,73f6ad10ea157a4acf936a718ae1230f,200,1,874,monitoring,1
2026-09-21T15:49:35.555Z,tgm/flow-intelligence,23a2553e1b62e910b2334700fe348579,200,1,761,monitoring,1
2026-09-21T15:49:36.653Z,tgm/flow-intelligence,268ad571e5754d33689f5675352a7d4d,200,1,1095,monitoring,1
2026-09-21T15:49:37.796Z,tgm/who-bought-sold,367aef4dd2fac03cf90d0748ccba5b55,200,1,1124,monitoring,1
2026-09-21T15:49:38.941Z,tgm/flow-intelligence,68db4773e6a6f302559e252851c5c70a,200,1,1136,monitoring,1
2026-09-21T15:49:41.798Z,tgm/token-ohlcv,2ef6396a1f3c6c665dd2091d52176a08,200,1,1626,monitoring,1
2026-09-21T15:49:42.519Z,tgm/flow-intelligence,f5d66a31531cb60f16bb5757bced4a1f,200,1,717,monitoring,1
2026-09-21T15:49:43.338Z,tgm/flow-intelligence,1bb9560fccec843d8fedc00f49af9079,200,1,814,monitoring,1
2026-09-21T15:49:44.359Z,tgm/who-bought-sold,2b9c39637ed4062e2e70ee5953b34221,200,1,715,monitoring,1
2026-09-21T15:49:45.279Z,tgm/flow-intelligence,c08c351034e7cd17f0c1624f258c4360,200,1,909,monitoring,1
2026-09-21T15:49:46.715Z,tgm/token-ohlcv,76c0d128cfa4605c860d6400fa5dfa17,200,1,1434,monitoring,1
2026-09-21T15:49:49.702Z,tgm/flow-intelligence,71e52456b4c7ea11d79493473e3f6653,200,1,2983,monitoring,1
2026-09-21T15:49:50.413Z,tgm/flow-intelligence,7685451e2b407e72b0baf90fc5369b14,200,1,707,monitoring,1
2026-09-21T15:49:51.033Z,tgm/who-bought-sold,3c5cfb2d9acc9005b91c2f6cdc2d4961,200,1,617,monitoring,1
2026-09-21T15:49:51.829Z,tgm/flow-intelligence,c76be10c0a14825ca2066676e092e54c,200,1,788,monitoring,1
2026-09-21T15:49:53.264Z,tgm/token-ohlcv,a5d45f225890f27bf70bb66b5b4b767d,200,1,1433,monitoring,1
2026-09-21T15:49:53.991Z,tgm/flow-intelligence,74dbdc1cd778be58ca93de703c47be29,200,1,723,monitoring,1
2026-09-21T15:49:54.928Z,tgm/flow-intelligence,9327bb683de9767ad668e1359af5ef52,200,1,934,monitoring,1
2026-09-21T15:49:56.488Z,tgm/who-bought-sold,39ac4b2955617827e22865381a398c5e,200,1,1356,monitoring,1
2026-09-21T15:49:57.457Z,tgm/flow-intelligence,a55430371985a369bdafbc5b303c6673,200,1,957,monitoring,1
2026-09-21T15:50:01.389Z,tgm/token-ohlcv,b099896adeebab163fdcab4c7f37d06e,200,1,3927,monitoring,1
2026-09-21T15:50:08.022Z,tgm/flow-intelligence,0016956f3367dd186289d1618bf8d06e,200,1,6630,monitoring,1
2026-09-21T15:50:08.841Z,tgm/flow-intelligence,3647db3e450a94724816c51fa3b4f45a,200,1,813,monitoring,1
2026-09-21T15:50:09.610Z,tgm/who-bought-sold,b2f3e8581fd3324083cf2865f693a639,200,1,764,monitoring,1
2026-09-21T15:50:10.372Z,tgm/flow-intelligence,875595742739c23e616ffa3471715507,200,1,749,monitoring,1
2026-09-21T15:50:10.982Z,tgm/token-ohlcv,33bb226591bed5580af6db139a42c977,200,1,606,monitoring,1
2026-09-21T15:50:11.700Z,tgm/flow-intelligence,e2c6f528b6c0711664a81f1490e6111f,200,1,717,monitoring,1
2026-09-21T15:50:12.719Z,tgm/flow-intelligence,f5e9a67e5e491367b6885a13019f9319,200,1,1014,monitoring,1
2026-09-21T15:50:13.948Z,tgm/who-bought-sold,e83f675772a30219488ef457acc37661,200,1,630,monitoring,1
2026-09-21T15:50:14.976Z,tgm/flow-intelligence,11ef3b3fc3af1276c35c10349faa4246,200,1,1015,monitoring,1
2026-09-21T15:50:24.824Z,tgm/token-ohlcv,3af76e28b22c5d3740802c6206ef8d11,200,1,9844,monitoring,1
2026-09-21T15:50:25.759Z,tgm/flow-intelligence,8b76076bb85baf79cfc3d44564731033,200,1,933,monitoring,1
2026-09-21T15:50:26.630Z,tgm/flow-intelligence,0bfa985f9d97d7742d9be21b8675450d,200,1,868,monitoring,1
2026-09-21T15:50:27.788Z,tgm/who-bought-sold,a05fb33744baa62bd7daff038a56cf42,200,1,1154,monitoring,1
2026-09-21T15:50:28.528Z,tgm/flow-intelligence,db1dc1676aa98e2817c18d1194dcf146,200,1,731,monitoring,1
2026-09-21T15:50:29.398Z,tgm/token-ohlcv,ddaeef1cc2e2ad5ca6e95b48b1062327,200,1,862,monitoring,1
2026-09-21T15:50:31.416Z,tgm/flow-intelligence,36b5c86034a00e7ff7621038dc12d069,200,1,2015,monitoring,1
2026-09-21T15:50:32.384Z,tgm/flow-intelligence,8f64726f2fcf810ba9570b58d018d737,200,1,966,monitoring,1
2026-09-21T15:50:33.100Z,tgm/who-bought-sold,6c1f7138d448616863d9aa627b3d8c38,200,1,711,monitoring,1
2026-09-21T15:50:33.816Z,tgm/flow-intelligence,554ab966a1cbbe47a3279a1a968f1f6f,200,1,706,monitoring,1
2026-09-21T15:50:35.975Z,tgm/token-ohlcv,7abd8f64c9e9424956f71a3648e2ba13,200,1,2156,monitoring,1
2026-09-21T15:50:37.219Z,tgm/flow-intelligence,fc0bd106ace28a1963ecf41080211d1b,200,1,1242,monitoring,1
2026-09-21T15:50:39.024Z,tgm/flow-intelligence,df61ca45b928337264b6397299e17753,200,1,1800,monitoring,1
2026-09-21T15:50:41.010Z,tgm/who-bought-sold,fe354561b9468373aa4f7d7a4d17cf27,200,1,1399,monitoring,1
2026-09-21T15:50:43.669Z,tgm/flow-intelligence,800a1e62ae993b6ea7520f6116317f13,200,1,2644,monitoring,1
2026-09-21T15:50:44.720Z,tgm/token-ohlcv,d5eba329e068726fd4ad2b5aa53b4f4c,200,1,828,monitoring,1
2026-09-21T15:50:45.749Z,tgm/flow-intelligence,f4b8ad52225ef7165cc22f3b369d1d59,200,1,990,monitoring,1
2026-09-21T15:50:46.739Z,tgm/flow-intelligence,d5accf3f73356b063ad7d249f67c5f75,200,1,985,monitoring,1
2026-09-21T15:50:47.641Z,tgm/who-bought-sold,8f62ed6e8aea567ef0965e0a5b1f303c,200,1,900,monitoring,1
2026-09-21T15:50:48.717Z,tgm/flow-intelligence,afa3ff345620de029c48dd27c90cae30,200,1,1041,monitoring,1
2026-09-21T15:50:50.113Z,tgm/token-ohlcv,fdc1fd7ea06c3f348228227829478427,200,1,1392,monitoring,1
2026-09-21T15:50:52.364Z,tgm/flow-intelligence,2133a04dda504c04267d2203ad9c7f0d,200,1,2248,monitoring,1
2026-09-21T15:50:53.374Z,tgm/flow-intelligence,5df301653ad3a47f91d2b14f1a3bd51b,200,1,968,monitoring,1
2026-09-21T15:50:54.607Z,tgm/who-bought-sold,1de99a67f45deb3868d0cc78d457f34b,200,1,772,monitoring,1
2026-09-21T15:50:55.652Z,tgm/flow-intelligence,265e2f44b39d4565292c904420a1a164,200,1,1016,monitoring,1
2026-09-21T15:50:56.422Z,tgm/token-ohlcv,0fa97f0ddf1a221b5b477d1a01b99b45,200,1,622,monitoring,1
2026-09-21T15:50:57.601Z,tgm/flow-intelligence,3af05b2dd00a5821135fc90fc975551e,200,1,1146,monitoring,1
2026-09-21T15:50:58.640Z,tgm/flow-intelligence,d7a55b6619d73b1a5014fc17da74fd63,200,1,1011,monitoring,1
2026-09-21T15:51:00.055Z,tgm/who-bought-sold,090cdb12b666393f049c08268a3c2b0e,200,1,884,monitoring,1
2026-09-21T15:51:01.356Z,tgm/flow-intelligence,a9da286b1325e206f0094b06db173236,200,1,1265,monitoring,1
2026-09-21T15:51:02.603Z,tgm/token-ohlcv,c350920695fcc464d3037b7a22aa5411,200,1,1116,monitoring,1
2026-09-21T15:51:03.669Z,tgm/flow-intelligence,7ddf6a1ee86b29396ed8fb7661760c6f,200,1,1035,monitoring,1
2026-09-21T15:51:04.868Z,tgm/flow-intelligence,0b543e2ca5ed2818c9c8f63fd7a4af28,200,1,1168,monitoring,1
2026-09-21T15:51:06.507Z,tgm/who-bought-sold,30f1921371c5632307572035f9ca457a,200,1,1201,monitoring,1
2026-09-21T15:51:07.669Z,tgm/flow-intelligence,8c4c66186849eb662b00912e1cfc793f,200,1,1151,monitoring,1
2026-09-21T15:51:09.313Z,tgm/token-ohlcv,ba0b9962b0526525c4f1b45a69888a32,200,1,1483,monitoring,1
2026-09-21T15:51:10.176Z,tgm/flow-intelligence,442c9a75ec4ec411b592707013a69315,200,1,860,monitoring,1
2026-09-21T15:51:11.314Z,tgm/flow-intelligence,155f792a1622771513c6bd4583fb4553,200,1,1135,monitoring,1
2026-09-21T15:51:12.673Z,tgm/who-bought-sold,1f5a342be6c41f102ecebc704d316337,200,1,950,monitoring,1
2026-09-21T15:51:13.844Z,tgm/flow-intelligence,211e1503d94f99629fd8b01d1c892b1a,200,1,1160,monitoring,1
2026-09-21T15:51:15.121Z,tgm/token-ohlcv,7fa5564541474c64b49b807910aeb86e,200,1,1274,monitoring,1
2026-09-21T15:51:16.145Z,tgm/flow-intelligence,c8182b0a609ba807b9a6ea1a10d00c77,200,1,1022,monitoring,1
2026-09-21T15:51:17.519Z,tgm/flow-intelligence,68b4832b276bd77e86d45b48379b8842,200,1,1372,monitoring,1
2026-09-21T15:51:20.531Z,tgm/who-bought-sold,ae3f2c038fec514a582de9502a956952,200,1,2209,monitoring,1
2026-09-21T15:51:21.720Z,tgm/flow-intelligence,b2f8e175e4582e65fbb405612fddcc53,200,1,1177,monitoring,1
2026-09-21T15:51:23.202Z,tgm/token-ohlcv,8db21222e72d9464bf344d11a3149400,200,1,1478,monitoring,1
2026-09-21T15:51:24.184Z,tgm/flow-intelligence,8c4a97128fba4b4b35c79c2bbb93ef1d,200,1,979,monitoring,1
2026-09-21T15:51:25.292Z,tgm/flow-intelligence,c066b8169753cf239c952e71cb68b571,200,1,1105,monitoring,1
2026-09-21T15:51:27.463Z,tgm/who-bought-sold,88c58969231635459b33630a1410217c,200,1,1914,monitoring,1
2026-09-21T15:51:28.080Z,tgm/flow-intelligence,e52cb84c38ecfd524100c01cbad4ac25,200,1,515,monitoring,1
2026-09-21T15:51:30.397Z,tgm/token-ohlcv,3526353e2c44f3563f08ee371c585d71,200,1,1147,monitoring,1
2026-09-21T15:51:31.676Z,tgm/flow-intelligence,8bab645e0f946f5b10503a3464cd466f,200,1,1275,monitoring,1
2026-09-21T15:51:32.559Z,tgm/flow-intelligence,6d7a5031304f036cad5396399c5a772b,200,1,877,monitoring,1
2026-09-21T15:51:34.036Z,tgm/who-bought-sold,313d3110a0379a65e4e1ef2d0d48df4a,200,1,850,monitoring,1
2026-09-21T15:51:35.163Z,tgm/flow-intelligence,6029ac144220920ba287032fd98e0762,200,1,1114,monitoring,1
2026-09-21T15:51:36.466Z,tgm/token-ohlcv,a6902043bee73b0964d43671f7dec81c,200,1,1064,monitoring,1
2026-09-21T15:51:37.622Z,tgm/flow-intelligence,3d7b423a94799e46877f2c6e1d902b5b,200,1,1152,monitoring,1
2026-09-21T15:51:38.652Z,tgm/flow-intelligence,458d795189da6113580a0e3eeb1d9a14,200,1,1026,monitoring,1
2026-09-21T15:51:40.574Z,tgm/who-bought-sold,a513c86d8b81f53ec8aaae12bb762661,200,1,1165,monitoring,1
2026-09-21T15:51:41.736Z,tgm/flow-intelligence,039b24022b503e627497a934848a1530,200,1,1151,monitoring,1
2026-09-21T15:51:43.068Z,tgm/token-ohlcv,72455868f60b962805e05e0fa8b7fc49,200,1,1324,monitoring,1
2026-09-21T15:51:44.176Z,tgm/flow-intelligence,88e5b118d6760e59b1a94c1123f7093e,200,1,1105,monitoring,1
2026-09-21T15:51:45.631Z,tgm/flow-intelligence,aad62f7ed82d0b34254f3870151b596c,200,1,1451,monitoring,1
2026-09-21T15:51:46.997Z,tgm/who-bought-sold,a66d511c10b86615e35b0a3e54c4087a,200,1,669,monitoring,1
2026-09-21T15:51:48.265Z,tgm/flow-intelligence,ef1ef4012516460a6a18e54668b46658,200,1,1258,monitoring,1
2026-09-21T15:51:50.081Z,tgm/token-ohlcv,8900871f0ecd2917ed859b096dc4d131,200,1,1813,monitoring,1
2026-09-21T15:51:54.965Z,tgm/flow-intelligence,f42e8e2fac570e6cb8ec0556261bb868,200,1,4874,monitoring,1
2026-09-21T15:52:05.654Z,tgm/flow-intelligence,e9e6554c43c7472a3ce49c66d0f7776a,200,1,10685,monitoring,1
2026-09-21T15:52:06.729Z,tgm/flow-intelligence,6021384e82a2da4752de620c26a53528,200,1,1062,monitoring,1
2026-09-21T15:52:08.150Z,tgm/token-ohlcv,e1528a36f64b3d3d44951032b78cdf50,200,1,1195,monitoring,1
2026-09-21T15:52:09.496Z,tgm/flow-intelligence,fe80b60f9f492c1784e7d05ff7f5b569,200,1,1343,monitoring,1
2026-09-21T15:52:11.101Z,tgm/flow-intelligence,6061641bf0bce67b0e81c60c4d9e5e7e,200,1,1601,monitoring,1
2026-09-21T15:52:12.450Z,tgm/who-bought-sold,3949593f0eaf3337268d4c49cc89bf10,200,1,856,monitoring,1
2026-09-21T15:52:13.463Z,tgm/flow-intelligence,1e4c0a44898ecb33adf5150e7003f272,200,1,1004,monitoring,1
2026-09-21T15:52:14.869Z,tgm/token-ohlcv,45482064b64cb9645abc1a6871f5515d,200,1,1399,monitoring,1
2026-09-21T15:52:15.772Z,tgm/flow-intelligence,3c215f53b8f52a64cce1be63b7eeda68,200,1,900,monitoring,1
2026-09-21T15:52:16.753Z,tgm/flow-intelligence,4987430477690f0476726834962e272c,200,1,980,monitoring,1
2026-09-21T15:52:18.372Z,tgm/who-bought-sold,f8beed42dc42775413a8227d34e04c16,200,1,1211,monitoring,1
2026-09-21T15:52:19.317Z,tgm/flow-intelligence,5e869d42c0c2682aa4676a432ba59713,200,1,938,monitoring,1
2026-09-21T15:52:20.930Z,tgm/token-ohlcv,eb46775be25724778a927334807f1914,200,1,1609,monitoring,1
2026-09-21T15:52:22.069Z,tgm/flow-intelligence,faf2965c6d1f6c0c712a482b6ab11815,200,1,1137,monitoring,1
2026-09-21T15:52:23.333Z,tgm/flow-intelligence,98ef751d3cbbe2205af54b6531cade64,200,1,1263,monitoring,1
2026-09-21T15:52:24.408Z,tgm/who-bought-sold,d400120d355eee375ba03425946f7f78,200,1,651,monitoring,1
2026-09-21T15:52:26.572Z,tgm/flow-intelligence,a20cc00e1c75bd191b80f1121ef5106b,200,1,2153,monitoring,1
2026-09-21T15:52:29.791Z,tgm/token-ohlcv,b04a4604639f8f3fb4cdd92baa43e133,200,1,3161,monitoring,1
2026-09-21T15:52:30.892Z,tgm/flow-intelligence,60785d048ad5c61dae7a182463a9e11f,200,1,1097,monitoring,1
2026-09-21T15:52:31.931Z,tgm/flow-intelligence,1e39a20539725503e0b4f7330e326251,200,1,1036,monitoring,1
2026-09-21T15:52:33.154Z,tgm/who-bought-sold,0b1f137f2b4e5b5eb1d45a49e7d33867,200,1,794,monitoring,1
2026-09-21T15:52:34.065Z,tgm/flow-intelligence,61ee3e266e8784567bd89332ed439863,200,1,904,monitoring,1
2026-09-21T15:52:35.258Z,tgm/token-ohlcv,6504c21e40d77a3bf451c0061eb9e055,200,1,1186,monitoring,1
2026-09-21T15:52:36.035Z,tgm/flow-intelligence,f13adc5d71468932b6cc3011bcfe6e4b,200,1,775,monitoring,1
2026-09-21T15:52:36.944Z,tgm/flow-intelligence,42354b0a06ee1c2e35487d6399dd8576,200,1,906,monitoring,1
2026-09-21T15:52:37.777Z,tgm/who-bought-sold,c1382c661b890a57abc35856ad7a136c,200,1,799,monitoring,1
2026-09-21T15:52:38.669Z,tgm/flow-intelligence,c3c9264440bbe42fcdfd4b4ab6106101,200,1,887,monitoring,1
2026-09-21T15:52:39.729Z,tgm/token-ohlcv,d545f71002dce539a3685701967e2377,200,1,944,monitoring,1
2026-09-21T15:52:40.656Z,tgm/flow-intelligence,71045c0e54ce7a67613edd5251093338,200,1,923,monitoring,1
2026-09-21T15:52:41.471Z,tgm/flow-intelligence,650cb910b723e77fd377f41159faf010,200,1,812,monitoring,1
2026-09-21T15:52:42.547Z,tgm/who-bought-sold,7152be23fd6fcc2eb5f9e30a64be2810,200,1,724,monitoring,1
2026-09-21T15:52:43.359Z,tgm/flow-intelligence,fbdef654ffd93720902393181944e765,200,1,806,monitoring,1
2026-09-21T15:52:44.091Z,tgm/token-ohlcv,8a515332ece9843b68813c73c9ca7913,200,1,665,monitoring,1
2026-09-21T15:52:44.891Z,tgm/flow-intelligence,1a6d555808918c0d04b87d2d7f790e69,200,1,798,monitoring,1
2026-09-21T15:52:45.936Z,tgm/flow-intelligence,d30c1a2819c7c928dffb81095d5e6d5a,200,1,1039,monitoring,1
2026-09-21T15:52:46.659Z,tgm/who-bought-sold,2d1f1124d7b22b082b8f1a5e517e8934,200,1,720,monitoring,1
2026-09-21T15:52:47.625Z,tgm/flow-intelligence,29358d3df5d53c0116ab92728fc3032b,200,1,959,monitoring,1
2026-09-21T15:52:48.381Z,tgm/token-ohlcv,c069086fc39eb222093e681c054c1769,200,1,589,monitoring,1
2026-09-21T15:52:49.183Z,tgm/flow-intelligence,39f0f840163be92b463b5724e0461548,200,1,792,monitoring,1
2026-09-21T15:52:50.732Z,tgm/token-ohlcv,95a9c756b1ed490ccd21064c9b3e1373,200,1,1376,monitoring,1
2026-09-21T16:01:54.653Z,tgm/flow-intelligence,7c40e43ed7b24d586537d9118d27fa1b,200,1,2589,monitoring,1
2026-09-21T16:01:56.142Z,tgm/token-ohlcv,e28ae5028cb8561026afd65e8297cd6b,200,1,1480,monitoring,1
2026-09-21T16:01:57.852Z,tgm/flow-intelligence,9595184fafc8b151fc2bc5232e887e14,200,1,1702,monitoring,1
2026-09-21T16:01:58.809Z,tgm/token-ohlcv,7584d351784c9c70aa94c97c7d6e2b0d,200,1,935,monitoring,1
2026-09-21T16:01:59.836Z,tgm/flow-intelligence,473c5c6d37da5726c128f93747025a4c,200,1,1020,monitoring,1
2026-09-21T16:02:01.067Z,tgm/token-ohlcv,75aa0910fd200b27f4e0de50a4f6df7c,200,1,1226,monitoring,1
2026-09-21T16:02:02.693Z,tgm/flow-intelligence,3c826136e56ddf69b1751f41084a1e29,200,1,1619,monitoring,1
2026-09-21T16:02:03.592Z,tgm/token-ohlcv,8f1346279db858636e210311cabea274,200,1,894,monitoring,1
2026-09-21T16:02:04.849Z,tgm/flow-intelligence,9870915c8e2c6144a5cb0c2664d99516,200,1,1249,monitoring,1
2026-09-21T16:02:05.798Z,tgm/token-ohlcv,49f7062db6ad8d7cf301f82008d28430,200,1,945,monitoring,1
2026-09-21T16:02:06.639Z,tgm/flow-intelligence,e72a5c0826864d726ca11416e85fe70a,200,1,834,monitoring,1
2026-09-21T16:02:07.636Z,tgm/token-ohlcv,43dc8d4ecdc2372a20d6e440c4966740,200,1,994,monitoring,1
2026-09-21T16:02:08.637Z,tgm/flow-intelligence,83b07e3f40e0b370ef75d20e2a8f7257,200,1,995,monitoring,1
2026-09-21T16:02:09.458Z,tgm/token-ohlcv,89c4116b80151e29bf38cd0b2865c445,200,1,818,monitoring,1
2026-09-21T16:02:10.143Z,tgm/flow-intelligence,769bf440fd22e223de527d3340a7fc47,200,1,672,monitoring,1
2026-09-21T16:02:10.848Z,tgm/token-ohlcv,4519410dfde2301001472e7a4c74bb27,200,1,686,monitoring,1
2026-09-21T16:02:11.708Z,tgm/flow-intelligence,b843ad5943c9983c0d6f444429e67761,200,1,855,monitoring,1
2026-09-21T16:02:13.042Z,tgm/token-ohlcv,a4d4d8492d8ebf3854a1ff5f7f6aa65e,200,1,1330,monitoring,1
2026-09-21T16:03:14.532Z,tgm/flow-intelligence,c1c510530a6a8f74e045da47b74f854c,200,1,1373,monitoring,1
2026-09-21T16:03:16.127Z,tgm/token-ohlcv,b3146677d18689099fbefc7dac0beb4d,200,1,1585,monitoring,1
2026-09-21T16:03:16.832Z,tgm/flow-intelligence,8f253f249e5c955fc5ff490566c79348,200,1,693,monitoring,1
2026-09-21T16:03:17.436Z,tgm/token-ohlcv,564de96f983d501ea0e5bc4859227405,200,1,597,monitoring,1
2026-09-21T16:03:18.247Z,tgm/flow-intelligence,8adfd368b17bac3688002d4287daab64,200,1,794,monitoring,1
2026-09-21T16:03:18.907Z,tgm/token-ohlcv,807311614434dc3de4ce2f0aad949978,200,1,652,monitoring,1
2026-09-21T16:03:19.801Z,tgm/flow-intelligence,c602f73b55a4bc1f7a8c726a39dfaa41,200,1,887,monitoring,1
2026-09-21T16:03:20.417Z,tgm/token-ohlcv,fc2b035a8c4a62510cacd84478ff0c47,200,1,614,monitoring,1
2026-09-21T16:03:21.073Z,tgm/flow-intelligence,5a576f6a83da83724225a52251f3036e,200,1,646,monitoring,1
2026-09-21T16:03:22.258Z,tgm/token-ohlcv,3a6f832b9b1b2c6b6f66397fdefd2526,200,1,917,monitoring,1
2026-09-21T16:03:23.904Z,tgm/flow-intelligence,42937227c0ca467d64925c0ea8864256,200,1,1638,monitoring,1
2026-09-21T16:03:25.044Z,tgm/token-ohlcv,192b85388bdf4a4d01ec2956a2b8e00b,200,1,1135,monitoring,1
2026-09-21T16:03:25.744Z,tgm/flow-intelligence,1bf8c8434458ab11627a8710b5ccd70c,200,1,691,monitoring,1
2026-09-21T16:03:26.444Z,tgm/token-ohlcv,15153d62b83a89401b85551a17e57d64,200,1,693,monitoring,1
2026-09-21T16:03:27.285Z,tgm/flow-intelligence,13adac7a4effde79b907854baa771557,200,1,832,monitoring,1
2026-09-21T16:03:28.725Z,tgm/token-ohlcv,baf5b020c95f670d9bada06b96f14e29,200,1,1437,monitoring,1
2026-09-21T16:03:29.732Z,tgm/flow-intelligence,f344db5f084dba3d047aa055c12c8f1f,200,1,1004,monitoring,1
2026-09-21T16:03:30.367Z,tgm/token-ohlcv,1359ea7252b30f451070744ffcef6f6d,200,1,629,monitoring,1
2026-09-21T16:03:31.286Z,tgm/flow-intelligence,cf84936df7402744558de6301d073d3f,200,1,909,monitoring,1
2026-09-21T16:03:32.420Z,tgm/token-ohlcv,2d1c27604e69bf5e7ef71c08e1aec76b,200,1,1131,monitoring,1
2026-09-21T16:03:33.785Z,tgm/flow-intelligence,c885be5cc737237a7d4dec3525316c79,200,1,1356,monitoring,1
2026-09-21T16:03:34.548Z,tgm/token-ohlcv,fe7251745961802e9b7bf3310c773f12,200,1,759,monitoring,1
2026-09-21T16:04:36.198Z,tgm/flow-intelligence,3e6bdd4bd9fb6906b432a445fa23334b,200,1,1506,monitoring,1
2026-09-21T16:04:36.933Z,tgm/token-ohlcv,25bd0d450f7c522caaf537094c28f508,200,1,733,monitoring,1
2026-09-21T16:04:37.892Z,tgm/flow-intelligence,25ac77631f23db02333d74729c5c4307,200,1,954,monitoring,1
2026-09-21T16:04:38.830Z,tgm/token-ohlcv,fc84b44404f9187c102c144c82ffec3e,200,1,865,monitoring,1
2026-09-21T16:04:39.678Z,tgm/flow-intelligence,eaa973187cc261591a90950fa61c537a,200,1,843,monitoring,1
2026-09-21T16:04:40.396Z,tgm/token-ohlcv,0b9a4e74bac03f12233c390f504ad469,200,1,714,monitoring,1
2026-09-21T16:04:41.218Z,tgm/flow-intelligence,23fb3639c0e3a221e3e50b4ee1a96029,200,1,815,monitoring,1
2026-09-21T16:04:41.828Z,tgm/token-ohlcv,80a71074dff16a75a9423b32a5538857,200,1,607,monitoring,1
2026-09-21T16:04:42.751Z,tgm/flow-intelligence,787122112fb8b15d8aaa4f666b057f60,200,1,919,monitoring,1
2026-09-21T16:04:43.758Z,tgm/token-ohlcv,fdfcdf453efa443c1ebfbc5e16247c62,200,1,1006,monitoring,1
2026-09-21T16:04:48.536Z,tgm/flow-intelligence,03a0003ae97267591dc7c56016591d28,200,1,4762,monitoring,1
2026-09-21T16:04:49.116Z,tgm/token-ohlcv,ada2b146e4817665037d21674a77400e,200,1,577,monitoring,1
2026-09-21T16:04:50.019Z,tgm/flow-intelligence,d6bcc82ff10e67517a9f1454451a074a,200,1,899,monitoring,1
2026-09-21T16:04:51.147Z,tgm/token-ohlcv,c4311135f21a1766034363216ce3446b,200,1,1126,monitoring,1
2026-09-21T16:04:52.171Z,tgm/flow-intelligence,2606dc243bf4621551b9865e4b764636,200,1,1018,monitoring,1
2026-09-21T16:04:53.778Z,tgm/token-ohlcv,7ffa0f09afb5b81dceb30c5b885b3f6b,200,1,1328,monitoring,1
2026-09-21T16:04:54.631Z,tgm/flow-intelligence,069c007e6655985b22429072cfd76414,200,1,850,monitoring,1
2026-09-21T16:04:56.574Z,tgm/token-ohlcv,1c76e67aed6d745f7fb0e310ba755e21,200,1,1119,monitoring,1
2026-09-21T16:04:57.582Z,tgm/flow-intelligence,0682bf460a707f3194aea52f0ce53a23,200,1,1001,monitoring,1
2026-09-21T16:04:58.313Z,tgm/token-ohlcv,8c959b612b980139095b822d7c46652a,200,1,728,monitoring,1
2026-09-21T16:06:00.474Z,tgm/flow-intelligence,418ced783b28ba3a1b42e36964145266,200,1,1992,monitoring,1
2026-09-21T16:06:01.933Z,tgm/token-ohlcv,d12b062053cba57532458075886d2171,200,1,1455,monitoring,1
2026-09-21T16:06:04.302Z,tgm/flow-intelligence,27a1ca6f20403351c94c49637de65536,200,1,2360,monitoring,1
2026-09-21T16:06:06.785Z,tgm/token-ohlcv,3a998531a5fa5c62dd63ae4a9048f954,200,1,2340,monitoring,1
2026-09-21T16:06:07.640Z,tgm/flow-intelligence,db8dc664bc9e974d8230d11b1efca502,200,1,847,monitoring,1
2026-09-21T16:06:08.406Z,tgm/token-ohlcv,de6d6551d4ae15537d521f1627eb1852,200,1,698,monitoring,1
2026-09-21T16:06:09.786Z,tgm/flow-intelligence,7a81b80b6dc2d521a01aee3b924f694c,200,1,1142,monitoring,1
2026-09-21T16:06:10.406Z,tgm/token-ohlcv,df5b2e5b6e7dbc14f6e57e259673ce3b,200,1,602,monitoring,1
2026-09-21T16:06:11.431Z,tgm/flow-intelligence,e60a151ae9b0a116dba4e12a3cf48c59,200,1,1015,monitoring,1
2026-09-21T16:06:12.862Z,tgm/token-ohlcv,6df7f009f99214521de1fa76a87e466a,200,1,1426,monitoring,1
2026-09-21T16:14:16.950Z,tgm/flow-intelligence,ddaddc2918dae16b2155e326b5347562,200,1,2970,monitoring,1
2026-09-21T16:14:18.450Z,tgm/token-ohlcv,b5c1db3ed0fd6d11894760632e384530,200,1,1496,monitoring,1
2026-09-21T16:14:19.675Z,tgm/flow-intelligence,cd8bfe1d27e0a212fe2fbb6edcf39e45,200,1,1195,monitoring,1
2026-09-21T16:14:20.854Z,tgm/token-ohlcv,ea29d107e2fe4328f8e76858a464a574,200,1,1177,monitoring,1
2026-09-21T16:14:21.392Z,tgm/flow-intelligence,8e061a45fdd2683823d44a6f84e67365,200,1,526,monitoring,1
2026-09-21T16:14:22.687Z,tgm/token-ohlcv,580d1934e529884b5856b87f7cd9de78,200,1,1293,monitoring,1
2026-09-21T16:14:24.491Z,tgm/flow-intelligence,054a4f00675b01394bc46e2860e1dc49,200,1,1798,monitoring,1
2026-09-21T16:14:25.908Z,tgm/token-ohlcv,d841a7317570f913014c4a08c4a20e4b,200,1,1408,monitoring,1
2026-09-21T16:14:27.515Z,tgm/flow-intelligence,7609b331dd4752780772bb448f0e437b,200,1,1597,monitoring,1
2026-09-21T16:14:28.301Z,tgm/token-ohlcv,cee79532353b3f4c56006919a6bccf2e,200,1,776,monitoring,1
2026-09-21T16:14:29.210Z,tgm/flow-intelligence,2c52247dd8e76b2218b3975352667277,200,1,901,monitoring,1
2026-09-21T16:14:30.844Z,tgm/token-ohlcv,e8529a63d3f9f3535a3aec6c3c981460,200,1,1628,monitoring,1
2026-09-21T16:14:32.191Z,tgm/flow-intelligence,dbdd085dd2470d6a307cae55908a9242,200,1,1340,monitoring,1
2026-09-21T16:14:33.138Z,tgm/token-ohlcv,1fdb9d37d595e46ee39e0439b33da253,200,1,943,monitoring,1
2026-09-21T16:14:33.942Z,tgm/flow-intelligence,4d92dd30c78aa81c6106e56fdd521430,200,1,794,monitoring,1
2026-09-21T16:14:35.137Z,tgm/token-ohlcv,d12f62308dc1e17e3be2182c1729a153,200,1,1193,monitoring,1
2026-09-21T16:14:35.961Z,tgm/flow-intelligence,f0ae69388e2cec661ef5a8415740497b,200,1,819,monitoring,1
2026-09-21T16:14:36.828Z,tgm/token-ohlcv,52cd42502adfaf57fc02182ec62c7740,200,1,862,monitoring,1
2026-09-21T16:15:42.140Z,tgm/flow-intelligence,4d80851664b5f5365d525c283522503d,200,1,4949,monitoring,1
2026-09-21T16:15:44.456Z,tgm/token-ohlcv,b264c230976d1b554b6a955ac350e169,200,1,2302,monitoring,1
2026-09-21T16:15:46.018Z,tgm/flow-intelligence,f86e3e7a47d8565b163a2003000f1b4b,200,1,1536,monitoring,1
2026-09-21T16:15:48.043Z,tgm/token-ohlcv,cfd95c32acb63662327ecc4a29523750,200,1,2023,monitoring,1
2026-09-21T16:15:49.781Z,tgm/flow-intelligence,6c324a4035e5431ffa05de141b0a6a1e,200,1,1729,monitoring,1
2026-09-21T16:15:50.809Z,tgm/token-ohlcv,148b98476b73940562c82c4a0771b507,200,1,1024,monitoring,1
2026-09-21T16:15:51.633Z,tgm/flow-intelligence,7cec66244c31677a135fc63b0a02944a,200,1,808,monitoring,1
2026-09-21T16:15:52.345Z,tgm/token-ohlcv,4f58f430567f272ce7ced07a8edea071,200,1,707,monitoring,1
2026-09-21T16:15:53.371Z,tgm/flow-intelligence,51b7e8421406653fb3707940c9b9bc6a,200,1,826,monitoring,1
2026-09-21T16:15:54.500Z,tgm/token-ohlcv,4233f5745d21d01dc2790e116fb57346,200,1,1120,monitoring,1
2026-09-21T16:15:55.295Z,tgm/flow-intelligence,0e112832c035ca7fc1fba712d4170918,200,1,788,monitoring,1
2026-09-21T16:15:56.170Z,tgm/token-ohlcv,b2e1c954e178d26404dac47d14891b3b,200,1,862,monitoring,1
2026-09-21T16:15:57.075Z,tgm/flow-intelligence,7113550ff01cd47ab1a77f54c504b151,200,1,901,monitoring,1
2026-09-21T16:15:58.222Z,tgm/token-ohlcv,689e9552733d7402ce4f12764503b33f,200,1,1141,monitoring,1
2026-09-21T16:15:59.402Z,tgm/flow-intelligence,71e3742736c8ec1b289d803e47b29b3d,200,1,1166,monitoring,1
2026-09-21T16:16:01.975Z,tgm/token-ohlcv,649c1f4017b60b4aa7259a2f0f20f10a,200,1,2567,monitoring,1
2026-09-21T16:16:05.317Z,tgm/flow-intelligence,5f06da6f4aec7c497c4fdd456974426e,200,1,3333,monitoring,1
2026-09-21T16:16:08.394Z,tgm/token-ohlcv,bddd8133e17b90051db3250713c68437,200,1,3067,monitoring,1
2026-09-21T16:16:13.679Z,tgm/flow-intelligence,05473a733f1b452057ea2646b1aa8209,200,1,4113,monitoring,1
2026-09-21T16:16:59.718Z,tgm/flow-intelligence,bb232b74bd67105356e0166bffe24f69,200,1,44424,monitoring,1
2026-09-21T16:17:01.579Z,tgm/token-ohlcv,2f6fdc6870575d281736550b4044f643,200,1,1856,monitoring,1
2026-09-21T16:19:45.180Z,tgm/flow-intelligence,e54cf819baf4a47a6774e60760cd4a51,200,1,8227,monitoring,1
2026-09-21T16:19:46.132Z,tgm/token-ohlcv,c8f6851ad429925d8564d304716afa78,200,1,939,monitoring,1
2026-09-21T16:19:47.587Z,tgm/flow-intelligence,00094c007a13d25837d19a74c8ffd11a,200,1,1449,monitoring,1
2026-09-21T16:19:48.679Z,tgm/token-ohlcv,8323e52c1f4468696f94b7778c08a418,200,1,1087,monitoring,1
2026-09-21T16:19:49.511Z,tgm/flow-intelligence,e316fd0a5eaf5d7d875e995f3eee0454,200,1,587,monitoring,1
2026-09-21T16:19:50.674Z,tgm/token-ohlcv,7d37b9462d16637cb40d1609213c2b56,200,1,1153,monitoring,1
2026-09-21T16:19:56.184Z,tgm/flow-intelligence,5b439d3eecb91a060eb56442f1ce530a,200,1,5505,monitoring,1
2026-09-21T16:19:57.259Z,tgm/token-ohlcv,166f7128e6829a4b137eab2c31f3c042,200,1,1041,monitoring,1
2026-09-21T16:19:58.111Z,tgm/flow-intelligence,284417729b87024388fc220f83f48565,200,1,842,monitoring,1
2026-09-21T16:20:00.101Z,tgm/token-ohlcv,12a9325a7e49272b1b12e12c2ad6c56c,200,1,1983,monitoring,1
2026-09-21T16:20:01.097Z,tgm/flow-intelligence,7515971ff8f75a598ea12e144189ee76,200,1,985,monitoring,1
2026-09-21T16:20:03.010Z,tgm/token-ohlcv,7b4ded1f02618f1124ff2871e20ee232,200,1,1911,monitoring,1
2026-09-21T16:20:03.788Z,tgm/flow-intelligence,9cec931b451a9626a778550f78b5cc5d,200,1,770,monitoring,1
2026-09-21T16:20:04.446Z,tgm/token-ohlcv,952c0c76a2404e79d2e5c50b9b6f184f,200,1,654,monitoring,1
2026-09-21T16:20:05.666Z,tgm/flow-intelligence,154a8e44c78b6071ef7e825709820955,200,1,1212,monitoring,1
2026-09-21T16:20:06.402Z,tgm/token-ohlcv,0c890e6954a937590d386a7b8105e972,200,1,704,monitoring,1
2026-09-21T16:21:15.508Z,tgm/flow-intelligence,0ec84022e29f5251ed3e6c404a6be649,200,1,8908,monitoring,1
2026-09-21T16:21:16.354Z,tgm/token-ohlcv,04b6db5e48eeca7cd9a57f6417934774,200,1,840,monitoring,1
2026-09-21T16:21:17.244Z,tgm/flow-intelligence,004ac71c0a5d4a4ec48e1d0a1ce47b08,200,1,881,monitoring,1
2026-09-21T16:21:18.228Z,tgm/token-ohlcv,97afee46bf00d24ced9fda499b65ca25,200,1,980,monitoring,1
2026-09-21T16:21:18.989Z,tgm/flow-intelligence,c286ea032eb1eb22cbedc205c975874d,200,1,752,monitoring,1
2026-09-21T16:21:19.874Z,tgm/token-ohlcv,39c25324000a6a50a1994243d29a5d3d,200,1,883,monitoring,1
2026-09-21T16:21:20.861Z,tgm/flow-intelligence,ef2d381cb059fa747356f358a57d6964,200,1,980,monitoring,1
2026-09-21T16:21:21.652Z,tgm/token-ohlcv,617cd164706e0748a8182c2e46b36048,200,1,785,monitoring,1
2026-09-21T16:21:22.492Z,tgm/flow-intelligence,dcb94b7f56831a3c89c13a2eb503200a,200,1,831,monitoring,1
2026-09-21T16:21:23.370Z,tgm/token-ohlcv,9dbc02206b7504495ee3f10b1cee220b,200,1,854,monitoring,1
2026-09-21T16:24:59.212Z,search/general,5c516d60b275eb139e312d0f43400934,200,0,1562,search,1